row,timestamp,agent_id,merchant,category,amount_minor,currency,decision,outcome,evidence_refs
1,2026-07-01T00:33:20.000Z,agent-01,cobblestone-dev,cloud,22854,EUR,approved,captured,ev_b7xn5q
2,2026-07-01T00:34:00.000Z,agent-01,pierstone-pay,cloud,5813,EUR,approved,captured,ev_35ksqt
3,2026-07-01T00:34:40.000Z,agent-01,arkwright-domains,cloud,24608,EUR,approved,captured,ev_c3u8mv
4,2026-07-01T00:35:20.000Z,agent-01,meridian-cdn,cloud,6591,EUR,approved,captured,ev_qvvjv
5,2026-07-01T00:36:00.000Z,agent-01,railsgate,cloud,8089,EUR,approved,captured,ev_dylwis
6,2026-07-01T00:36:40.000Z,agent-01,northline-api,cloud,10841,EUR,approved,captured,ev_bb7cj5
7,2026-07-01T00:37:20.000Z,agent-01,pierstone-pay,cloud,9983,EUR,approved,captured,ev_8f8w02
8,2026-07-01T00:38:00.000Z,agent-01,juniper-ai,cloud,6849,EUR,approved,captured,ev_d2n5e
9,2026-07-01T00:38:40.000Z,agent-01,orchid-labs,cloud,5760,EUR,approved,captured,ev_g0gdax
10,2026-07-01T00:39:20.000Z,agent-01,juniper-ai,cloud,3010,EUR,approved,captured,ev_d6ry9l
11,2026-07-01T00:40:00.000Z,agent-01,beacon-auth,cloud,12211,EUR,approved,captured,ev_gdk3hq
12,2026-07-01T00:40:40.000Z,agent-01,granite-crm,cloud,8681,EUR,approved,captured,ev_fvhweq
13,2026-07-01T00:41:20.000Z,agent-01,atlas-mail,cloud,20033,EUR,approved,captured,ev_9qnky1
14,2026-07-01T00:42:00.000Z,agent-01,juniper-ai,cloud,14411,EUR,approved,captured,ev_58j1yg
15,2026-07-01T00:42:40.000Z,agent-01,quillpress,cloud,7046,EUR,approved,captured,ev_7yvvfw
16,2026-07-01T01:03:40.000Z,agent-21,lumen-post,office,8485,EUR,approved,captured,ev_dnxgsa
17,2026-07-01T01:14:32.000Z,agent-38,meridian-cdn,travel,10308,EUR,approved,captured,ev_33ck6v
18,2026-07-01T01:35:51.000Z,agent-14,summit-infra,advertising,14598,EUR,approved,captured,ev_2nwqqh
19,2026-07-01T02:42:01.000Z,agent-13,railsgate,office,17818,EUR,approved,failed,ev_f5sl43
20,2026-07-01T02:44:13.000Z,agent-31,cinderstack,domains,3325,EUR,approved,captured,ev_31b5jn
21,2026-07-01T03:03:41.000Z,agent-23,meridian-cdn,advertising,5435,EUR,approved,captured,ev_eh0khv
22,2026-07-01T03:35:28.000Z,agent-25,cobalt-cloud,software,31994,EUR,approved,captured,ev_9cmk98
23,2026-07-01T03:49:37.000Z,agent-11,beacon-auth,office,10480,EUR,approved,captured,ev_2x4kwd
24,2026-07-01T04:50:32.000Z,agent-05,quillpress,groceries,17346,EUR,approved,refunded,ev_15ar79
25,2026-07-01T05:29:33.000Z,agent-32,orchid-labs,domains,8412,EUR,approved,refunded,ev_7xpuam
26,2026-07-01T06:11:38.000Z,agent-15,cinderstack,domains,5071,EUR,approved,captured,ev_aok4w7
27,2026-07-01T07:14:36.000Z,agent-15,arkwright-domains,groceries,14636,EUR,approved,captured,ev_300564
28,2026-07-01T07:45:40.000Z,agent-30,bytehost,hosting,6808,EUR,approved,captured,ev_2qha0p
29,2026-07-01T07:58:50.000Z,agent-06,harbor-db,office,3241,EUR,approved,refunded,ev_4q8u7w
30,2026-07-01T08:00:33.000Z,agent-32,bytehost,hosting,11472,EUR,approved,captured,ev_14p3cq
31,2026-07-01T08:24:54.000Z,agent-34,vellum-crm,advertising,6642,EUR,approved,failed,ev_c5cjxj
32,2026-07-01T08:54:30.000Z,agent-01,bytehost,domains,9977,EUR,approved,captured,ev_6veta8
33,2026-07-01T09:13:45.000Z,agent-19,ferrite-tools,cloud,6685,EUR,approved,captured,ev_9slur1
34,2026-07-01T10:07:22.000Z,agent-22,pinecrest-apps,travel,3427,EUR,approved,captured,ev_4inlu9
35,2026-07-01T11:21:00.000Z,agent-32,arkwright-domains,office,17561,EUR,approved,captured,ev_69u0xv
36,2026-07-01T11:53:35.000Z,agent-31,bytehost,groceries,6811,EUR,approved,captured,ev_80fiz2
37,2026-07-01T12:55:46.000Z,agent-33,lumen-post,cloud,3149,EUR,approved,captured,ev_a3s0hj
38,2026-07-01T13:14:54.000Z,agent-39,atlas-mail,cloud,9167,EUR,approved,captured,ev_bwutb0
39,2026-07-01T14:10:18.000Z,agent-35,meridian-cdn,software,18563,EUR,approved,captured,ev_6tyhtr
40,2026-07-01T14:45:28.000Z,agent-19,railsgate,cloud,23815,EUR,approved,captured,ev_a4kg84
41,2026-07-01T14:48:33.000Z,agent-25,cinderstack,advertising,10232,EUR,approved,failed,ev_f1ra15
42,2026-07-01T14:53:43.000Z,agent-16,cobblestone-dev,advertising,12061,EUR,approved,captured,ev_e2to84
43,2026-07-01T15:43:56.000Z,agent-12,ferrite-tools,office,6955,EUR,approved,captured,ev_9pb0yk
44,2026-07-01T15:51:30.000Z,agent-26,atlas-mail,cloud,22870,EUR,approved,captured,ev_4eih5p
45,2026-07-01T16:05:12.000Z,agent-14,cinderstack,office,4956,EUR,approved,captured,ev_5q1avu
46,2026-07-01T16:44:01.000Z,agent-24,bytehost,groceries,4655,EUR,approved,captured,ev_g1nkcl
47,2026-07-01T17:15:33.000Z,agent-39,granite-crm,software,17217,EUR,approved,captured,ev_6lvv13
48,2026-07-01T17:36:11.000Z,agent-20,summit-infra,software,18166,EUR,approved,captured,ev_c51k69
49,2026-07-01T17:38:49.000Z,agent-38,summit-infra,travel,10819,EUR,approved,captured,ev_8mqk4m
50,2026-07-01T18:20:52.000Z,agent-37,meridian-cdn,cloud,34196,EUR,approved,captured,ev_997xii
51,2026-07-01T18:26:58.000Z,agent-27,voltage-io,hosting,12693,EUR,declined,none,ev_1dk43f
52,2026-07-01T19:26:53.000Z,agent-21,orchid-labs,office,11470,EUR,approved,captured,ev_3hzs1k
53,2026-07-01T19:43:38.000Z,agent-28,voltage-io,office,7965,EUR,approved,captured,ev_bvm943
54,2026-07-01T19:53:34.000Z,agent-23,meridian-cdn,groceries,14984,EUR,approved,captured,ev_c6bene
55,2026-07-01T19:54:48.000Z,agent-18,atlas-mail,office,6423,EUR,approved,captured,ev_b6697f
56,2026-07-01T20:10:32.000Z,agent-14,juniper-ai,advertising,11177,EUR,approved,captured,ev_9wk1tf
57,2026-07-01T20:42:23.000Z,agent-06,juniper-ai,software,7746,EUR,approved,captured,ev_419djm
58,2026-07-01T20:47:35.000Z,agent-35,cinderstack,travel,3483,EUR,approved,captured,ev_20vj2j
59,2026-07-01T21:25:29.000Z,agent-07,atlas-mail,software,10969,EUR,approved,captured,ev_5gc29l
60,2026-07-01T22:18:27.000Z,agent-07,juniper-ai,advertising,6222,EUR,approved,captured,ev_br1g93
61,2026-07-01T22:23:57.000Z,agent-06,atlas-mail,software,9125,EUR,approved,captured,ev_7s4nsc
62,2026-07-01T22:57:39.000Z,agent-11,juniper-ai,groceries,3360,EUR,approved,captured,ev_fz67yk
63,2026-07-01T23:07:02.000Z,agent-03,beacon-auth,office,10203,EUR,approved,captured,ev_2xe6t8
64,2026-07-01T23:19:37.000Z,agent-36,arkwright-domains,domains,9037,EUR,approved,captured,ev_7haoxe
65,2026-07-02T00:12:20.000Z,agent-37,vellum-crm,hosting,18182,EUR,approved,refunded,ev_7pul94
66,2026-07-02T00:22:13.000Z,agent-30,northline-api,cloud,20803,EUR,approved,captured,ev_792umf
67,2026-07-02T00:29:08.000Z,agent-04,northline-api,advertising,3679,EUR,approved,captured,ev_62uvfw
68,2026-07-02T00:37:22.000Z,agent-40,voltage-io,hosting,6721,EUR,approved,captured,ev_dvatct
69,2026-07-02T00:37:36.000Z,agent-05,harbor-db,hosting,19138,EUR,approved,captured,ev_3hg4h4
70,2026-07-02T01:19:33.000Z,agent-28,ferrite-tools,domains,6652,EUR,approved,captured,ev_fdq28
71,2026-07-02T01:33:01.000Z,agent-09,atlas-mail,cloud,22665,EUR,approved,captured,ev_epj6q3
72,2026-07-02T02:00:25.000Z,agent-13,cobalt-cloud,advertising,11307,EUR,approved,captured,ev_jp4se
73,2026-07-02T02:03:04.000Z,agent-32,vellum-crm,office,4636,EUR,approved,captured,ev_1wbab9
74,2026-07-02T02:19:52.000Z,agent-34,atlas-mail,travel,6357,EUR,approved,captured,ev_ao8r47
75,2026-07-02T02:32:05.000Z,agent-25,voltage-io,cloud,5367,EUR,approved,captured,ev_4ztlly
76,2026-07-02T02:44:04.000Z,agent-10,lumen-post,travel,12054,EUR,approved,captured,ev_ef4gbk
77,2026-07-02T02:50:46.000Z,agent-02,kestrel-metrics,groceries,10857,EUR,approved,captured,ev_3uvwu8
78,2026-07-02T02:59:46.000Z,agent-01,cobblestone-dev,cloud,8365,EUR,approved,captured,ev_fhxaaz
79,2026-07-02T03:21:41.000Z,agent-25,vellum-crm,cloud,10814,EUR,approved,captured,ev_83ckpg
80,2026-07-02T04:25:48.000Z,agent-31,northline-api,travel,9593,EUR,approved,captured,ev_5tn6rb
81,2026-07-02T04:35:24.000Z,agent-18,cobblestone-dev,travel,4747,EUR,approved,captured,ev_2fy28p
82,2026-07-02T04:39:06.000Z,agent-08,quillpress,advertising,8127,EUR,approved,captured,ev_4yjn16
83,2026-07-02T05:18:58.000Z,agent-15,juniper-ai,groceries,7929,EUR,approved,captured,ev_2wyhxr
84,2026-07-02T05:45:12.000Z,agent-27,railsgate,software,12394,EUR,approved,captured,ev_eqkwov
85,2026-07-02T05:56:10.000Z,agent-17,beacon-auth,software,3596,EUR,approved,captured,ev_ct1lv
86,2026-07-02T06:23:58.000Z,agent-29,summit-infra,hosting,9523,EUR,approved,captured,ev_52dvvs
87,2026-07-02T06:51:33.000Z,agent-13,orchid-labs,software,12094,EUR,approved,captured,ev_djas4j
88,2026-07-02T07:05:30.000Z,agent-07,ferrite-tools,cloud,6753,EUR,approved,captured,ev_b5e0sn
89,2026-07-02T07:07:00.000Z,agent-22,meridian-cdn,domains,9561,EUR,approved,captured,ev_f13wps
90,2026-07-02T07:27:10.000Z,agent-39,bytehost,office,17674,EUR,approved,captured,ev_1obfan
91,2026-07-02T07:47:07.000Z,agent-22,summit-infra,domains,21223,EUR,approved,captured,ev_4x4w62
92,2026-07-02T08:07:10.000Z,agent-02,cobalt-cloud,office,4568,EUR,approved,captured,ev_36kuzt
93,2026-07-02T09:17:28.000Z,agent-29,quillpress,office,17633,EUR,approved,refunded,ev_ffqryt
94,2026-07-02T10:17:28.000Z,agent-26,harbor-db,advertising,12638,EUR,approved,captured,ev_8ifk3o
95,2026-07-02T11:08:57.000Z,agent-33,mineral-storage,domains,5692,EUR,approved,captured,ev_2ejy90
96,2026-07-02T11:57:58.000Z,agent-23,mineral-storage,hosting,2480,EUR,approved,captured,ev_2331g7
97,2026-07-02T12:09:24.000Z,agent-32,cobalt-cloud,software,20318,EUR,approved,captured,ev_ac4xk0
98,2026-07-02T12:22:51.000Z,agent-34,juniper-ai,domains,5161,EUR,approved,captured,ev_5zwsgh
99,2026-07-02T12:32:45.000Z,agent-26,ferrite-tools,cloud,9481,EUR,approved,captured,ev_cjj65v
100,2026-07-02T12:54:46.000Z,agent-21,beacon-auth,cloud,4001,EUR,approved,captured,ev_9c7r17
101,2026-07-02T13:50:49.000Z,agent-32,pinecrest-apps,office,6523,EUR,declined,none,ev_9id467
102,2026-07-02T13:52:00.000Z,agent-35,mineral-storage,groceries,8919,EUR,approved,captured,ev_6cdol9
103,2026-07-02T14:04:39.000Z,agent-12,cobblestone-dev,cloud,10879,EUR,approved,captured,ev_96e9rm
104,2026-07-02T15:27:12.000Z,agent-17,pinecrest-apps,software,5119,EUR,approved,captured,ev_6em7l9
105,2026-07-02T15:32:49.000Z,agent-25,quillpress,domains,6465,EUR,approved,captured,ev_e8jbky
106,2026-07-02T15:34:54.000Z,agent-14,arkwright-domains,groceries,5670,EUR,approved,captured,ev_518kls
107,2026-07-02T15:40:12.000Z,agent-04,quillpress,groceries,9620,EUR,approved,captured,ev_2dpkrx
108,2026-07-02T15:50:13.000Z,agent-07,arkwright-domains,groceries,5393,EUR,approved,captured,ev_ewz58
109,2026-07-02T16:19:45.000Z,agent-14,atlas-mail,domains,25230,EUR,approved,captured,ev_7mg0xu
110,2026-07-02T16:55:53.000Z,agent-03,pinecrest-apps,office,5124,EUR,approved,captured,ev_9ffpzo
111,2026-07-02T16:56:59.000Z,agent-20,cobblestone-dev,domains,15087,EUR,approved,captured,ev_d21ya5
112,2026-07-02T17:42:54.000Z,agent-24,pinecrest-apps,hosting,7695,EUR,approved,captured,ev_egjnme
113,2026-07-02T17:54:38.000Z,agent-27,juniper-ai,cloud,5190,EUR,approved,captured,ev_ea5gw1
114,2026-07-02T18:01:37.000Z,agent-22,kestrel-metrics,groceries,16346,EUR,approved,captured,ev_6q8377
115,2026-07-02T19:10:01.000Z,agent-30,summit-infra,domains,29724,EUR,approved,captured,ev_cgwhio
116,2026-07-02T19:13:02.000Z,agent-10,arkwright-domains,software,4161,EUR,approved,failed,ev_dy7kck
117,2026-07-02T19:34:01.000Z,agent-19,ferrite-tools,office,6883,EUR,declined,none,ev_6qilzn
118,2026-07-02T19:38:32.000Z,agent-35,cobalt-cloud,domains,34273,EUR,approved,captured,ev_4p152d
119,2026-07-02T20:42:29.000Z,agent-37,beacon-auth,groceries,5832,EUR,approved,captured,ev_5ekzay
120,2026-07-02T20:50:52.000Z,agent-11,lumen-post,groceries,10972,EUR,approved,captured,ev_a4jjql
121,2026-07-02T21:17:48.000Z,agent-03,quillpress,groceries,28911,EUR,approved,captured,ev_41lxy5
122,2026-07-02T21:23:06.000Z,agent-34,quillpress,advertising,10417,EUR,approved,captured,ev_sp905
123,2026-07-02T21:50:46.000Z,agent-18,pierstone-pay,domains,8138,EUR,approved,captured,ev_7ni74b
124,2026-07-02T21:51:10.000Z,agent-05,quillpress,cloud,8073,EUR,approved,captured,ev_gf7vxy
125,2026-07-02T22:11:59.000Z,agent-16,railsgate,groceries,7818,EUR,approved,captured,ev_7linfe
126,2026-07-02T23:11:44.000Z,agent-38,summit-infra,office,5021,EUR,approved,captured,ev_i6khn
127,2026-07-02T23:24:12.000Z,agent-14,cobalt-cloud,advertising,6196,EUR,approved,captured,ev_2noehk
128,2026-07-02T23:33:08.000Z,agent-16,atlas-mail,domains,6649,EUR,approved,captured,ev_59wxn9
129,2026-07-02T23:49:59.000Z,agent-28,cinderstack,office,6147,EUR,approved,captured,ev_ezkhk
130,2026-07-03T00:07:00.000Z,agent-39,cinderstack,travel,3726,EUR,approved,captured,ev_55cuxe
131,2026-07-03T00:34:42.000Z,agent-05,juniper-ai,domains,5153,EUR,approved,captured,ev_5cok5c
132,2026-07-03T01:03:12.000Z,agent-06,cobblestone-dev,advertising,5146,EUR,approved,captured,ev_erm3ht
133,2026-07-03T01:06:37.000Z,agent-12,cobalt-cloud,advertising,8664,EUR,approved,captured,ev_bznlkj
134,2026-07-03T01:44:12.000Z,agent-05,northline-api,domains,9948,EUR,approved,captured,ev_96gxjd
135,2026-07-03T01:54:44.000Z,agent-13,arkwright-domains,software,3307,EUR,approved,failed,ev_87qe9g
136,2026-07-03T02:51:57.000Z,agent-02,meridian-cdn,software,4854,EUR,approved,captured,ev_8pm5r3
137,2026-07-03T02:59:09.000Z,agent-09,mineral-storage,groceries,18397,EUR,approved,captured,ev_embn46
138,2026-07-03T03:22:43.000Z,agent-34,harbor-db,groceries,32635,EUR,approved,captured,ev_8rbcug
139,2026-07-03T03:28:22.000Z,agent-16,granite-crm,cloud,11632,EUR,approved,captured,ev_cf7yor
140,2026-07-03T03:38:29.000Z,agent-29,summit-infra,cloud,9011,EUR,approved,captured,ev_fjr7tu
141,2026-07-03T03:38:32.000Z,agent-33,pierstone-pay,cloud,5812,EUR,approved,captured,ev_9azkue
142,2026-07-03T03:47:39.000Z,agent-24,granite-crm,advertising,3788,EUR,approved,refunded,ev_divagb
143,2026-07-03T04:00:04.000Z,agent-08,cobblestone-dev,groceries,12703,EUR,approved,captured,ev_fnaleo
144,2026-07-03T04:28:18.000Z,agent-37,granite-crm,travel,14603,EUR,approved,captured,ev_f7co2o
145,2026-07-03T04:38:34.000Z,agent-17,pinecrest-apps,cloud,5750,EUR,approved,captured,ev_8jef3k
146,2026-07-03T05:07:05.000Z,agent-10,vellum-crm,travel,4580,EUR,declined,none,ev_bgspeo
147,2026-07-03T05:07:51.000Z,agent-15,cinderstack,hosting,18419,EUR,approved,captured,ev_4vw514
148,2026-07-03T05:14:42.000Z,agent-04,granite-crm,hosting,6713,EUR,approved,captured,ev_fk9khq
149,2026-07-03T05:17:59.000Z,agent-01,railsgate,groceries,10720,EUR,approved,captured,ev_c0mnkx
150,2026-07-03T05:24:50.000Z,agent-03,orchid-labs,groceries,10832,EUR,approved,captured,ev_f8gmen
151,2026-07-03T05:40:55.000Z,agent-08,quillpress,software,6250,EUR,approved,captured,ev_d9jw9i
152,2026-07-03T06:29:17.000Z,agent-11,voltage-io,hosting,3234,EUR,approved,captured,ev_f1948r
153,2026-07-03T06:43:59.000Z,agent-22,cobalt-cloud,domains,9185,EUR,approved,captured,ev_3d7pgj
154,2026-07-03T06:46:42.000Z,agent-36,kestrel-metrics,groceries,17378,EUR,approved,captured,ev_75js0u
155,2026-07-03T07:05:20.000Z,agent-14,vellum-crm,cloud,8220,EUR,approved,captured,ev_44vx7t
156,2026-07-03T07:32:33.000Z,agent-34,atlas-mail,hosting,4553,EUR,approved,captured,ev_7yi6a3
157,2026-07-03T07:55:27.000Z,agent-40,orchid-labs,office,6635,EUR,approved,captured,ev_br7pr
158,2026-07-03T07:58:55.000Z,agent-32,arkwright-domains,office,5429,EUR,approved,captured,ev_4qewvv
159,2026-07-03T08:20:42.000Z,agent-06,pinecrest-apps,hosting,5715,EUR,approved,refunded,ev_7m3o28
160,2026-07-03T08:44:30.000Z,agent-18,ferrodata,travel,9642,EUR,approved,captured,ev_5l5doq
161,2026-07-03T09:02:01.000Z,agent-05,northline-api,groceries,10403,EUR,approved,captured,ev_61p205
162,2026-07-03T09:04:08.000Z,agent-09,bytehost,hosting,13869,EUR,approved,captured,ev_91s0a8
163,2026-07-03T09:14:40.000Z,agent-14,cinderstack,cloud,5479,EUR,approved,captured,ev_d3hvzf
164,2026-07-03T09:41:53.000Z,agent-31,mineral-storage,office,4702,EUR,approved,captured,ev_cnllqj
165,2026-07-03T10:15:07.000Z,agent-20,pinecrest-apps,software,13931,EUR,declined,none,ev_cmz803
166,2026-07-03T10:55:16.000Z,agent-07,ferrodata,software,20751,EUR,approved,captured,ev_3983lo
167,2026-07-03T11:27:23.000Z,agent-36,pierstone-pay,hosting,12844,EUR,approved,failed,ev_at3nbi
168,2026-07-03T11:50:50.000Z,agent-06,arkwright-domains,software,13438,EUR,approved,captured,ev_bazo7h
169,2026-07-03T12:10:27.000Z,agent-03,pinecrest-apps,hosting,24232,EUR,approved,captured,ev_cv5tza
170,2026-07-03T12:37:13.000Z,agent-23,bytehost,domains,6963,EUR,approved,captured,ev_d3xxpw
171,2026-07-03T13:08:29.000Z,agent-36,granite-crm,software,12310,EUR,approved,captured,ev_a2wh2d
172,2026-07-03T13:59:01.000Z,agent-28,cobalt-cloud,hosting,12278,EUR,approved,captured,ev_1wd1e1
173,2026-07-03T14:43:22.000Z,agent-25,atlas-mail,hosting,6579,EUR,approved,captured,ev_1tvv9l
174,2026-07-03T15:14:17.000Z,agent-20,atlas-mail,office,3845,EUR,approved,captured,ev_jmcsa
175,2026-07-03T15:49:21.000Z,agent-34,mineral-storage,domains,8244,EUR,approved,captured,ev_ibitm
176,2026-07-03T16:06:34.000Z,agent-20,mineral-storage,domains,9185,EUR,approved,captured,ev_9we2cw
177,2026-07-03T17:14:08.000Z,agent-13,arkwright-domains,domains,8939,EUR,approved,captured,ev_fj10rl
178,2026-07-03T17:30:08.000Z,agent-15,pierstone-pay,hosting,12480,EUR,approved,captured,ev_2xh4f
179,2026-07-03T17:31:30.000Z,agent-04,voltage-io,software,6889,EUR,approved,captured,ev_10ttya
180,2026-07-03T17:35:10.000Z,agent-30,meridian-cdn,software,8040,EUR,approved,captured,ev_890y80
181,2026-07-03T17:39:45.000Z,agent-08,cobblestone-dev,cloud,22971,EUR,approved,captured,ev_q4bxo
182,2026-07-03T17:53:31.000Z,agent-23,cinderstack,domains,18941,EUR,approved,captured,ev_4rh54v
183,2026-07-03T17:55:29.000Z,agent-07,summit-infra,hosting,3244,EUR,approved,captured,ev_8ghok2
184,2026-07-03T18:11:05.000Z,agent-35,meridian-cdn,hosting,3253,EUR,approved,captured,ev_ul2c6
185,2026-07-03T18:21:03.000Z,agent-37,summit-infra,domains,5739,EUR,approved,captured,ev_d77db9
186,2026-07-03T19:12:03.000Z,agent-09,cinderstack,groceries,4745,EUR,approved,captured,ev_327vao
187,2026-07-03T20:14:25.000Z,agent-08,cinderstack,office,5967,EUR,declined,none,ev_dxdb3s
188,2026-07-03T20:15:03.000Z,agent-26,granite-crm,advertising,7812,EUR,approved,captured,ev_7sc42t
189,2026-07-03T21:02:10.000Z,agent-20,arkwright-domains,travel,13623,EUR,approved,captured,ev_3ylvyv
190,2026-07-03T21:05:23.000Z,agent-21,ferrodata,advertising,7255,EUR,approved,captured,ev_5jtz51
191,2026-07-03T21:06:54.000Z,agent-29,quillpress,software,15476,EUR,approved,captured,ev_9zfd74
192,2026-07-03T21:30:33.000Z,agent-25,harbor-db,hosting,10423,EUR,approved,failed,ev_1zt7pj
193,2026-07-03T21:52:13.000Z,agent-20,ferrite-tools,office,10155,EUR,approved,captured,ev_bjyi3e
194,2026-07-03T22:03:06.000Z,agent-06,cinderstack,groceries,12030,EUR,approved,captured,ev_al02g1
195,2026-07-03T23:15:03.000Z,agent-29,voltage-io,domains,7593,EUR,approved,captured,ev_7upsji
196,2026-07-03T23:15:26.000Z,agent-05,cobalt-cloud,hosting,5430,EUR,approved,captured,ev_5bx1rl
197,2026-07-03T23:21:32.000Z,agent-27,pinecrest-apps,office,13134,EUR,approved,captured,ev_bhl652
198,2026-07-03T23:45:13.000Z,agent-12,harbor-db,software,6777,EUR,approved,failed,ev_dsnfkr
199,2026-07-03T23:48:39.000Z,agent-17,arkwright-domains,groceries,12050,EUR,approved,captured,ev_adqvtx
200,2026-07-04T01:12:10.000Z,agent-40,cobalt-cloud,software,30410,EUR,approved,refunded,ev_1mdw3a
201,2026-07-04T01:29:19.000Z,agent-19,juniper-ai,office,6265,EUR,approved,captured,ev_deukyq
202,2026-07-04T01:52:05.000Z,agent-34,meridian-cdn,office,10965,EUR,approved,captured,ev_flyrbx
203,2026-07-04T02:08:12.000Z,agent-13,lumen-post,hosting,11460,EUR,approved,captured,ev_1m5lqb
204,2026-07-04T02:39:52.000Z,agent-03,granite-crm,groceries,9492,EUR,approved,captured,ev_82lib4
205,2026-07-04T02:49:12.000Z,agent-20,juniper-ai,office,13059,EUR,approved,captured,ev_6wjt2y
206,2026-07-04T03:09:00.000Z,agent-11,voltage-io,advertising,5306,EUR,approved,captured,ev_5vdnew
207,2026-07-04T03:23:31.000Z,agent-37,cobblestone-dev,domains,9353,EUR,approved,captured,ev_f8ilen
208,2026-07-04T03:26:59.000Z,agent-02,ferrite-tools,advertising,18709,EUR,approved,captured,ev_6w2sie
209,2026-07-04T03:34:10.000Z,agent-18,pierstone-pay,cloud,13156,EUR,approved,captured,ev_bxw5bo
210,2026-07-04T04:35:59.000Z,agent-25,beacon-auth,software,12801,EUR,approved,captured,ev_1llhqz
211,2026-07-04T04:53:22.000Z,agent-27,mineral-storage,cloud,12399,EUR,approved,captured,ev_5lu545
212,2026-07-04T05:29:51.000Z,agent-38,ferrite-tools,cloud,14878,EUR,approved,captured,ev_dpbqw3
213,2026-07-04T05:35:12.000Z,agent-15,vellum-crm,groceries,9714,EUR,approved,captured,ev_i9ch4
214,2026-07-04T06:03:14.000Z,agent-04,pierstone-pay,travel,7530,EUR,approved,captured,ev_bjxttt
215,2026-07-04T06:43:05.000Z,agent-29,cobblestone-dev,software,8129,EUR,approved,captured,ev_fdzor8
216,2026-07-04T07:13:03.000Z,agent-01,northline-api,software,6156,EUR,approved,captured,ev_2rw69m
217,2026-07-04T07:30:36.000Z,agent-39,atlas-mail,groceries,5546,EUR,approved,captured,ev_9ta3gd
218,2026-07-04T07:47:08.000Z,agent-16,kestrel-metrics,office,2956,EUR,approved,captured,ev_f0kosp
219,2026-07-04T08:07:46.000Z,agent-25,railsgate,travel,13932,EUR,approved,captured,ev_30p3zx
220,2026-07-04T08:19:43.000Z,agent-09,pinecrest-apps,cloud,15105,EUR,approved,captured,ev_bi4wr1
221,2026-07-04T09:36:33.000Z,agent-22,orchid-labs,domains,4291,EUR,approved,captured,ev_28umay
222,2026-07-04T09:36:51.000Z,agent-11,pierstone-pay,cloud,24206,EUR,approved,captured,ev_1kesmh
223,2026-07-04T09:37:22.000Z,agent-31,pinecrest-apps,hosting,12035,EUR,approved,captured,ev_15y3u8
224,2026-07-04T09:44:46.000Z,agent-33,meridian-cdn,office,11157,EUR,declined,none,ev_gcc7d7
225,2026-07-04T09:56:24.000Z,agent-36,pinecrest-apps,office,20383,EUR,approved,captured,ev_f6h9pb
226,2026-07-04T10:43:30.000Z,agent-24,northline-api,travel,13860,EUR,approved,refunded,ev_cj4jdb
227,2026-07-04T10:48:37.000Z,agent-14,ferrite-tools,travel,9346,EUR,approved,captured,ev_8gk8mh
228,2026-07-04T11:20:00.000Z,agent-04,ferrodata,domains,4956,EUR,approved,captured,ev_mgi6v
229,2026-07-04T11:26:23.000Z,agent-30,ferrodata,office,4661,EUR,approved,captured,ev_brydfp
230,2026-07-04T11:27:30.000Z,agent-35,atlas-mail,domains,13174,EUR,approved,captured,ev_ew2a1h
231,2026-07-04T11:39:17.000Z,agent-07,cobblestone-dev,travel,11426,EUR,approved,captured,ev_3k9mnl
232,2026-07-04T11:55:00.000Z,agent-04,ferrodata,domains,4949,EUR,approved,captured,ev_1rg0o5
233,2026-07-04T11:56:45.000Z,agent-09,lumen-post,groceries,21583,EUR,declined,none,ev_bz6323
234,2026-07-04T12:03:39.000Z,agent-28,pinecrest-apps,domains,8403,EUR,approved,failed,ev_ey4y4z
235,2026-07-04T12:30:00.000Z,agent-04,ferrodata,domains,4907,EUR,approved,captured,ev_96u88a
236,2026-07-04T12:58:42.000Z,agent-15,northline-api,office,7286,EUR,approved,captured,ev_bmzbpn
237,2026-07-04T13:05:00.000Z,agent-04,ferrodata,domains,4871,EUR,approved,captured,ev_12ral5
238,2026-07-04T13:24:21.000Z,agent-10,ferrodata,cloud,16548,EUR,approved,captured,ev_e2ixa9
239,2026-07-04T13:26:57.000Z,agent-16,bytehost,software,7784,EUR,approved,failed,ev_etiiqq
240,2026-07-04T13:40:00.000Z,agent-04,ferrodata,domains,4932,EUR,approved,captured,ev_8vtf8a
241,2026-07-04T14:15:00.000Z,agent-04,ferrodata,domains,4897,EUR,approved,captured,ev_78akvf
242,2026-07-04T14:22:08.000Z,agent-23,quillpress,office,9557,EUR,approved,captured,ev_dvvtbb
243,2026-07-04T14:48:58.000Z,agent-07,meridian-cdn,office,5957,EUR,approved,captured,ev_evvdkm
244,2026-07-04T14:50:00.000Z,agent-04,ferrodata,domains,4935,EUR,approved,captured,ev_71dzgp
245,2026-07-04T15:25:00.000Z,agent-04,ferrodata,domains,4888,EUR,approved,captured,ev_9aqh4l
246,2026-07-04T15:35:24.000Z,agent-32,kestrel-metrics,cloud,5644,EUR,approved,captured,ev_dsq0i4
247,2026-07-04T15:43:12.000Z,agent-38,vellum-crm,groceries,7551,EUR,approved,captured,ev_ecpxlp
248,2026-07-04T16:00:00.000Z,agent-04,ferrodata,domains,4926,EUR,approved,captured,ev_325yug
249,2026-07-04T16:22:30.000Z,agent-24,granite-crm,hosting,5397,EUR,declined,none,ev_edcwqk
250,2026-07-04T16:35:00.000Z,agent-04,ferrodata,domains,4898,EUR,approved,captured,ev_eubdp2
251,2026-07-04T16:41:37.000Z,agent-39,cinderstack,hosting,16456,EUR,approved,captured,ev_g51nlg
252,2026-07-04T17:00:29.000Z,agent-28,cobblestone-dev,domains,8367,EUR,approved,captured,ev_b8v0g8
253,2026-07-04T17:10:00.000Z,agent-04,ferrodata,domains,4915,EUR,approved,captured,ev_7y3s4n
254,2026-07-04T17:45:00.000Z,agent-04,ferrodata,domains,4887,EUR,approved,captured,ev_13y9pb
255,2026-07-04T17:52:25.000Z,agent-37,harbor-db,travel,12923,EUR,approved,captured,ev_g2ygf
256,2026-07-04T17:53:55.000Z,agent-22,atlas-mail,groceries,18627,EUR,approved,captured,ev_expx8d
257,2026-07-04T18:52:09.000Z,agent-20,northline-api,domains,19133,EUR,approved,captured,ev_4me216
258,2026-07-04T19:18:09.000Z,agent-17,pierstone-pay,groceries,7664,EUR,approved,captured,ev_8fixmv
259,2026-07-04T19:51:23.000Z,agent-29,pierstone-pay,cloud,9785,EUR,approved,captured,ev_bqvsnp
260,2026-07-04T19:53:25.000Z,agent-26,bytehost,travel,16747,EUR,declined,none,ev_unao6
261,2026-07-04T19:58:06.000Z,agent-38,quillpress,office,3213,EUR,approved,captured,ev_calr04
262,2026-07-04T20:20:31.000Z,agent-21,quillpress,software,11291,EUR,approved,captured,ev_4wjj73
263,2026-07-04T20:46:36.000Z,agent-13,ferrodata,travel,6041,EUR,approved,captured,ev_b6wt0l
264,2026-07-04T21:09:53.000Z,agent-25,cobblestone-dev,domains,14307,EUR,approved,captured,ev_2txs95
265,2026-07-04T21:35:18.000Z,agent-11,atlas-mail,hosting,6004,EUR,approved,captured,ev_1dg2o4
266,2026-07-04T21:46:58.000Z,agent-34,pierstone-pay,travel,23743,EUR,approved,captured,ev_hy9kt
267,2026-07-04T22:38:05.000Z,agent-04,granite-crm,cloud,18151,EUR,approved,captured,ev_fw1vj
268,2026-07-04T23:11:09.000Z,agent-21,lumen-post,hosting,3802,EUR,approved,captured,ev_39yrxq
269,2026-07-04T23:11:09.000Z,agent-35,ferrodata,travel,11566,EUR,approved,captured,ev_2blp7p
270,2026-07-05T00:14:22.000Z,agent-30,bytehost,travel,7580,EUR,approved,captured,ev_an1p3f
271,2026-07-05T00:16:50.000Z,agent-09,quillpress,domains,6304,EUR,approved,captured,ev_1741q0
272,2026-07-05T00:28:25.000Z,agent-31,ferrodata,domains,9263,EUR,approved,captured,ev_3afu2s
273,2026-07-05T01:08:09.000Z,agent-01,vellum-crm,advertising,5664,EUR,approved,captured,ev_24dzmy
274,2026-07-05T01:23:52.000Z,agent-36,granite-crm,travel,12181,EUR,approved,captured,ev_6qeuf3
275,2026-07-05T01:24:21.000Z,agent-08,granite-crm,travel,14138,EUR,approved,captured,ev_c3phmq
276,2026-07-05T01:41:04.000Z,agent-06,cinderstack,software,4680,EUR,approved,captured,ev_ebhb1n
277,2026-07-05T01:54:45.000Z,agent-14,beacon-auth,cloud,5945,EUR,approved,captured,ev_o0wih
278,2026-07-05T02:59:44.000Z,agent-24,harbor-db,domains,2593,EUR,approved,captured,ev_7ezj0d
279,2026-07-05T03:14:40.000Z,agent-12,atlas-mail,advertising,5799,EUR,approved,captured,ev_34930l
280,2026-07-05T04:06:29.000Z,agent-05,quillpress,advertising,11962,EUR,approved,captured,ev_ba374q
281,2026-07-05T04:29:33.000Z,agent-13,voltage-io,office,7688,EUR,approved,captured,ev_ek60xo
282,2026-07-05T05:29:18.000Z,agent-24,voltage-io,travel,9570,EUR,approved,captured,ev_2o7mxh
283,2026-07-05T05:47:54.000Z,agent-07,summit-infra,office,3418,EUR,declined,none,ev_fxue9v
284,2026-07-05T06:29:42.000Z,agent-02,summit-infra,advertising,5352,EUR,approved,captured,ev_fvp55b
285,2026-07-05T06:57:43.000Z,agent-15,bytehost,travel,6391,EUR,approved,captured,ev_d6wapi
286,2026-07-05T07:18:53.000Z,agent-03,arkwright-domains,advertising,13535,EUR,approved,captured,ev_67sf38
287,2026-07-05T07:21:56.000Z,agent-33,ferrodata,travel,11303,EUR,declined,none,ev_bt6ykg
288,2026-07-05T07:35:42.000Z,agent-19,mineral-storage,software,5207,EUR,approved,captured,ev_k1tm1
289,2026-07-05T07:42:04.000Z,agent-40,meridian-cdn,domains,8646,EUR,approved,captured,ev_3jfq80
290,2026-07-05T08:05:32.000Z,agent-22,cinderstack,office,13229,EUR,approved,captured,ev_4lu8oq
291,2026-07-05T08:09:28.000Z,agent-16,mineral-storage,hosting,4940,EUR,approved,captured,ev_3brsxm
292,2026-07-05T08:20:32.000Z,agent-35,meridian-cdn,domains,4930,EUR,approved,captured,ev_5tldtv
293,2026-07-05T09:35:16.000Z,agent-18,northline-api,travel,8973,EUR,approved,captured,ev_cus1vc
294,2026-07-05T09:41:05.000Z,agent-34,atlas-mail,hosting,6833,EUR,approved,captured,ev_1zh477
295,2026-07-05T10:40:52.000Z,agent-03,ferrodata,advertising,11925,EUR,approved,captured,ev_5eg59h
296,2026-07-05T10:43:46.000Z,agent-16,granite-crm,advertising,7739,EUR,approved,captured,ev_ekb5ag
297,2026-07-05T10:53:04.000Z,agent-39,beacon-auth,domains,5552,EUR,approved,captured,ev_evkxkw
298,2026-07-05T10:59:43.000Z,agent-26,cinderstack,travel,8069,EUR,approved,captured,ev_ez8oso
299,2026-07-05T11:02:49.000Z,agent-32,mineral-storage,advertising,9487,EUR,approved,failed,ev_fketky
300,2026-07-05T12:05:43.000Z,agent-22,cobblestone-dev,cloud,20289,EUR,approved,captured,ev_k7kdx
301,2026-07-05T12:16:35.000Z,agent-27,voltage-io,domains,21156,EUR,declined,none,ev_2j2ofl
302,2026-07-05T12:59:44.000Z,agent-16,cinderstack,cloud,17696,EUR,approved,captured,ev_cbudj1
303,2026-07-05T15:28:43.000Z,agent-10,beacon-auth,office,21952,EUR,approved,captured,ev_alu4nx
304,2026-07-05T15:52:52.000Z,agent-29,cinderstack,hosting,10377,EUR,approved,captured,ev_g60r0n
305,2026-07-05T16:05:46.000Z,agent-04,vellum-crm,groceries,7541,EUR,approved,refunded,ev_dbtuaj
306,2026-07-05T17:01:20.000Z,agent-01,vellum-crm,advertising,8082,EUR,approved,captured,ev_fkkhm9
307,2026-07-05T17:03:15.000Z,agent-40,cobblestone-dev,office,3558,EUR,approved,captured,ev_4o6kk4
308,2026-07-05T17:03:57.000Z,agent-14,ferrite-tools,software,10985,EUR,approved,captured,ev_8hfjdf
309,2026-07-05T17:05:20.000Z,agent-38,harbor-db,advertising,8802,EUR,approved,captured,ev_4wec10
310,2026-07-05T17:05:36.000Z,agent-28,orchid-labs,groceries,4784,EUR,approved,captured,ev_ep5y2m
311,2026-07-05T17:19:23.000Z,agent-15,harbor-db,groceries,4123,EUR,approved,captured,ev_7g7u5i
312,2026-07-05T18:07:10.000Z,agent-06,bytehost,groceries,16723,EUR,approved,captured,ev_9u2liz
313,2026-07-05T18:51:06.000Z,agent-02,lumen-post,software,369906,EUR,approved,captured,ev_1qfmo1
314,2026-07-05T18:56:10.000Z,agent-40,cobblestone-dev,office,9653,EUR,declined,none,ev_33ndd5
315,2026-07-05T19:40:04.000Z,agent-37,granite-crm,cloud,4382,EUR,approved,captured,ev_289n5k
316,2026-07-05T19:59:10.000Z,agent-17,bytehost,advertising,7960,EUR,approved,captured,ev_fz3pr6
317,2026-07-05T21:19:26.000Z,agent-36,harbor-db,cloud,13994,EUR,approved,failed,ev_embcyb
318,2026-07-05T21:35:20.000Z,agent-01,beacon-auth,travel,13446,EUR,approved,captured,ev_8njiwm
319,2026-07-05T22:04:29.000Z,agent-39,meridian-cdn,advertising,6764,EUR,approved,captured,ev_dq4zp5
320,2026-07-05T22:12:13.000Z,agent-08,mineral-storage,advertising,8697,EUR,approved,captured,ev_fnijae
321,2026-07-05T22:14:51.000Z,agent-36,pierstone-pay,hosting,18620,EUR,approved,captured,ev_dm71qg
322,2026-07-05T22:23:10.000Z,agent-23,cobblestone-dev,software,3912,EUR,approved,captured,ev_5tfdy7
323,2026-07-05T22:27:59.000Z,agent-14,quillpress,software,5091,EUR,approved,failed,ev_ccd09h
324,2026-07-05T22:37:58.000Z,agent-11,lumen-post,software,3378,EUR,approved,captured,ev_9cyul6
325,2026-07-05T22:44:57.000Z,agent-30,meridian-cdn,groceries,10272,EUR,approved,captured,ev_czsbrf
326,2026-07-05T22:52:49.000Z,agent-25,kestrel-metrics,hosting,15287,EUR,approved,captured,ev_54hmk1
327,2026-07-05T23:06:50.000Z,agent-05,cobblestone-dev,domains,29289,EUR,approved,captured,ev_34c6ti
328,2026-07-05T23:35:08.000Z,agent-19,meridian-cdn,hosting,7579,EUR,approved,refunded,ev_1xaa44
329,2026-07-06T00:03:31.000Z,agent-29,ferrite-tools,cloud,10137,EUR,approved,captured,ev_eokt3a
330,2026-07-06T00:16:54.000Z,agent-26,voltage-io,groceries,9916,EUR,approved,captured,ev_clekfy
331,2026-07-06T00:20:48.000Z,agent-32,pinecrest-apps,advertising,4947,EUR,approved,captured,ev_chquwu
332,2026-07-06T00:49:40.000Z,agent-20,quillpress,groceries,13735,EUR,approved,captured,ev_3wag4k
333,2026-07-06T00:59:54.000Z,agent-38,voltage-io,software,7505,EUR,approved,captured,ev_8n2cp5
334,2026-07-06T01:36:08.000Z,agent-03,northline-api,office,22319,EUR,approved,captured,ev_9prlp0
335,2026-07-06T02:27:57.000Z,agent-39,lumen-post,domains,6420,EUR,approved,captured,ev_5lot1n
336,2026-07-06T02:37:12.000Z,agent-26,ferrodata,groceries,7624,EUR,approved,captured,ev_f6gp3b
337,2026-07-06T03:21:10.000Z,agent-31,beacon-auth,office,5954,EUR,approved,captured,ev_d9hqi1
338,2026-07-06T04:01:06.000Z,agent-38,cobalt-cloud,domains,27918,EUR,approved,captured,ev_1ck7vn
339,2026-07-06T04:02:45.000Z,agent-04,quillpress,hosting,8623,EUR,approved,captured,ev_furnw4
340,2026-07-06T04:17:42.000Z,agent-21,pinecrest-apps,cloud,5441,EUR,approved,captured,ev_5o842z
341,2026-07-06T04:59:27.000Z,agent-34,harbor-db,office,13177,EUR,approved,captured,ev_cu11c
342,2026-07-06T05:07:25.000Z,agent-12,meridian-cdn,cloud,6863,EUR,approved,captured,ev_7vukjk
343,2026-07-06T05:32:13.000Z,agent-17,vellum-crm,office,4779,EUR,approved,captured,ev_o8h2u
344,2026-07-06T06:12:49.000Z,agent-39,arkwright-domains,office,5857,EUR,approved,captured,ev_biwvch
345,2026-07-06T07:01:28.000Z,agent-07,atlas-mail,groceries,4476,EUR,approved,captured,ev_b66u7e
346,2026-07-06T07:16:41.000Z,agent-16,meridian-cdn,advertising,6957,EUR,approved,captured,ev_8hzdlu
347,2026-07-06T07:38:27.000Z,agent-09,northline-api,domains,10115,EUR,approved,captured,ev_bxalz6
348,2026-07-06T07:46:18.000Z,agent-03,pinecrest-apps,travel,31134,EUR,approved,captured,ev_921zm5
349,2026-07-06T07:50:40.000Z,agent-05,atlas-mail,domains,18574,EUR,approved,captured,ev_13yu4
350,2026-07-06T08:33:14.000Z,agent-02,orchid-labs,advertising,12018,EUR,approved,refunded,ev_a8w52r
351,2026-07-06T08:37:32.000Z,agent-35,meridian-cdn,office,10664,EUR,approved,captured,ev_4f54ah
352,2026-07-06T09:18:18.000Z,agent-13,railsgate,office,4356,EUR,approved,captured,ev_9v3gln
353,2026-07-06T09:21:04.000Z,agent-07,cobalt-cloud,office,8110,EUR,approved,captured,ev_9snjxc
354,2026-07-06T09:30:51.000Z,agent-14,ferrodata,cloud,11871,EUR,approved,captured,ev_9poimx
355,2026-07-06T09:34:42.000Z,agent-08,quillpress,advertising,8040,EUR,approved,captured,ev_9o8fv2
356,2026-07-06T10:27:41.000Z,agent-10,juniper-ai,office,9430,EUR,approved,captured,ev_4sxh57
357,2026-07-06T10:33:59.000Z,agent-35,beacon-auth,advertising,3461,EUR,approved,captured,ev_9qhqxz
358,2026-07-06T11:57:04.000Z,agent-18,pinecrest-apps,office,24939,EUR,approved,captured,ev_8m4egg
359,2026-07-06T12:01:51.000Z,agent-12,northline-api,travel,7894,EUR,approved,captured,ev_9q6e9s
360,2026-07-06T12:02:40.000Z,agent-23,quillpress,advertising,12805,EUR,approved,captured,ev_8duimq
361,2026-07-06T12:11:55.000Z,agent-06,vellum-crm,cloud,23608,EUR,approved,captured,ev_9fxnkx
362,2026-07-06T13:24:27.000Z,agent-27,juniper-ai,travel,3752,EUR,approved,captured,ev_534f21
363,2026-07-06T13:35:58.000Z,agent-24,voltage-io,hosting,3634,EUR,approved,captured,ev_38jgpw
364,2026-07-06T13:37:08.000Z,agent-33,pierstone-pay,hosting,15496,EUR,approved,captured,ev_9xxb7a
365,2026-07-06T13:45:12.000Z,agent-35,cobblestone-dev,travel,9372,EUR,approved,captured,ev_azk2l8
366,2026-07-06T14:00:08.000Z,agent-26,summit-infra,hosting,16512,EUR,approved,captured,ev_58l1yo
367,2026-07-06T15:32:59.000Z,agent-37,cinderstack,travel,5109,EUR,approved,captured,ev_2uypuu
368,2026-07-06T15:53:02.000Z,agent-22,lumen-post,office,8952,EUR,approved,captured,ev_12f3e4
369,2026-07-06T16:39:45.000Z,agent-18,pierstone-pay,cloud,11144,EUR,approved,captured,ev_f7226u
370,2026-07-06T16:59:22.000Z,agent-28,meridian-cdn,travel,5503,EUR,approved,captured,ev_34py7s
371,2026-07-06T17:15:29.000Z,agent-16,quillpress,travel,10127,EUR,approved,captured,ev_6lcxz3
372,2026-07-06T18:10:29.000Z,agent-15,summit-infra,cloud,9640,EUR,approved,captured,ev_bwpqw
373,2026-07-06T19:15:10.000Z,agent-02,granite-crm,software,368334,EUR,approved,captured,ev_1dl70w
374,2026-07-06T19:39:16.000Z,agent-31,quillpress,office,6121,EUR,approved,captured,ev_19kqjp
375,2026-07-06T20:15:25.000Z,agent-26,juniper-ai,hosting,4059,EUR,approved,captured,ev_69u0i
376,2026-07-06T21:45:30.000Z,agent-09,cinderstack,cloud,7276,EUR,approved,captured,ev_fluay9
377,2026-07-06T22:45:08.000Z,agent-27,lumen-post,domains,11396,EUR,approved,captured,ev_7s8awg
378,2026-07-06T23:00:48.000Z,agent-25,railsgate,hosting,14416,EUR,approved,captured,ev_ak9q3c
379,2026-07-06T23:51:40.000Z,agent-36,northline-api,office,6003,EUR,approved,captured,ev_gamvec
380,2026-07-06T23:58:36.000Z,agent-35,lumen-post,office,8605,EUR,approved,captured,ev_9ybvim
381,2026-07-07T00:11:43.000Z,agent-04,beacon-auth,software,4863,EUR,approved,captured,ev_abfjm6
382,2026-07-07T00:46:41.000Z,agent-38,quillpress,software,12318,EUR,approved,captured,ev_6hdy0x
383,2026-07-07T00:55:38.000Z,agent-37,railsgate,office,5809,EUR,approved,failed,ev_64xp7t
384,2026-07-07T01:00:44.000Z,agent-19,cobblestone-dev,groceries,4502,EUR,approved,captured,ev_bdbud
385,2026-07-07T01:07:44.000Z,agent-31,kestrel-metrics,groceries,16784,EUR,approved,captured,ev_adrz5v
386,2026-07-07T01:40:08.000Z,agent-18,quillpress,cloud,14372,EUR,approved,captured,ev_ayzfrw
387,2026-07-07T02:02:02.000Z,agent-40,ferrodata,software,9475,EUR,approved,captured,ev_7m0q1c
388,2026-07-07T02:04:51.000Z,agent-03,cinderstack,travel,11030,EUR,approved,captured,ev_4u8o3q
389,2026-07-07T02:46:24.000Z,agent-01,beacon-auth,software,13424,EUR,approved,failed,ev_c7chry
390,2026-07-07T02:46:43.000Z,agent-03,orchid-labs,travel,5287,EUR,approved,captured,ev_4y33qq
391,2026-07-07T02:54:53.000Z,agent-19,kestrel-metrics,office,12279,EUR,approved,captured,ev_13utyh
392,2026-07-07T03:08:56.000Z,agent-32,mineral-storage,cloud,15821,EUR,approved,captured,ev_bt0vzu
393,2026-07-07T03:36:00.000Z,agent-29,bytehost,cloud,5089,EUR,approved,refunded,ev_527r4f
394,2026-07-07T03:40:57.000Z,agent-30,kestrel-metrics,groceries,12250,EUR,approved,captured,ev_bgnomz
395,2026-07-07T03:52:43.000Z,agent-38,bytehost,office,2974,EUR,approved,captured,ev_98p24z
396,2026-07-07T04:14:19.000Z,agent-28,ferrodata,office,3993,EUR,approved,captured,ev_5bdn7g
397,2026-07-07T04:27:28.000Z,agent-20,voltage-io,travel,6737,EUR,approved,captured,ev_fuqxnv
398,2026-07-07T05:47:46.000Z,agent-36,meridian-cdn,advertising,11283,EUR,approved,captured,ev_c98gbb
399,2026-07-07T06:30:58.000Z,agent-11,northline-api,office,11093,EUR,approved,captured,ev_fz0mpr
400,2026-07-07T07:12:02.000Z,agent-26,beacon-auth,hosting,6011,EUR,approved,captured,ev_gjzxb
401,2026-07-07T07:27:09.000Z,agent-22,beacon-auth,software,8550,EUR,approved,captured,ev_crqv4t
402,2026-07-07T08:05:24.000Z,agent-06,railsgate,hosting,7227,EUR,approved,captured,ev_cfbqwo
403,2026-07-07T08:13:54.000Z,agent-35,mineral-storage,office,19661,EUR,approved,captured,ev_eu4j81
404,2026-07-07T08:21:12.000Z,agent-21,quillpress,advertising,2185,EUR,approved,captured,ev_vinbs
405,2026-07-07T08:23:58.000Z,agent-33,atlas-mail,advertising,32390,EUR,declined,none,ev_4gypb0
406,2026-07-07T08:42:31.000Z,agent-20,meridian-cdn,groceries,13825,EUR,approved,captured,ev_6rs1y0
407,2026-07-07T09:52:43.000Z,agent-08,pinecrest-apps,groceries,12049,EUR,approved,captured,ev_6a2n3r
408,2026-07-07T10:15:28.000Z,agent-34,orchid-labs,office,6651,EUR,approved,captured,ev_6x1k21
409,2026-07-07T10:19:04.000Z,agent-21,voltage-io,groceries,13196,EUR,approved,captured,ev_cn4xz1
410,2026-07-07T10:36:49.000Z,agent-12,summit-infra,software,8056,EUR,approved,captured,ev_70m5db
411,2026-07-07T10:56:18.000Z,agent-05,cobalt-cloud,software,6941,EUR,approved,captured,ev_g4s0vf
412,2026-07-07T11:59:47.000Z,agent-13,kestrel-metrics,domains,6569,EUR,approved,captured,ev_7kk1et
413,2026-07-07T12:41:55.000Z,agent-07,quillpress,hosting,11423,EUR,approved,captured,ev_cq17tf
414,2026-07-07T13:10:10.000Z,agent-17,orchid-labs,cloud,4546,EUR,approved,captured,ev_49geum
415,2026-07-07T13:30:55.000Z,agent-05,voltage-io,advertising,6198,EUR,approved,captured,ev_40wfpv
416,2026-07-07T13:46:25.000Z,agent-33,cinderstack,domains,9904,EUR,approved,captured,ev_33yedo
417,2026-07-07T13:59:48.000Z,agent-10,cobalt-cloud,cloud,6070,EUR,approved,captured,ev_4vvs9t
418,2026-07-07T13:59:56.000Z,agent-39,beacon-auth,groceries,12866,EUR,approved,refunded,ev_ghbu3p
419,2026-07-07T14:00:33.000Z,agent-04,northline-api,software,8370,EUR,approved,captured,ev_1dk6t
420,2026-07-07T14:54:28.000Z,agent-37,pinecrest-apps,travel,9523,EUR,approved,captured,ev_7j39qm
421,2026-07-07T15:08:10.000Z,agent-23,pinecrest-apps,domains,5289,EUR,approved,captured,ev_30p6jv
422,2026-07-07T16:26:03.000Z,agent-08,kestrel-metrics,advertising,9727,EUR,approved,captured,ev_4htc99
423,2026-07-07T16:42:51.000Z,agent-16,granite-crm,advertising,10073,EUR,approved,captured,ev_bqzdvt
424,2026-07-07T16:50:52.000Z,agent-02,cobblestone-dev,cloud,7750,EUR,approved,captured,ev_2s7mmq
425,2026-07-07T17:08:43.000Z,agent-09,beacon-auth,domains,10030,EUR,approved,failed,ev_96kl28
426,2026-07-07T17:11:53.000Z,agent-14,lumen-post,domains,13166,EUR,approved,captured,ev_4rdir1
427,2026-07-07T17:20:37.000Z,agent-18,ferrodata,domains,7950,EUR,approved,captured,ev_bwz3qx
428,2026-07-07T17:53:16.000Z,agent-02,pierstone-pay,software,366534,EUR,approved,captured,ev_8roat
429,2026-07-07T18:48:09.000Z,agent-02,arkwright-domains,groceries,5262,EUR,approved,captured,ev_8ms3s7
430,2026-07-07T19:05:48.000Z,agent-38,atlas-mail,domains,5645,EUR,approved,refunded,ev_f4etqc
431,2026-07-07T19:25:21.000Z,agent-36,bytehost,office,11571,EUR,approved,captured,ev_45fp40
432,2026-07-07T19:43:08.000Z,agent-17,northline-api,advertising,10921,EUR,approved,captured,ev_41c4ws
433,2026-07-07T19:49:40.000Z,agent-01,mineral-storage,groceries,5412,EUR,approved,captured,ev_1kd9ku
434,2026-07-07T20:02:48.000Z,agent-24,cobblestone-dev,advertising,14912,EUR,declined,none,ev_3djtrg
435,2026-07-07T20:18:55.000Z,agent-29,atlas-mail,travel,13153,EUR,approved,captured,ev_104kh9
436,2026-07-07T21:08:13.000Z,agent-27,granite-crm,software,8879,EUR,approved,captured,ev_91s1tz
437,2026-07-07T21:49:37.000Z,agent-38,summit-infra,groceries,13253,EUR,approved,captured,ev_9v1irk
438,2026-07-07T22:09:46.000Z,agent-31,cinderstack,cloud,2922,EUR,approved,captured,ev_5ail23
439,2026-07-07T22:40:00.000Z,agent-03,granite-crm,advertising,208913,EUR,approved,captured,ev_27zebv
440,2026-07-07T23:41:24.000Z,agent-26,pierstone-pay,software,8784,EUR,approved,captured,ev_962391
441,2026-07-08T00:25:01.000Z,agent-12,meridian-cdn,cloud,4964,EUR,approved,captured,ev_r4juv
442,2026-07-08T00:49:35.000Z,agent-17,pierstone-pay,groceries,2669,EUR,approved,captured,ev_7tw5ey
443,2026-07-08T01:19:53.000Z,agent-03,ferrite-tools,software,16029,EUR,approved,captured,ev_5bp8ov
444,2026-07-08T02:10:44.000Z,agent-15,arkwright-domains,groceries,6772,EUR,approved,captured,ev_9elg3i
445,2026-07-08T02:25:07.000Z,agent-25,voltage-io,groceries,15499,EUR,approved,captured,ev_8h5eyl
446,2026-07-08T02:43:04.000Z,agent-35,summit-infra,domains,14010,EUR,approved,captured,ev_3sbzch
447,2026-07-08T03:11:05.000Z,agent-30,vellum-crm,software,18920,EUR,approved,captured,ev_ev2je2
448,2026-07-08T03:13:14.000Z,agent-07,beacon-auth,cloud,8782,EUR,approved,captured,ev_bhydg5
449,2026-07-08T03:13:18.000Z,agent-39,voltage-io,office,4640,EUR,approved,captured,ev_e0ll9d
450,2026-07-08T03:38:32.000Z,agent-15,beacon-auth,groceries,30297,EUR,approved,captured,ev_c1nt0j
451,2026-07-08T03:49:35.000Z,agent-21,harbor-db,office,20631,EUR,approved,failed,ev_qx9pe
452,2026-07-08T05:07:27.000Z,agent-19,vellum-crm,advertising,8111,EUR,approved,captured,ev_e9ejif
453,2026-07-08T05:21:23.000Z,agent-20,northline-api,cloud,13092,EUR,approved,captured,ev_ec2sg7
454,2026-07-08T05:47:10.000Z,agent-34,orchid-labs,office,14262,EUR,approved,captured,ev_61eea
455,2026-07-08T05:55:17.000Z,agent-28,pinecrest-apps,groceries,10196,EUR,declined,none,ev_5pkqxa
456,2026-07-08T06:31:34.000Z,agent-02,railsgate,travel,15556,EUR,approved,captured,ev_d1hey8
457,2026-07-08T07:04:26.000Z,agent-32,atlas-mail,groceries,9120,EUR,approved,refunded,ev_6vqx9m
458,2026-07-08T07:07:58.000Z,agent-22,beacon-auth,cloud,18583,EUR,approved,failed,ev_4o4u01
459,2026-07-08T07:38:29.000Z,agent-11,kestrel-metrics,groceries,24422,EUR,approved,captured,ev_gifstq
460,2026-07-08T09:35:37.000Z,agent-40,orchid-labs,domains,12363,EUR,approved,captured,ev_3ekydc
461,2026-07-08T09:55:47.000Z,agent-06,quillpress,software,11392,EUR,approved,captured,ev_bfo8fm
462,2026-07-08T10:16:25.000Z,agent-25,cobalt-cloud,domains,7511,EUR,approved,captured,ev_906izd
463,2026-07-08T10:44:22.000Z,agent-10,cinderstack,advertising,7623,EUR,approved,captured,ev_9gw7uz
464,2026-07-08T10:45:37.000Z,agent-01,pierstone-pay,software,15000,EUR,approved,captured,ev_1g965c
465,2026-07-08T11:24:48.000Z,agent-38,pierstone-pay,domains,5978,EUR,approved,captured,ev_b8htak
466,2026-07-08T11:40:25.000Z,agent-26,voltage-io,cloud,6361,EUR,approved,refunded,ev_1m990q
467,2026-07-08T12:29:13.000Z,agent-33,beacon-auth,cloud,15005,EUR,approved,captured,ev_3rvam6
468,2026-07-08T13:44:18.000Z,agent-13,cobalt-cloud,cloud,10674,EUR,approved,captured,ev_cqla3d
469,2026-07-08T14:28:51.000Z,agent-18,voltage-io,travel,11300,EUR,approved,captured,ev_e50l89
470,2026-07-08T15:17:31.000Z,agent-27,quillpress,office,27855,EUR,approved,captured,ev_6ey0tr
471,2026-07-08T15:20:00.000Z,agent-03,granite-crm,advertising,182751,EUR,approved,captured,ev_ep8g2h
472,2026-07-08T15:49:46.000Z,agent-29,summit-infra,advertising,9650,EUR,approved,captured,ev_tg0nl
473,2026-07-08T16:52:37.000Z,agent-05,railsgate,office,5260,EUR,approved,captured,ev_byg8kq
474,2026-07-08T17:23:34.000Z,agent-16,railsgate,office,20197,EUR,approved,captured,ev_hg2hv
475,2026-07-08T17:45:10.000Z,agent-04,ferrite-tools,software,18779,EUR,approved,captured,ev_ad7u5k
476,2026-07-08T18:33:39.000Z,agent-28,vellum-crm,cloud,14346,EUR,approved,failed,ev_drp961
477,2026-07-08T18:36:24.000Z,agent-24,quillpress,domains,24533,EUR,approved,captured,ev_cy0p2y
478,2026-07-08T19:42:36.000Z,agent-02,cobalt-cloud,software,377720,EUR,approved,captured,ev_d7z2o7
479,2026-07-08T19:49:33.000Z,agent-08,ferrite-tools,office,11378,EUR,approved,captured,ev_dnsdol
480,2026-07-08T20:00:38.000Z,agent-27,meridian-cdn,groceries,6306,EUR,approved,captured,ev_dvy8yu
481,2026-07-08T20:14:25.000Z,agent-22,lumen-post,office,5068,EUR,approved,captured,ev_1ewu2z
482,2026-07-08T20:31:38.000Z,agent-09,ferrite-tools,groceries,9199,EUR,approved,captured,ev_bbkinj
483,2026-07-08T20:35:43.000Z,agent-06,lumen-post,hosting,8904,EUR,approved,captured,ev_6quir1
484,2026-07-08T20:39:43.000Z,agent-37,railsgate,advertising,19648,EUR,declined,none,ev_fne90w
485,2026-07-08T22:25:52.000Z,agent-23,voltage-io,hosting,8748,EUR,approved,captured,ev_bjz420
486,2026-07-08T22:26:41.000Z,agent-36,atlas-mail,groceries,6437,EUR,approved,captured,ev_le2uu
487,2026-07-08T22:32:11.000Z,agent-09,cobalt-cloud,office,9949,EUR,approved,captured,ev_ckl7hf
488,2026-07-08T22:38:22.000Z,agent-33,granite-crm,software,5261,EUR,approved,captured,ev_fmlld8
489,2026-07-08T22:43:17.000Z,agent-10,voltage-io,hosting,15221,EUR,approved,captured,ev_2mqcd8
490,2026-07-08T23:17:04.000Z,agent-31,atlas-mail,hosting,11767,EUR,approved,captured,ev_6l60az
491,2026-07-09T00:19:08.000Z,agent-14,lumen-post,cloud,11141,EUR,approved,captured,ev_28uu10
492,2026-07-09T00:45:50.000Z,agent-07,summit-infra,travel,8984,EUR,approved,captured,ev_eggktx
493,2026-07-09T01:18:18.000Z,agent-12,railsgate,travel,22492,EUR,approved,captured,ev_haidp
494,2026-07-09T01:29:26.000Z,agent-13,mineral-storage,groceries,3615,EUR,approved,captured,ev_afq4io
495,2026-07-09T02:31:33.000Z,agent-20,vellum-crm,software,7598,EUR,approved,captured,ev_34kzwk
496,2026-07-09T03:12:43.000Z,agent-11,cobalt-cloud,hosting,5459,EUR,approved,captured,ev_ge0lxl
497,2026-07-09T03:53:00.000Z,agent-15,atlas-mail,office,11160,EUR,approved,captured,ev_3jk7nk
498,2026-07-09T03:59:41.000Z,agent-24,pinecrest-apps,travel,11929,EUR,approved,captured,ev_dcz5ci
499,2026-07-09T04:06:31.000Z,agent-20,kestrel-metrics,travel,12340,EUR,approved,captured,ev_bgsqzc
500,2026-07-09T04:18:21.000Z,agent-19,railsgate,travel,7865,EUR,approved,captured,ev_f05cz2
501,2026-07-09T04:18:27.000Z,agent-37,vellum-crm,travel,12893,EUR,approved,captured,ev_ckd74u
502,2026-07-09T04:34:29.000Z,agent-25,cinderstack,travel,5243,EUR,approved,captured,ev_94rdmq
503,2026-07-09T04:39:12.000Z,agent-30,lumen-post,travel,6574,EUR,declined,none,ev_emeyzw
504,2026-07-09T04:42:54.000Z,agent-06,orchid-labs,groceries,5957,EUR,approved,captured,ev_e58u0g
505,2026-07-09T05:32:28.000Z,agent-21,cinderstack,cloud,8122,EUR,approved,captured,ev_89ob06
506,2026-07-09T05:39:59.000Z,agent-19,cinderstack,software,7531,EUR,approved,captured,ev_4dpaf0
507,2026-07-09T06:35:34.000Z,agent-03,ferrite-tools,groceries,11891,EUR,approved,captured,ev_fo1otd
508,2026-07-09T06:38:15.000Z,agent-17,cobblestone-dev,groceries,5584,EUR,approved,captured,ev_gblrsj
509,2026-07-09T06:57:28.000Z,agent-02,vellum-crm,advertising,10533,EUR,declined,none,ev_2n7lfd
510,2026-07-09T07:38:00.000Z,agent-06,pinecrest-apps,cloud,14721,EUR,declined,none,ev_b0lthx
511,2026-07-09T07:48:32.000Z,agent-25,vellum-crm,software,5517,EUR,approved,captured,ev_8vemp0
512,2026-07-09T08:00:00.000Z,agent-03,granite-crm,advertising,222214,EUR,approved,captured,ev_dumjrg
513,2026-07-09T08:07:36.000Z,agent-21,granite-crm,domains,13718,EUR,approved,captured,ev_3fpf6h
514,2026-07-09T09:56:42.000Z,agent-05,quillpress,cloud,12949,EUR,approved,captured,ev_az8po7
515,2026-07-09T10:07:27.000Z,agent-35,meridian-cdn,travel,14778,EUR,approved,captured,ev_fapdc2
516,2026-07-09T10:14:59.000Z,agent-40,mineral-storage,domains,5326,EUR,approved,captured,ev_exd8ro
517,2026-07-09T10:17:30.000Z,agent-11,meridian-cdn,groceries,12357,EUR,declined,none,ev_6w3m4n
518,2026-07-09T10:32:32.000Z,agent-39,atlas-mail,software,7569,EUR,approved,captured,ev_94qbh5
519,2026-07-09T10:54:08.000Z,agent-30,pierstone-pay,travel,12472,EUR,approved,captured,ev_7efhmu
520,2026-07-09T11:26:12.000Z,agent-10,cobblestone-dev,advertising,14905,EUR,approved,captured,ev_efw4h
521,2026-07-09T11:46:34.000Z,agent-25,granite-crm,hosting,13513,EUR,declined,none,ev_dtfgzz
522,2026-07-09T12:29:58.000Z,agent-14,mineral-storage,domains,4543,EUR,approved,captured,ev_e5ccaq
523,2026-07-09T12:40:52.000Z,agent-34,summit-infra,software,6537,EUR,approved,captured,ev_dkybmi
524,2026-07-09T13:19:40.000Z,agent-04,ferrite-tools,office,11161,EUR,approved,captured,ev_6shdv6
525,2026-07-09T14:47:15.000Z,agent-11,ferrodata,office,10991,EUR,approved,captured,ev_5psze2
526,2026-07-09T14:52:22.000Z,agent-27,harbor-db,software,13345,EUR,approved,captured,ev_19ieo4
527,2026-07-09T15:04:00.000Z,agent-32,summit-infra,domains,8379,EUR,declined,none,ev_dl6xaa
528,2026-07-09T15:21:16.000Z,agent-40,mineral-storage,cloud,12637,EUR,approved,captured,ev_13hlaq
529,2026-07-09T15:23:13.000Z,agent-26,atlas-mail,advertising,11846,EUR,approved,captured,ev_7tpve8
530,2026-07-09T15:42:10.000Z,agent-28,juniper-ai,domains,7676,EUR,approved,captured,ev_eomkuk
531,2026-07-09T16:13:35.000Z,agent-38,railsgate,office,11537,EUR,declined,none,ev_286eqp
532,2026-07-09T16:21:03.000Z,agent-29,beacon-auth,software,3086,EUR,approved,captured,ev_dxhaoj
533,2026-07-09T16:23:47.000Z,agent-08,pinecrest-apps,travel,4544,EUR,approved,captured,ev_bwwsif
534,2026-07-09T16:37:26.000Z,agent-22,quillpress,domains,31333,EUR,approved,captured,ev_fp9p50
535,2026-07-09T17:13:28.000Z,agent-24,lumen-post,advertising,7397,EUR,approved,captured,ev_aulb4h
536,2026-07-09T17:27:38.000Z,agent-18,lumen-post,hosting,4760,EUR,declined,none,ev_dswp5w
537,2026-07-09T17:42:30.000Z,agent-15,bytehost,domains,9362,EUR,approved,captured,ev_4nvfre
538,2026-07-09T18:36:11.000Z,agent-25,bytehost,travel,8329,EUR,approved,captured,ev_63pthk
539,2026-07-09T18:48:03.000Z,agent-01,railsgate,cloud,15451,EUR,approved,captured,ev_6rqyf8
540,2026-07-09T20:42:18.000Z,agent-12,mineral-storage,cloud,4971,EUR,approved,captured,ev_31m6mc
541,2026-07-09T20:51:53.000Z,agent-02,voltage-io,software,365360,EUR,approved,captured,ev_2mczqj
542,2026-07-09T21:18:41.000Z,agent-02,kestrel-metrics,travel,12636,EUR,approved,captured,ev_54drc4
543,2026-07-09T21:40:28.000Z,agent-07,beacon-auth,software,4419,EUR,approved,captured,ev_fx5ps2
544,2026-07-09T21:44:44.000Z,agent-16,bytehost,office,8135,EUR,approved,captured,ev_e0p96f
545,2026-07-09T22:11:04.000Z,agent-21,cobalt-cloud,software,6633,EUR,approved,captured,ev_2hvmin
546,2026-07-09T22:15:42.000Z,agent-29,beacon-auth,advertising,3917,EUR,approved,captured,ev_a56ya1
547,2026-07-09T22:27:05.000Z,agent-05,granite-crm,office,6494,EUR,approved,captured,ev_giuyeh
548,2026-07-09T22:36:36.000Z,agent-40,bytehost,hosting,5681,EUR,approved,captured,ev_a5tjoc
549,2026-07-10T00:28:01.000Z,agent-23,lumen-post,software,7781,EUR,approved,captured,ev_fimzsl
550,2026-07-10T00:40:00.000Z,agent-03,granite-crm,advertising,201371,EUR,approved,captured,ev_axkyak
551,2026-07-10T01:38:55.000Z,agent-30,beacon-auth,hosting,6795,EUR,approved,captured,ev_bna8ln
552,2026-07-10T01:57:42.000Z,agent-29,ferrite-tools,groceries,8580,EUR,approved,captured,ev_3nkfm2
553,2026-07-10T02:48:15.000Z,agent-17,pinecrest-apps,software,15257,EUR,approved,captured,ev_cq7qyu
554,2026-07-10T02:54:34.000Z,agent-21,granite-crm,groceries,6850,EUR,approved,captured,ev_5qjwon
555,2026-07-10T03:10:27.000Z,agent-09,railsgate,domains,5440,EUR,approved,captured,ev_cq15y0
556,2026-07-10T03:59:53.000Z,agent-33,beacon-auth,advertising,7738,EUR,approved,captured,ev_9vs3ms
557,2026-07-10T04:25:16.000Z,agent-31,lumen-post,software,16068,EUR,approved,captured,ev_cft7dp
558,2026-07-10T05:18:31.000Z,agent-36,ferrodata,domains,8669,EUR,approved,failed,ev_297pkb
559,2026-07-10T06:05:22.000Z,agent-25,granite-crm,hosting,6410,EUR,approved,captured,ev_2pavlc
560,2026-07-10T06:49:42.000Z,agent-26,orchid-labs,domains,4809,EUR,approved,captured,ev_2260y8
561,2026-07-10T07:20:39.000Z,agent-03,voltage-io,domains,7937,EUR,approved,refunded,ev_ei9n3g
562,2026-07-10T07:29:41.000Z,agent-31,cinderstack,software,11089,EUR,approved,captured,ev_g4j0t6
563,2026-07-10T07:50:45.000Z,agent-23,bytehost,domains,2556,EUR,approved,captured,ev_e5i5vz
564,2026-07-10T07:53:34.000Z,agent-13,pierstone-pay,domains,10198,EUR,approved,captured,ev_1metuv
565,2026-07-10T08:46:12.000Z,agent-34,atlas-mail,hosting,7382,EUR,approved,captured,ev_ewyuvp
566,2026-07-10T09:21:09.000Z,agent-14,mineral-storage,cloud,17621,EUR,approved,captured,ev_dvo6r4
567,2026-07-10T09:35:07.000Z,agent-16,quillpress,travel,8109,EUR,approved,captured,ev_2pecf9
568,2026-07-10T09:54:08.000Z,agent-21,atlas-mail,domains,9808,EUR,approved,captured,ev_5zlkae
569,2026-07-10T10:17:27.000Z,agent-27,railsgate,hosting,3918,EUR,approved,captured,ev_3yf0e6
570,2026-07-10T10:52:39.000Z,agent-01,beacon-auth,groceries,2823,EUR,approved,captured,ev_bs83k4
571,2026-07-10T11:07:46.000Z,agent-04,juniper-ai,advertising,20157,EUR,approved,captured,ev_8y8guq
572,2026-07-10T11:55:34.000Z,agent-37,pinecrest-apps,cloud,6981,EUR,approved,captured,ev_5r9mvm
573,2026-07-10T12:07:32.000Z,agent-20,granite-crm,groceries,9193,EUR,approved,refunded,ev_ua5bk
574,2026-07-10T12:48:16.000Z,agent-19,bytehost,hosting,9723,EUR,declined,none,ev_ehlzmv
575,2026-07-10T12:52:39.000Z,agent-06,beacon-auth,office,3709,EUR,approved,captured,ev_tc1wq
576,2026-07-10T12:53:33.000Z,agent-10,northline-api,groceries,5648,EUR,approved,captured,ev_7yu4hg
577,2026-07-10T13:22:38.000Z,agent-22,mineral-storage,hosting,18718,EUR,approved,captured,ev_11zr08
578,2026-07-10T14:00:47.000Z,agent-12,atlas-mail,travel,16651,EUR,approved,captured,ev_celq1r
579,2026-07-10T14:43:27.000Z,agent-35,voltage-io,advertising,10493,EUR,approved,captured,ev_27m2lg
580,2026-07-10T14:57:11.000Z,agent-08,lumen-post,groceries,4515,EUR,approved,captured,ev_821wbe
581,2026-07-10T15:32:32.000Z,agent-29,lumen-post,travel,5498,EUR,approved,captured,ev_1qmws2
582,2026-07-10T15:36:28.000Z,agent-38,meridian-cdn,travel,21773,EUR,approved,captured,ev_7priyo
583,2026-07-10T16:06:54.000Z,agent-36,mineral-storage,groceries,2580,EUR,approved,captured,ev_6l65lc
584,2026-07-10T16:49:13.000Z,agent-01,meridian-cdn,groceries,6765,EUR,approved,captured,ev_4l5z1s
585,2026-07-10T17:03:13.000Z,agent-05,railsgate,advertising,14221,EUR,approved,captured,ev_3z5mf5
586,2026-07-10T17:20:00.000Z,agent-03,granite-crm,advertising,203198,EUR,approved,captured,ev_9rsaqg
587,2026-07-10T18:02:45.000Z,agent-39,kestrel-metrics,office,6094,EUR,approved,captured,ev_clw86c
588,2026-07-10T18:59:47.000Z,agent-39,mineral-storage,advertising,7164,EUR,approved,failed,ev_8c6im4
589,2026-07-10T19:16:46.000Z,agent-34,ferrodata,cloud,7103,EUR,approved,captured,ev_bqfrk8
590,2026-07-10T19:17:58.000Z,agent-32,kestrel-metrics,travel,3633,EUR,declined,none,ev_3qo0yd
591,2026-07-10T19:29:59.000Z,agent-15,pierstone-pay,groceries,14775,EUR,approved,captured,ev_787ogz
592,2026-07-10T19:31:47.000Z,agent-30,cobblestone-dev,advertising,15628,EUR,approved,captured,ev_7rvypu
593,2026-07-10T20:31:49.000Z,agent-02,ferrodata,software,370265,EUR,approved,captured,ev_3pll2
594,2026-07-10T21:23:24.000Z,agent-08,northline-api,software,6738,EUR,approved,captured,ev_au8uyr
595,2026-07-10T21:30:25.000Z,agent-18,quillpress,software,8111,EUR,approved,captured,ev_gd87d1
596,2026-07-10T21:40:48.000Z,agent-28,lumen-post,travel,7599,EUR,approved,captured,ev_1w5qdj
597,2026-07-10T22:04:36.000Z,agent-11,harbor-db,hosting,5084,EUR,approved,captured,ev_disrgu
598,2026-07-10T22:29:17.000Z,agent-26,kestrel-metrics,cloud,6008,EUR,approved,captured,ev_9v00d3
599,2026-07-11T00:36:25.000Z,agent-24,cinderstack,software,9887,EUR,approved,captured,ev_921ams
600,2026-07-11T00:56:11.000Z,agent-07,ferrite-tools,travel,7236,EUR,approved,captured,ev_dxr3ee
601,2026-07-11T01:43:45.000Z,agent-03,ferrodata,domains,10333,EUR,approved,captured,ev_61zdbf
602,2026-07-11T02:46:08.000Z,agent-11,vellum-crm,hosting,13295,EUR,approved,captured,ev_ac5opg
603,2026-07-11T03:02:19.000Z,agent-14,pierstone-pay,domains,4969,EUR,approved,captured,ev_2oghte
604,2026-07-11T03:20:13.000Z,agent-25,beacon-auth,hosting,9374,EUR,approved,captured,ev_ewd7vc
605,2026-07-11T03:46:15.000Z,agent-15,quillpress,travel,4393,EUR,approved,captured,ev_4a9583
606,2026-07-11T04:03:29.000Z,agent-28,railsgate,software,4007,EUR,approved,refunded,ev_6pnp5r
607,2026-07-11T04:25:45.000Z,agent-01,cinderstack,groceries,5629,EUR,approved,captured,ev_1tm5fw
608,2026-07-11T04:26:09.000Z,agent-02,railsgate,advertising,5542,EUR,declined,none,ev_fiotpf
609,2026-07-11T04:42:06.000Z,agent-13,ferrodata,advertising,9189,EUR,approved,captured,ev_3rl0ha
610,2026-07-11T05:04:08.000Z,agent-17,kestrel-metrics,groceries,12325,EUR,approved,captured,ev_bhwbrk
611,2026-07-11T05:11:09.000Z,agent-10,railsgate,groceries,7826,EUR,approved,captured,ev_c0c3mb
612,2026-07-11T05:22:02.000Z,agent-40,vellum-crm,travel,2344,EUR,approved,refunded,ev_d4bdwo
613,2026-07-11T05:22:53.000Z,agent-15,voltage-io,advertising,8207,EUR,approved,captured,ev_1vuwwo
614,2026-07-11T06:05:09.000Z,agent-33,cobalt-cloud,office,7137,EUR,approved,captured,ev_48sx7e
615,2026-07-11T06:07:16.000Z,agent-04,quillpress,hosting,10976,EUR,approved,captured,ev_73fb85
616,2026-07-11T06:16:32.000Z,agent-18,arkwright-domains,software,25303,EUR,approved,captured,ev_rv0zy
617,2026-07-11T06:51:07.000Z,agent-28,arkwright-domains,groceries,9531,EUR,approved,captured,ev_fnzhrh
618,2026-07-11T07:17:20.000Z,agent-36,granite-crm,cloud,13140,EUR,approved,captured,ev_5zrric
619,2026-07-11T07:18:34.000Z,agent-09,lumen-post,cloud,11393,EUR,approved,failed,ev_f3hf6k
620,2026-07-11T07:35:59.000Z,agent-34,harbor-db,office,7310,EUR,approved,captured,ev_53ikag
621,2026-07-11T07:47:04.000Z,agent-14,bytehost,advertising,5433,EUR,approved,captured,ev_71bdws
622,2026-07-11T07:51:24.000Z,agent-22,orchid-labs,software,26450,EUR,approved,captured,ev_d8woy7
623,2026-07-11T09:11:35.000Z,agent-07,arkwright-domains,travel,7228,EUR,approved,captured,ev_cd7obc
624,2026-07-11T10:02:11.000Z,agent-24,northline-api,advertising,11146,EUR,approved,captured,ev_co3l9a
625,2026-07-11T10:03:33.000Z,agent-31,mineral-storage,travel,13199,EUR,approved,captured,ev_5l5axh
626,2026-07-11T10:13:10.000Z,agent-21,lumen-post,advertising,6727,EUR,approved,captured,ev_41azeh
627,2026-07-11T10:17:40.000Z,agent-05,bytehost,advertising,8601,EUR,approved,captured,ev_55jko5
628,2026-07-11T11:04:00.000Z,agent-05,juniper-ai,travel,6323,EUR,approved,captured,ev_fp2do8
629,2026-07-11T11:22:27.000Z,agent-23,lumen-post,office,8166,EUR,approved,captured,ev_dk180h
630,2026-07-11T12:30:26.000Z,agent-03,atlas-mail,hosting,5341,EUR,approved,captured,ev_cvhebw
631,2026-07-11T13:28:51.000Z,agent-32,quillpress,hosting,6662,EUR,approved,failed,ev_9k7ou3
632,2026-07-11T13:32:39.000Z,agent-16,pinecrest-apps,groceries,17048,EUR,approved,captured,ev_ajs7p0
633,2026-07-11T13:38:04.000Z,agent-07,atlas-mail,travel,9912,EUR,approved,captured,ev_1fxet3
634,2026-07-11T13:40:13.000Z,agent-37,cinderstack,travel,3515,EUR,approved,captured,ev_dq8c4r
635,2026-07-11T14:32:10.000Z,agent-20,arkwright-domains,hosting,7533,EUR,approved,captured,ev_1bi24g
636,2026-07-11T14:46:58.000Z,agent-27,quillpress,travel,7643,EUR,approved,captured,ev_bufffc
637,2026-07-11T15:26:45.000Z,agent-08,atlas-mail,software,7113,EUR,approved,captured,ev_798vp9
638,2026-07-11T16:29:56.000Z,agent-06,arkwright-domains,groceries,12622,EUR,approved,captured,ev_5tbl7p
639,2026-07-11T16:38:25.000Z,agent-33,pinecrest-apps,office,5036,EUR,approved,captured,ev_6qypbj
640,2026-07-11T16:40:52.000Z,agent-35,cinderstack,advertising,8791,EUR,approved,captured,ev_g3p2zw
641,2026-07-11T17:56:34.000Z,agent-29,railsgate,domains,19140,EUR,approved,captured,ev_dsuxgw
642,2026-07-11T18:13:01.000Z,agent-38,granite-crm,cloud,10064,EUR,approved,refunded,ev_4c2f99
643,2026-07-11T18:36:41.000Z,agent-30,mineral-storage,cloud,8541,EUR,approved,captured,ev_3d88ym
644,2026-07-11T19:17:02.000Z,agent-19,quillpress,domains,3416,EUR,approved,captured,ev_8q1arf
645,2026-07-11T19:30:30.000Z,agent-22,bytehost,groceries,14950,EUR,approved,captured,ev_9ukxcm
646,2026-07-11T19:32:50.000Z,agent-15,lumen-post,office,3031,EUR,approved,captured,ev_996f2b
647,2026-07-11T20:16:00.000Z,agent-03,harbor-db,advertising,16383,EUR,approved,captured,ev_30weiv
648,2026-07-11T20:19:43.000Z,agent-11,summit-infra,groceries,5688,EUR,approved,captured,ev_9ay3it
649,2026-07-11T21:37:17.000Z,agent-36,orchid-labs,office,6991,EUR,approved,captured,ev_7rmsjv
650,2026-07-11T22:02:57.000Z,agent-12,voltage-io,travel,5572,EUR,approved,captured,ev_3fink2
651,2026-07-11T23:13:57.000Z,agent-20,granite-crm,domains,9868,EUR,approved,captured,ev_5e4kgr
652,2026-07-11T23:31:32.000Z,agent-35,pierstone-pay,office,13762,EUR,declined,none,ev_djgyaw
653,2026-07-11T23:42:32.000Z,agent-03,pinecrest-apps,hosting,12762,EUR,approved,refunded,ev_g7r7c5
654,2026-07-11T23:45:01.000Z,agent-17,orchid-labs,travel,13255,EUR,approved,captured,ev_dsarp8
655,2026-07-11T23:45:08.000Z,agent-05,mineral-storage,groceries,24027,EUR,approved,captured,ev_2k7tmr
656,2026-07-12T00:00:40.000Z,agent-16,pierstone-pay,travel,23179,EUR,approved,captured,ev_c4ywpi
657,2026-07-12T00:15:09.000Z,agent-01,juniper-ai,office,7797,EUR,approved,captured,ev_21l7fd
658,2026-07-12T00:55:56.000Z,agent-28,voltage-io,domains,9527,EUR,approved,captured,ev_2twjlo
659,2026-07-12T02:01:43.000Z,agent-09,orchid-labs,hosting,4991,EUR,approved,captured,ev_3pvyjc
660,2026-07-12T02:03:57.000Z,agent-20,pinecrest-apps,software,8280,EUR,approved,failed,ev_16is1t
661,2026-07-12T02:10:58.000Z,agent-25,granite-crm,travel,13245,EUR,approved,captured,ev_272fmi
662,2026-07-12T02:48:15.000Z,agent-36,kestrel-metrics,advertising,4702,EUR,approved,captured,ev_3hlz1l
663,2026-07-12T03:05:26.000Z,agent-39,summit-infra,cloud,19408,EUR,approved,captured,ev_e1qks8
664,2026-07-12T03:13:34.000Z,agent-19,granite-crm,office,6222,EUR,approved,captured,ev_giv6ks
665,2026-07-12T03:17:56.000Z,agent-30,atlas-mail,office,4429,EUR,approved,captured,ev_gaakte
666,2026-07-12T03:45:37.000Z,agent-11,pierstone-pay,domains,6331,EUR,approved,captured,ev_dos68v
667,2026-07-12T04:01:53.000Z,agent-33,pinecrest-apps,groceries,7136,EUR,approved,captured,ev_a4opnq
668,2026-07-12T04:05:52.000Z,agent-40,northline-api,advertising,4834,EUR,approved,captured,ev_8l2yhx
669,2026-07-12T04:10:39.000Z,agent-32,pinecrest-apps,hosting,10200,EUR,approved,captured,ev_geyvtc
670,2026-07-12T04:24:31.000Z,agent-01,arkwright-domains,software,5103,EUR,approved,captured,ev_3055qe
671,2026-07-12T04:29:31.000Z,agent-03,bytehost,software,6876,EUR,approved,captured,ev_45hnzz
672,2026-07-12T05:34:08.000Z,agent-18,northline-api,office,5263,EUR,approved,captured,ev_316nkk
673,2026-07-12T05:48:56.000Z,agent-26,juniper-ai,software,14530,EUR,approved,captured,ev_g92fs6
674,2026-07-12T06:54:59.000Z,agent-10,pierstone-pay,domains,6157,EUR,approved,captured,ev_cb8qpf
675,2026-07-12T07:29:54.000Z,agent-02,cobblestone-dev,office,6899,EUR,approved,captured,ev_2htamz
676,2026-07-12T07:40:07.000Z,agent-34,bytehost,groceries,10479,EUR,approved,captured,ev_dxjlsr
677,2026-07-12T07:45:17.000Z,agent-13,pierstone-pay,travel,14804,EUR,approved,captured,ev_f9y9qd
678,2026-07-12T08:08:38.000Z,agent-14,cobblestone-dev,hosting,8532,EUR,declined,none,ev_cqi27x
679,2026-07-12T08:59:21.000Z,agent-23,meridian-cdn,software,11514,EUR,declined,none,ev_7oelsl
680,2026-07-12T11:23:21.000Z,agent-10,summit-infra,groceries,4384,EUR,declined,none,ev_765531
681,2026-07-12T11:37:17.000Z,agent-15,mineral-storage,domains,20849,EUR,approved,captured,ev_6b7iif
682,2026-07-12T11:43:06.000Z,agent-21,mineral-storage,hosting,10976,EUR,approved,failed,ev_5v9l1t
683,2026-07-12T11:59:45.000Z,agent-30,railsgate,hosting,21285,EUR,approved,captured,ev_ca5ulh
684,2026-07-12T12:24:16.000Z,agent-39,juniper-ai,domains,5533,EUR,approved,captured,ev_d53xqq
685,2026-07-12T12:46:00.000Z,agent-25,northline-api,hosting,6156,EUR,approved,failed,ev_bz7081
686,2026-07-12T12:51:37.000Z,agent-37,ferrodata,domains,6314,EUR,approved,captured,ev_9vfho2
687,2026-07-12T13:05:56.000Z,agent-04,harbor-db,advertising,8082,EUR,approved,captured,ev_9n6z78
688,2026-07-12T13:38:39.000Z,agent-32,quillpress,travel,5337,EUR,approved,captured,ev_9gaip8
689,2026-07-12T14:00:39.000Z,agent-27,northline-api,hosting,8299,EUR,approved,captured,ev_67deig
690,2026-07-12T14:29:36.000Z,agent-17,cinderstack,groceries,9316,EUR,approved,captured,ev_9oft7y
691,2026-07-12T14:35:16.000Z,agent-24,quillpress,software,9209,EUR,approved,captured,ev_gizt8f
692,2026-07-12T14:58:02.000Z,agent-31,ferrodata,office,8392,EUR,approved,refunded,ev_7dw5p2
693,2026-07-12T14:58:30.000Z,agent-32,arkwright-domains,travel,4956,EUR,approved,captured,ev_3byqq2
694,2026-07-12T15:20:25.000Z,agent-38,pierstone-pay,domains,3320,EUR,approved,captured,ev_4cyya
695,2026-07-12T16:23:30.000Z,agent-09,pierstone-pay,groceries,17909,EUR,approved,captured,ev_dmd3pi
696,2026-07-12T17:18:26.000Z,agent-22,railsgate,cloud,8992,EUR,approved,captured,ev_902dlk
697,2026-07-12T17:23:19.000Z,agent-08,granite-crm,software,17930,EUR,approved,captured,ev_264lsb
698,2026-07-12T18:59:03.000Z,agent-03,meridian-cdn,cloud,8919,EUR,approved,captured,ev_8daxcg
699,2026-07-12T19:10:59.000Z,agent-02,quillpress,groceries,10723,EUR,approved,captured,ev_f9wsju
700,2026-07-12T19:21:47.000Z,agent-07,lumen-post,cloud,17944,EUR,declined,none,ev_977xye
701,2026-07-12T19:45:30.000Z,agent-12,arkwright-domains,domains,10673,EUR,approved,captured,ev_4zf9my
702,2026-07-12T20:15:25.000Z,agent-28,harbor-db,domains,9325,EUR,approved,captured,ev_vabzj
703,2026-07-12T20:23:27.000Z,agent-24,northline-api,software,11487,EUR,approved,captured,ev_2oovhe
704,2026-07-12T20:24:54.000Z,agent-34,summit-infra,office,14857,EUR,approved,captured,ev_72w1mt
705,2026-07-12T20:41:03.000Z,agent-01,voltage-io,hosting,4739,EUR,approved,captured,ev_fipli5
706,2026-07-12T22:01:10.000Z,agent-26,pierstone-pay,groceries,4676,EUR,approved,captured,ev_6f0gvd
707,2026-07-12T22:08:44.000Z,agent-15,atlas-mail,domains,15248,EUR,approved,captured,ev_393gou
708,2026-07-12T22:24:23.000Z,agent-30,harbor-db,software,4642,EUR,approved,captured,ev_2pqhk8
709,2026-07-12T22:52:29.000Z,agent-20,cobalt-cloud,cloud,4375,EUR,approved,captured,ev_5vnqst
710,2026-07-12T23:00:35.000Z,agent-29,lumen-post,domains,5981,EUR,approved,captured,ev_kmf4
711,2026-07-13T00:28:17.000Z,agent-29,northline-api,cloud,4777,EUR,approved,captured,ev_cmcvcr
712,2026-07-13T00:40:48.000Z,agent-06,voltage-io,office,43924,EUR,approved,captured,ev_4ra4ri
713,2026-07-13T00:51:27.000Z,agent-18,railsgate,domains,10357,EUR,approved,captured,ev_30cp8p
714,2026-07-13T01:06:32.000Z,agent-16,vellum-crm,hosting,14024,EUR,approved,failed,ev_faid2
715,2026-07-13T01:10:50.000Z,agent-19,pierstone-pay,office,8260,EUR,approved,captured,ev_9suezk
716,2026-07-13T02:18:23.000Z,agent-23,meridian-cdn,office,12710,EUR,approved,captured,ev_ctnl15
717,2026-07-13T03:03:25.000Z,agent-14,ferrodata,advertising,20883,EUR,approved,captured,ev_gceale
718,2026-07-13T04:02:25.000Z,agent-35,ferrodata,software,10227,EUR,approved,captured,ev_1mcr5v
719,2026-07-13T04:09:11.000Z,agent-20,summit-infra,hosting,9354,EUR,approved,failed,ev_9y1d6q
720,2026-07-13T04:31:57.000Z,agent-31,atlas-mail,software,12132,EUR,approved,captured,ev_aewffn
721,2026-07-13T04:36:21.000Z,agent-32,bytehost,software,17830,EUR,approved,captured,ev_7m8l7n
722,2026-07-13T04:57:42.000Z,agent-13,pierstone-pay,advertising,7403,EUR,approved,captured,ev_1ctco6
723,2026-07-13T05:15:55.000Z,agent-33,ferrite-tools,cloud,7459,EUR,approved,captured,ev_4ywj2n
724,2026-07-13T05:40:57.000Z,agent-16,harbor-db,software,3901,EUR,approved,captured,ev_cbfjf1
725,2026-07-13T05:43:56.000Z,agent-05,summit-infra,domains,5775,EUR,approved,refunded,ev_acjd0x
726,2026-07-13T05:53:31.000Z,agent-11,pinecrest-apps,hosting,10914,EUR,approved,captured,ev_2y8np4
727,2026-07-13T06:27:42.000Z,agent-36,beacon-auth,cloud,5890,EUR,approved,refunded,ev_fgu65f
728,2026-07-13T07:13:01.000Z,agent-08,pinecrest-apps,travel,8598,EUR,approved,captured,ev_czjeof
729,2026-07-13T07:15:30.000Z,agent-34,cinderstack,office,28587,EUR,approved,captured,ev_ggjgcy
730,2026-07-13T07:21:49.000Z,agent-09,mineral-storage,domains,14161,EUR,approved,captured,ev_an252i
731,2026-07-13T07:35:32.000Z,agent-40,voltage-io,advertising,13019,EUR,approved,captured,ev_e8y23w
732,2026-07-13T07:39:26.000Z,agent-14,kestrel-metrics,domains,5259,EUR,approved,captured,ev_9iraz7
733,2026-07-13T08:12:52.000Z,agent-19,quillpress,groceries,8201,EUR,approved,captured,ev_dyjfyf
734,2026-07-13T08:23:37.000Z,agent-14,harbor-db,hosting,43176,EUR,approved,captured,ev_xbswl
735,2026-07-13T08:27:21.000Z,agent-33,cobblestone-dev,software,6584,EUR,approved,captured,ev_2h8w7y
736,2026-07-13T08:43:08.000Z,agent-26,cobblestone-dev,office,6552,EUR,approved,captured,ev_1xss08
737,2026-07-13T08:48:21.000Z,agent-38,voltage-io,groceries,7994,EUR,approved,captured,ev_cbhef5
738,2026-07-13T09:34:43.000Z,agent-10,cobalt-cloud,domains,7074,EUR,approved,captured,ev_a3i8qo
739,2026-07-13T09:54:26.000Z,agent-25,lumen-post,domains,9356,EUR,declined,none,ev_azv0k2
740,2026-07-13T10:33:04.000Z,agent-38,summit-infra,advertising,9659,EUR,approved,captured,ev_43sein
741,2026-07-13T11:41:38.000Z,agent-15,mineral-storage,advertising,6576,EUR,approved,captured,ev_cj109b
742,2026-07-13T11:52:09.000Z,agent-37,lumen-post,hosting,9671,EUR,approved,captured,ev_6d2tx8
743,2026-07-13T12:48:57.000Z,agent-02,ferrite-tools,advertising,8051,EUR,approved,captured,ev_1zggqp
744,2026-07-13T13:05:38.000Z,agent-10,pinecrest-apps,domains,7534,EUR,approved,captured,ev_7gtcxn
745,2026-07-13T13:15:02.000Z,agent-28,cinderstack,advertising,12646,EUR,approved,captured,ev_9vlhza
746,2026-07-13T13:23:48.000Z,agent-09,kestrel-metrics,office,3497,EUR,approved,captured,ev_3vw3rp
747,2026-07-13T13:56:18.000Z,agent-24,cobalt-cloud,hosting,11110,EUR,approved,captured,ev_aa8kik
748,2026-07-13T14:23:27.000Z,agent-11,quillpress,software,3739,EUR,approved,captured,ev_3jsjpt
749,2026-07-13T14:42:51.000Z,agent-37,pierstone-pay,domains,5787,EUR,approved,captured,ev_1v3ebu
750,2026-07-13T14:46:03.000Z,agent-27,cinderstack,software,5229,EUR,approved,captured,ev_enncjg
751,2026-07-13T15:35:35.000Z,agent-04,beacon-auth,advertising,6326,EUR,approved,captured,ev_czsnkd
752,2026-07-13T15:41:36.000Z,agent-07,summit-infra,cloud,10020,EUR,approved,captured,ev_1dt0pl
753,2026-07-13T15:49:46.000Z,agent-15,mineral-storage,software,14722,EUR,approved,captured,ev_93dyzb
754,2026-07-13T16:16:56.000Z,agent-19,meridian-cdn,travel,10508,EUR,approved,failed,ev_djl2em
755,2026-07-13T17:05:40.000Z,agent-21,orchid-labs,hosting,9507,EUR,approved,captured,ev_ae46mk
756,2026-07-13T17:17:31.000Z,agent-39,harbor-db,domains,9847,EUR,approved,captured,ev_dlgmas
757,2026-07-13T17:43:49.000Z,agent-03,quillpress,domains,11494,EUR,approved,captured,ev_1lxb15
758,2026-07-13T19:00:13.000Z,agent-25,meridian-cdn,software,6883,EUR,declined,none,ev_6v0f3m
759,2026-07-13T19:16:44.000Z,agent-27,pinecrest-apps,hosting,8643,EUR,approved,captured,ev_e1mwvs
760,2026-07-13T19:27:23.000Z,agent-13,granite-crm,advertising,8010,EUR,approved,captured,ev_cnj287
761,2026-07-13T19:43:24.000Z,agent-12,harbor-db,cloud,7715,EUR,approved,captured,ev_agglzc
762,2026-07-13T19:58:09.000Z,agent-30,pierstone-pay,hosting,8792,EUR,approved,captured,ev_dpfqah
763,2026-07-13T20:36:10.000Z,agent-18,meridian-cdn,travel,7172,EUR,approved,captured,ev_ttwe4
764,2026-07-13T21:33:32.000Z,agent-22,granite-crm,hosting,27844,EUR,approved,captured,ev_dtwiok
765,2026-07-13T21:43:15.000Z,agent-32,pinecrest-apps,domains,7580,EUR,approved,captured,ev_4btnmm
766,2026-07-13T21:46:06.000Z,agent-26,cobblestone-dev,domains,8134,EUR,approved,captured,ev_1d2cod
767,2026-07-13T21:55:50.000Z,agent-14,northline-api,software,17777,EUR,approved,captured,ev_2gp840
768,2026-07-13T22:44:23.000Z,agent-17,arkwright-domains,travel,10136,EUR,approved,captured,ev_3pe5y5
769,2026-07-13T23:05:55.000Z,agent-07,beacon-auth,software,7987,EUR,approved,captured,ev_3qsnfo
770,2026-07-13T23:22:45.000Z,agent-12,mineral-storage,travel,6190,EUR,approved,captured,ev_464wp
771,2026-07-13T23:26:31.000Z,agent-01,vellum-crm,domains,10165,EUR,declined,none,ev_e7o92y
772,2026-07-13T23:37:54.000Z,agent-20,pinecrest-apps,hosting,14798,EUR,approved,captured,ev_25f8nh
773,2026-07-14T00:13:28.000Z,agent-33,summit-infra,travel,10125,EUR,approved,captured,ev_653drg
774,2026-07-14T00:54:17.000Z,agent-26,quillpress,office,9068,EUR,approved,captured,ev_ddvnvb
775,2026-07-14T02:01:20.000Z,agent-30,cobblestone-dev,groceries,3655,EUR,approved,refunded,ev_xmeu4
776,2026-07-14T02:29:18.000Z,agent-28,voltage-io,advertising,14744,EUR,approved,captured,ev_be2stk
777,2026-07-14T02:34:43.000Z,agent-20,arkwright-domains,groceries,6360,EUR,approved,captured,ev_9ei1sy
778,2026-07-14T04:08:08.000Z,agent-17,quillpress,travel,7971,EUR,approved,captured,ev_9gz2wv
779,2026-07-14T04:18:55.000Z,agent-29,kestrel-metrics,cloud,5271,EUR,approved,captured,ev_8sx0pk
780,2026-07-14T05:56:37.000Z,agent-06,ferrite-tools,hosting,7092,EUR,approved,captured,ev_b8414m
781,2026-07-14T06:24:28.000Z,agent-11,mineral-storage,office,6862,EUR,approved,captured,ev_3novys
782,2026-07-14T06:45:53.000Z,agent-01,bytehost,hosting,5615,EUR,approved,captured,ev_2jhn5u
783,2026-07-14T07:18:42.000Z,agent-03,pierstone-pay,office,7516,EUR,approved,captured,ev_3z7ma4
784,2026-07-14T07:21:41.000Z,agent-28,arkwright-domains,cloud,14933,EUR,approved,captured,ev_d3deg7
785,2026-07-14T07:35:28.000Z,agent-29,orchid-labs,advertising,30403,EUR,approved,captured,ev_6xr92j
786,2026-07-14T07:40:44.000Z,agent-38,ferrodata,domains,4439,EUR,approved,captured,ev_5gbghx
787,2026-07-14T07:52:34.000Z,agent-16,ferrite-tools,hosting,6833,EUR,approved,captured,ev_f5jjp6
788,2026-07-14T08:09:20.000Z,agent-23,ferrite-tools,advertising,4067,EUR,approved,captured,ev_1xkz75
789,2026-07-14T09:10:13.000Z,agent-02,pinecrest-apps,office,5658,EUR,approved,captured,ev_3vp4rs
790,2026-07-14T09:12:50.000Z,agent-31,harbor-db,groceries,13890,EUR,declined,none,ev_djfz2d
791,2026-07-14T09:26:02.000Z,agent-36,vellum-crm,office,3726,EUR,approved,captured,ev_4wnyg1
792,2026-07-14T09:40:01.000Z,agent-13,cobblestone-dev,hosting,6322,EUR,approved,captured,ev_e7vk7m
793,2026-07-14T09:41:39.000Z,agent-08,cobalt-cloud,hosting,13365,EUR,approved,refunded,ev_6ndtyh
794,2026-07-14T09:57:01.000Z,agent-03,cobblestone-dev,domains,6412,EUR,approved,captured,ev_rcnug
795,2026-07-14T10:05:55.000Z,agent-02,pierstone-pay,domains,7540,EUR,approved,captured,ev_2ybcm9
796,2026-07-14T10:18:14.000Z,agent-35,pierstone-pay,advertising,18537,EUR,approved,captured,ev_8w6st2
797,2026-07-14T10:52:02.000Z,agent-34,ferrite-tools,hosting,4020,EUR,approved,captured,ev_58r3mo
798,2026-07-14T11:59:16.000Z,agent-30,cobblestone-dev,software,17100,EUR,approved,captured,ev_4qadi5
799,2026-07-14T12:22:46.000Z,agent-28,pinecrest-apps,travel,9923,EUR,approved,captured,ev_8bghgs
800,2026-07-14T12:29:30.000Z,agent-16,meridian-cdn,advertising,5158,EUR,approved,captured,ev_8zoq7
801,2026-07-14T12:47:32.000Z,agent-05,meridian-cdn,groceries,16205,EUR,approved,captured,ev_32ql0q
802,2026-07-14T13:06:49.000Z,agent-40,cinderstack,software,9143,EUR,approved,captured,ev_5mfua8
803,2026-07-14T13:53:38.000Z,agent-14,summit-infra,hosting,7355,EUR,approved,captured,ev_6n9060
804,2026-07-14T13:55:57.000Z,agent-10,kestrel-metrics,cloud,3796,EUR,approved,captured,ev_9wxap4
805,2026-07-14T14:07:03.000Z,agent-37,mineral-storage,groceries,7047,EUR,approved,captured,ev_8vw4y5
806,2026-07-14T14:38:59.000Z,agent-25,kestrel-metrics,travel,8817,EUR,approved,captured,ev_6hg3aj
807,2026-07-14T14:39:57.000Z,agent-33,kestrel-metrics,office,7292,EUR,approved,captured,ev_eks1l0
808,2026-07-14T15:05:43.000Z,agent-04,railsgate,hosting,7327,EUR,approved,captured,ev_asob1i
809,2026-07-14T15:30:25.000Z,agent-20,lumen-post,advertising,6555,EUR,approved,captured,ev_eukvuq
810,2026-07-14T16:11:30.000Z,agent-25,orchid-labs,travel,2583,EUR,approved,captured,ev_dy6mek
811,2026-07-14T16:17:03.000Z,agent-21,granite-crm,advertising,13650,EUR,approved,captured,ev_nkqc8
812,2026-07-14T16:29:19.000Z,agent-34,voltage-io,cloud,9499,EUR,approved,captured,ev_cbtxhs
813,2026-07-14T16:31:23.000Z,agent-07,harbor-db,domains,8276,EUR,approved,captured,ev_btl0nl
814,2026-07-14T17:19:10.000Z,agent-19,vellum-crm,groceries,7467,EUR,approved,captured,ev_6s7lbq
815,2026-07-14T17:46:20.000Z,agent-08,mineral-storage,office,11721,EUR,approved,captured,ev_c0insh
816,2026-07-14T18:27:37.000Z,agent-32,mineral-storage,domains,7136,EUR,approved,captured,ev_ct7xl5
817,2026-07-14T18:43:22.000Z,agent-29,railsgate,office,8410,EUR,approved,captured,ev_hlaxu
818,2026-07-14T19:06:41.000Z,agent-14,ferrodata,cloud,21153,EUR,declined,none,ev_2j0cjx
819,2026-07-14T19:55:42.000Z,agent-24,pierstone-pay,domains,4475,EUR,approved,captured,ev_79ozw4
820,2026-07-14T19:58:29.000Z,agent-26,meridian-cdn,groceries,6142,EUR,approved,captured,ev_ebme33
821,2026-07-14T20:28:52.000Z,agent-17,quillpress,office,7260,EUR,approved,captured,ev_d03pdb
822,2026-07-14T20:32:14.000Z,agent-04,lumen-post,hosting,11530,EUR,approved,captured,ev_8g6ano
823,2026-07-14T20:50:38.000Z,agent-15,kestrel-metrics,advertising,10446,EUR,approved,captured,ev_fpa1v2
824,2026-07-14T21:12:17.000Z,agent-38,kestrel-metrics,advertising,16186,EUR,approved,captured,ev_a21ox7
825,2026-07-14T21:19:50.000Z,agent-09,juniper-ai,office,2227,EUR,approved,captured,ev_792ulp
826,2026-07-14T22:50:27.000Z,agent-28,atlas-mail,advertising,8830,EUR,approved,captured,ev_99humx
827,2026-07-14T22:51:02.000Z,agent-05,lumen-post,office,8991,EUR,approved,captured,ev_9y7cbs
828,2026-07-14T23:03:34.000Z,agent-14,cinderstack,software,7916,EUR,approved,captured,ev_bef350
829,2026-07-14T23:19:58.000Z,agent-39,cobblestone-dev,groceries,7805,EUR,approved,captured,ev_125o2j
830,2026-07-14T23:34:48.000Z,agent-27,cobblestone-dev,office,2842,EUR,approved,captured,ev_c1xc2h
831,2026-07-14T23:56:26.000Z,agent-30,cobblestone-dev,advertising,13160,EUR,approved,captured,ev_4mr6so
832,2026-07-15T00:01:31.000Z,agent-14,juniper-ai,software,8676,EUR,approved,captured,ev_8p1dxn
833,2026-07-15T00:03:47.000Z,agent-31,bytehost,cloud,3823,EUR,approved,captured,ev_2gjurs
834,2026-07-15T00:23:16.000Z,agent-11,beacon-auth,travel,16119,EUR,declined,none,ev_dxg7o1
835,2026-07-15T00:26:05.000Z,agent-18,lumen-post,advertising,11056,EUR,approved,captured,ev_6cg8sw
836,2026-07-15T00:33:24.000Z,agent-19,quillpress,domains,2226,EUR,approved,captured,ev_8xqt0y
837,2026-07-15T01:03:36.000Z,agent-12,juniper-ai,software,11853,EUR,approved,captured,ev_rvnww
838,2026-07-15T01:24:38.000Z,agent-32,ferrodata,travel,15321,EUR,approved,captured,ev_7dihvx
839,2026-07-15T02:12:23.000Z,agent-01,orchid-labs,travel,7272,EUR,approved,captured,ev_fb7vrf
840,2026-07-15T02:18:19.000Z,agent-29,kestrel-metrics,software,9597,EUR,approved,captured,ev_4dr1e
841,2026-07-15T02:19:46.000Z,agent-17,ferrodata,domains,8267,EUR,approved,failed,ev_5jheba
842,2026-07-15T02:39:51.000Z,agent-39,lumen-post,office,5750,EUR,approved,captured,ev_1hs3oi
843,2026-07-15T03:13:24.000Z,agent-37,orchid-labs,domains,14637,EUR,approved,captured,ev_dze6ix
844,2026-07-15T03:36:01.000Z,agent-30,ferrite-tools,groceries,6139,EUR,declined,none,ev_e89wa
845,2026-07-15T05:10:29.000Z,agent-22,kestrel-metrics,cloud,5595,EUR,approved,captured,ev_7sspxr
846,2026-07-15T05:43:13.000Z,agent-10,granite-crm,advertising,7606,EUR,approved,captured,ev_2yqc4f
847,2026-07-15T06:02:31.000Z,agent-40,orchid-labs,office,33200,EUR,approved,captured,ev_4je242
848,2026-07-15T06:38:10.000Z,agent-06,mineral-storage,cloud,6194,EUR,approved,captured,ev_30k7j1
849,2026-07-15T06:40:40.000Z,agent-35,northline-api,groceries,6926,EUR,approved,captured,ev_2zi5q9
850,2026-07-15T06:42:22.000Z,agent-15,cobblestone-dev,hosting,4963,EUR,approved,captured,ev_3c4rym
851,2026-07-15T06:46:02.000Z,agent-38,orchid-labs,travel,32893,EUR,approved,captured,ev_5sfsas
852,2026-07-15T07:16:30.000Z,agent-20,pinecrest-apps,travel,7116,EUR,approved,refunded,ev_8rs9ao
853,2026-07-15T07:37:08.000Z,agent-14,atlas-mail,software,4968,EUR,approved,captured,ev_9i5hhl
854,2026-07-15T08:07:52.000Z,agent-26,cobblestone-dev,office,14366,EUR,approved,captured,ev_31swrd
855,2026-07-15T08:14:17.000Z,agent-10,ferrite-tools,cloud,8965,EUR,approved,captured,ev_8f4dgg
856,2026-07-15T08:24:51.000Z,agent-39,beacon-auth,advertising,5016,EUR,approved,captured,ev_5l7fiu
857,2026-07-15T08:50:57.000Z,agent-37,bytehost,software,17771,EUR,approved,captured,ev_dbnuyd
858,2026-07-15T09:41:23.000Z,agent-12,cobalt-cloud,office,7577,EUR,approved,captured,ev_22atoo
859,2026-07-15T10:02:21.000Z,agent-33,ferrite-tools,hosting,5727,EUR,approved,captured,ev_fbupqx
860,2026-07-15T10:09:38.000Z,agent-14,orchid-labs,travel,8243,EUR,approved,captured,ev_ce8xu1
861,2026-07-15T10:11:14.000Z,agent-29,cobalt-cloud,domains,10299,EUR,declined,none,ev_c9yohq
862,2026-07-15T10:33:25.000Z,agent-11,ferrodata,groceries,7888,EUR,approved,captured,ev_4lw1c2
863,2026-07-15T11:17:08.000Z,agent-23,northline-api,office,28188,EUR,approved,captured,ev_dnh4ns
864,2026-07-15T11:54:09.000Z,agent-18,pinecrest-apps,hosting,4474,EUR,approved,captured,ev_7rth36
865,2026-07-15T12:11:33.000Z,agent-04,cobblestone-dev,advertising,5984,EUR,approved,captured,ev_3cvmug
866,2026-07-15T12:40:03.000Z,agent-02,meridian-cdn,groceries,10965,EUR,approved,captured,ev_6zeues
867,2026-07-15T13:26:54.000Z,agent-29,juniper-ai,travel,9264,EUR,approved,captured,ev_5i4tv1
868,2026-07-15T13:51:38.000Z,agent-26,voltage-io,travel,10421,EUR,approved,captured,ev_327xgi
869,2026-07-15T13:58:16.000Z,agent-11,vellum-crm,office,15504,EUR,approved,captured,ev_6aynhd
870,2026-07-15T14:24:05.000Z,agent-14,pierstone-pay,travel,2773,EUR,approved,captured,ev_7lwn4t
871,2026-07-15T14:24:08.000Z,agent-32,beacon-auth,office,8281,EUR,approved,failed,ev_f8d310
872,2026-07-15T14:27:31.000Z,agent-33,vellum-crm,cloud,7847,EUR,approved,captured,ev_f6tfc6
873,2026-07-15T14:56:22.000Z,agent-21,summit-infra,domains,6151,EUR,approved,captured,ev_ea5j0y
874,2026-07-15T15:56:46.000Z,agent-13,vellum-crm,advertising,4246,EUR,approved,captured,ev_2j9ihc
875,2026-07-15T16:04:14.000Z,agent-36,cobblestone-dev,advertising,32044,EUR,approved,captured,ev_7g3g9
876,2026-07-15T16:14:10.000Z,agent-17,pierstone-pay,travel,12254,EUR,approved,captured,ev_88grfw
877,2026-07-15T16:39:42.000Z,agent-03,granite-crm,cloud,4347,EUR,approved,captured,ev_3keu2v
878,2026-07-15T16:43:38.000Z,agent-34,summit-infra,advertising,29950,EUR,approved,captured,ev_19x5nf
879,2026-07-15T17:22:28.000Z,agent-14,cobblestone-dev,office,9230,EUR,approved,captured,ev_e0tf5t
880,2026-07-15T18:12:55.000Z,agent-08,orchid-labs,hosting,18107,EUR,approved,captured,ev_4dwnbl
881,2026-07-15T18:45:50.000Z,agent-17,pinecrest-apps,travel,9549,EUR,approved,captured,ev_at50oe
882,2026-07-15T19:24:09.000Z,agent-15,ferrite-tools,travel,6650,EUR,approved,captured,ev_eem15w
883,2026-07-15T19:44:56.000Z,agent-16,ferrodata,travel,14695,EUR,approved,captured,ev_521ds3
884,2026-07-15T20:39:29.000Z,agent-09,quillpress,advertising,7693,EUR,approved,captured,ev_bgnlbu
885,2026-07-15T20:59:07.000Z,agent-24,orchid-labs,advertising,7382,EUR,approved,captured,ev_8okkca
886,2026-07-15T22:02:19.000Z,agent-18,arkwright-domains,domains,8468,EUR,approved,captured,ev_7pnspu
887,2026-07-15T22:19:30.000Z,agent-17,vellum-crm,advertising,6873,EUR,approved,captured,ev_7t2pqu
888,2026-07-15T22:32:21.000Z,agent-28,bytehost,travel,13317,EUR,approved,captured,ev_61lpkn
889,2026-07-15T22:36:00.000Z,agent-31,ferrite-tools,office,17905,EUR,approved,captured,ev_7zfgbn
890,2026-07-15T22:38:44.000Z,agent-25,ferrite-tools,cloud,7707,EUR,approved,captured,ev_5ghrv3
891,2026-07-15T22:40:27.000Z,agent-07,kestrel-metrics,advertising,7577,EUR,approved,captured,ev_8ivry
892,2026-07-15T23:08:44.000Z,agent-20,ferrite-tools,advertising,11419,EUR,approved,captured,ev_ajytcl
893,2026-07-15T23:20:42.000Z,agent-02,meridian-cdn,groceries,4088,EUR,approved,captured,ev_680wzo
894,2026-07-15T23:47:35.000Z,agent-14,beacon-auth,office,11283,EUR,approved,captured,ev_5b8t0b
895,2026-07-16T00:23:35.000Z,agent-30,quillpress,hosting,6132,EUR,approved,captured,ev_cgpx1o
896,2026-07-16T00:37:59.000Z,agent-39,vellum-crm,hosting,5727,EUR,approved,failed,ev_blkoyg
897,2026-07-16T00:42:12.000Z,agent-06,voltage-io,office,6959,EUR,approved,refunded,ev_ctj79r
898,2026-07-16T00:54:12.000Z,agent-20,cinderstack,hosting,16725,EUR,approved,captured,ev_19qtsu
899,2026-07-16T01:18:55.000Z,agent-27,orchid-labs,advertising,5111,EUR,approved,captured,ev_5i9zyf
900,2026-07-16T01:19:27.000Z,agent-22,vellum-crm,advertising,17404,EUR,approved,captured,ev_yuvsn
901,2026-07-16T02:14:56.000Z,agent-37,cinderstack,groceries,12267,EUR,approved,captured,ev_4xl0vn
902,2026-07-16T02:32:48.000Z,agent-36,bytehost,advertising,12448,EUR,approved,captured,ev_3g66bw
903,2026-07-16T03:04:14.000Z,agent-40,cinderstack,domains,5930,EUR,approved,captured,ev_c1v0y2
904,2026-07-16T03:16:41.000Z,agent-21,vellum-crm,cloud,13137,EUR,approved,captured,ev_exzf5l
905,2026-07-16T03:25:26.000Z,agent-35,northline-api,software,10210,EUR,approved,captured,ev_lqydo
906,2026-07-16T03:42:30.000Z,agent-01,harbor-db,hosting,32873,EUR,approved,captured,ev_3kqmgy
907,2026-07-16T04:14:17.000Z,agent-34,pinecrest-apps,software,11419,EUR,approved,captured,ev_5juryo
908,2026-07-16T04:26:53.000Z,agent-09,summit-infra,software,7187,EUR,approved,captured,ev_6t032s
909,2026-07-16T04:38:30.000Z,agent-13,cobblestone-dev,domains,11031,EUR,approved,failed,ev_e2tf1u
910,2026-07-16T05:11:00.000Z,agent-07,lumen-post,travel,8594,EUR,approved,captured,ev_chi347
911,2026-07-16T05:11:05.000Z,agent-20,lumen-post,groceries,7442,EUR,approved,captured,ev_emdhu4
912,2026-07-16T05:15:58.000Z,agent-10,arkwright-domains,hosting,10309,EUR,approved,captured,ev_23x2ha
913,2026-07-16T05:19:01.000Z,agent-26,northline-api,groceries,24124,EUR,approved,captured,ev_6fvk0q
914,2026-07-16T05:55:07.000Z,agent-01,ferrite-tools,office,11140,EUR,approved,captured,ev_36rx7h
915,2026-07-16T06:14:47.000Z,agent-16,cobblestone-dev,office,5064,EUR,approved,captured,ev_drrivm
916,2026-07-16T06:17:06.000Z,agent-35,juniper-ai,advertising,14069,EUR,approved,captured,ev_dcqsw2
917,2026-07-16T06:19:39.000Z,agent-36,bytehost,hosting,3992,EUR,approved,captured,ev_2kagoh
918,2026-07-16T06:55:51.000Z,agent-38,harbor-db,software,4581,EUR,approved,captured,ev_6snz0i
919,2026-07-16T07:10:09.000Z,agent-05,mineral-storage,advertising,10014,EUR,approved,captured,ev_54tiqj
920,2026-07-16T07:41:21.000Z,agent-34,orchid-labs,software,12410,EUR,declined,none,ev_buca6a
921,2026-07-16T08:14:28.000Z,agent-19,bytehost,office,7704,EUR,approved,captured,ev_9epvvp
922,2026-07-16T08:25:55.000Z,agent-22,harbor-db,domains,21178,EUR,approved,captured,ev_pbhmk
923,2026-07-16T08:45:42.000Z,agent-33,cinderstack,travel,8283,EUR,approved,captured,ev_2nrnty
924,2026-07-16T09:25:35.000Z,agent-26,summit-infra,software,7309,EUR,approved,captured,ev_1m4q1z
925,2026-07-16T09:32:12.000Z,agent-33,arkwright-domains,hosting,6377,EUR,approved,captured,ev_6ah5oc
926,2026-07-16T10:12:31.000Z,agent-39,granite-crm,groceries,7195,EUR,approved,captured,ev_3tw6cx
927,2026-07-16T10:41:57.000Z,agent-19,cobblestone-dev,office,9372,EUR,approved,captured,ev_3gt23q
928,2026-07-16T11:50:21.000Z,agent-18,bytehost,cloud,4872,EUR,approved,captured,ev_11nneq
929,2026-07-16T12:05:46.000Z,agent-02,vellum-crm,advertising,11168,EUR,approved,captured,ev_2oy3h0
930,2026-07-16T12:42:00.000Z,agent-19,kestrel-metrics,office,18428,EUR,approved,failed,ev_bow9aj
931,2026-07-16T13:02:42.000Z,agent-23,atlas-mail,cloud,6822,EUR,approved,captured,ev_ejvgf5
932,2026-07-16T13:07:12.000Z,agent-12,cinderstack,domains,3358,EUR,approved,captured,ev_4hynps
933,2026-07-16T14:21:12.000Z,agent-22,meridian-cdn,travel,5444,EUR,approved,captured,ev_fjvlys
934,2026-07-16T14:21:36.000Z,agent-27,granite-crm,advertising,9812,EUR,approved,captured,ev_4n61ez
935,2026-07-16T14:57:44.000Z,agent-12,pinecrest-apps,cloud,2203,EUR,approved,captured,ev_mbha8
936,2026-07-16T15:20:08.000Z,agent-20,pierstone-pay,groceries,4771,EUR,declined,none,ev_21jj9o
937,2026-07-16T15:24:51.000Z,agent-02,lumen-post,office,10877,EUR,declined,none,ev_g0z1i
938,2026-07-16T15:45:08.000Z,agent-06,ferrite-tools,advertising,10123,EUR,approved,captured,ev_8xknm3
939,2026-07-16T15:47:45.000Z,agent-03,cinderstack,domains,10332,EUR,approved,captured,ev_6gkgwt
940,2026-07-16T15:48:02.000Z,agent-07,arkwright-domains,travel,9003,EUR,approved,captured,ev_7qmesz
941,2026-07-16T16:18:25.000Z,agent-32,harbor-db,advertising,6385,EUR,approved,captured,ev_38muc4
942,2026-07-16T16:33:04.000Z,agent-20,meridian-cdn,cloud,10908,EUR,approved,captured,ev_8ilugo
943,2026-07-16T16:40:07.000Z,agent-04,beacon-auth,cloud,4994,EUR,approved,captured,ev_2riipg
944,2026-07-16T17:57:29.000Z,agent-26,voltage-io,software,12090,EUR,approved,captured,ev_avwox1
945,2026-07-16T18:02:22.000Z,agent-32,vellum-crm,groceries,13711,EUR,approved,captured,ev_fw98wu
946,2026-07-16T18:05:21.000Z,agent-10,railsgate,cloud,9107,EUR,approved,captured,ev_eu7fsl
947,2026-07-16T18:06:49.000Z,agent-33,granite-crm,domains,12904,EUR,approved,captured,ev_ea4org
948,2026-07-16T18:07:30.000Z,agent-36,vellum-crm,cloud,13437,EUR,approved,captured,ev_bvyc6l
949,2026-07-16T18:09:43.000Z,agent-11,ferrite-tools,domains,4447,EUR,approved,captured,ev_eqi6mp
950,2026-07-16T18:35:51.000Z,agent-29,meridian-cdn,software,9175,EUR,approved,captured,ev_7bfucb
951,2026-07-16T20:11:26.000Z,agent-21,railsgate,software,23547,EUR,approved,captured,ev_1faygo
952,2026-07-16T20:12:12.000Z,agent-27,atlas-mail,cloud,5645,EUR,approved,captured,ev_92a6lf
953,2026-07-16T20:13:38.000Z,agent-14,orchid-labs,travel,15232,EUR,approved,captured,ev_lintx
954,2026-07-16T20:17:44.000Z,agent-17,summit-infra,travel,13742,EUR,approved,captured,ev_4ce543
955,2026-07-16T20:24:23.000Z,agent-15,arkwright-domains,domains,9124,EUR,approved,refunded,ev_f80v84
956,2026-07-16T20:33:58.000Z,agent-28,orchid-labs,software,4244,EUR,approved,captured,ev_6mzo13
957,2026-07-16T20:56:01.000Z,agent-37,atlas-mail,groceries,2012,EUR,approved,captured,ev_cv4qnw
958,2026-07-16T21:07:57.000Z,agent-34,atlas-mail,hosting,5502,EUR,approved,captured,ev_dz1tdj
959,2026-07-16T21:17:23.000Z,agent-24,bytehost,cloud,6520,EUR,approved,captured,ev_cl3wqo
960,2026-07-16T21:25:26.000Z,agent-35,quillpress,cloud,16218,EUR,approved,captured,ev_g5it48
961,2026-07-16T21:26:45.000Z,agent-40,voltage-io,software,11780,EUR,approved,captured,ev_e7iqv3
962,2026-07-16T22:03:39.000Z,agent-33,beacon-auth,domains,12625,EUR,approved,captured,ev_5hgj1g
963,2026-07-16T22:26:14.000Z,agent-07,pierstone-pay,software,11150,EUR,approved,captured,ev_4lxhpu
964,2026-07-16T23:18:56.000Z,agent-15,arkwright-domains,hosting,11733,EUR,approved,captured,ev_1v76zn
965,2026-07-16T23:27:10.000Z,agent-23,cobalt-cloud,cloud,9315,EUR,approved,failed,ev_fk7iqn
966,2026-07-16T23:33:17.000Z,agent-22,granite-crm,cloud,4628,EUR,approved,captured,ev_f3u9rp
967,2026-07-16T23:58:38.000Z,agent-18,bytehost,domains,15606,EUR,declined,none,ev_irv02
968,2026-07-17T00:30:26.000Z,agent-27,ferrodata,groceries,6906,EUR,approved,captured,ev_e0m9l6
969,2026-07-17T00:45:18.000Z,agent-31,railsgate,advertising,5201,EUR,approved,captured,ev_5gg64l
970,2026-07-17T00:56:22.000Z,agent-05,mineral-storage,software,14294,EUR,approved,captured,ev_9hu8my
971,2026-07-17T01:24:16.000Z,agent-08,harbor-db,travel,7311,EUR,approved,captured,ev_8pgijd
972,2026-07-17T01:43:20.000Z,agent-40,lumen-post,advertising,5133,EUR,approved,captured,ev_cqmm4a
973,2026-07-17T01:46:47.000Z,agent-13,cinderstack,travel,7021,EUR,approved,captured,ev_1qpllz
974,2026-07-17T01:54:28.000Z,agent-32,ferrodata,cloud,3382,EUR,approved,captured,ev_91x0nz
975,2026-07-17T02:41:45.000Z,agent-37,cobblestone-dev,cloud,8264,EUR,approved,captured,ev_fff9g1
976,2026-07-17T03:11:14.000Z,agent-22,kestrel-metrics,software,6827,EUR,approved,captured,ev_82dmuj
977,2026-07-17T03:12:18.000Z,agent-07,lumen-post,software,9984,EUR,approved,captured,ev_akwp5m
978,2026-07-17T03:22:13.000Z,agent-09,cobalt-cloud,advertising,6862,EUR,approved,captured,ev_a8g506
979,2026-07-17T03:35:42.000Z,agent-20,arkwright-domains,domains,6328,EUR,approved,captured,ev_3m7o9h
980,2026-07-17T04:15:30.000Z,agent-25,railsgate,groceries,12738,EUR,approved,captured,ev_co0bq4
981,2026-07-17T04:53:24.000Z,agent-09,beacon-auth,hosting,18193,EUR,approved,captured,ev_3xo89l
982,2026-07-17T05:01:30.000Z,agent-16,cobalt-cloud,domains,10564,EUR,approved,captured,ev_4om2rg
983,2026-07-17T05:15:28.000Z,agent-17,pierstone-pay,advertising,5022,EUR,approved,captured,ev_9ffp85
984,2026-07-17T05:32:25.000Z,agent-30,pinecrest-apps,cloud,7952,EUR,approved,captured,ev_g1iq0g
985,2026-07-17T05:33:23.000Z,agent-12,pierstone-pay,domains,6583,EUR,approved,captured,ev_g7txtb
986,2026-07-17T05:43:01.000Z,agent-39,arkwright-domains,advertising,12334,EUR,approved,captured,ev_57z7tg
987,2026-07-17T05:44:27.000Z,agent-15,harbor-db,cloud,5343,EUR,approved,captured,ev_9d5qn
988,2026-07-17T06:52:39.000Z,agent-23,juniper-ai,domains,7089,EUR,approved,failed,ev_8kdbtt
989,2026-07-17T07:04:06.000Z,agent-40,mineral-storage,travel,7975,EUR,approved,captured,ev_4f7nuc
990,2026-07-17T07:26:42.000Z,agent-30,granite-crm,hosting,7398,EUR,approved,captured,ev_v5zxe
991,2026-07-17T08:15:41.000Z,agent-22,voltage-io,software,9478,EUR,approved,captured,ev_14d39u
992,2026-07-17T08:32:40.000Z,agent-01,meridian-cdn,travel,5102,EUR,approved,captured,ev_dvd0ww
993,2026-07-17T09:11:18.000Z,agent-04,northline-api,hosting,18164,EUR,approved,refunded,ev_3qr5kz
994,2026-07-17T09:12:30.000Z,agent-16,mineral-storage,domains,9131,EUR,declined,none,ev_g17pwr
995,2026-07-17T09:32:25.000Z,agent-27,kestrel-metrics,advertising,11448,EUR,approved,captured,ev_82xgmk
996,2026-07-17T10:22:49.000Z,agent-07,juniper-ai,cloud,10658,EUR,approved,captured,ev_dc27yl
997,2026-07-17T10:51:54.000Z,agent-34,pierstone-pay,travel,5828,EUR,approved,captured,ev_un3ty
998,2026-07-17T11:05:24.000Z,agent-35,lumen-post,advertising,8643,EUR,approved,captured,ev_dammze
999,2026-07-17T11:30:47.000Z,agent-06,cinderstack,hosting,7723,EUR,approved,failed,ev_fdh5ke
1000,2026-07-17T11:50:14.000Z,agent-19,granite-crm,domains,7289,EUR,approved,captured,ev_5kqb0
1001,2026-07-17T12:18:31.000Z,agent-06,ferrodata,software,13554,EUR,approved,captured,ev_u99w1
1002,2026-07-17T13:00:33.000Z,agent-26,cobblestone-dev,travel,8681,EUR,approved,captured,ev_c730kd
1003,2026-07-17T13:22:03.000Z,agent-18,orchid-labs,domains,7678,EUR,approved,captured,ev_8g7wki
1004,2026-07-17T14:25:24.000Z,agent-38,cobblestone-dev,cloud,12111,EUR,approved,captured,ev_9cwwxo
1005,2026-07-17T15:13:35.000Z,agent-10,cinderstack,advertising,14410,EUR,approved,captured,ev_346xkz
1006,2026-07-17T16:11:02.000Z,agent-36,granite-crm,advertising,5748,EUR,approved,captured,ev_2s5brk
1007,2026-07-17T16:13:35.000Z,agent-16,cobblestone-dev,cloud,8305,EUR,approved,captured,ev_7w1zeh
1008,2026-07-17T16:16:29.000Z,agent-29,juniper-ai,groceries,11281,EUR,approved,captured,ev_6mnsjj
1009,2026-07-17T16:17:18.000Z,agent-05,ferrodata,cloud,4335,EUR,approved,captured,ev_crwpzu
1010,2026-07-17T16:28:24.000Z,agent-40,beacon-auth,groceries,11516,EUR,approved,captured,ev_a9gloy
1011,2026-07-17T16:44:38.000Z,agent-28,cinderstack,office,28727,EUR,approved,captured,ev_6vyxvy
1012,2026-07-17T17:14:34.000Z,agent-03,orchid-labs,domains,14422,EUR,approved,captured,ev_e44ho8
1013,2026-07-17T17:38:13.000Z,agent-31,atlas-mail,cloud,8197,EUR,approved,captured,ev_bmquyf
1014,2026-07-17T17:58:39.000Z,agent-30,juniper-ai,cloud,37571,EUR,approved,captured,ev_342958
1015,2026-07-17T18:42:21.000Z,agent-16,railsgate,cloud,9811,EUR,approved,captured,ev_xiazm
1016,2026-07-17T19:02:12.000Z,agent-32,arkwright-domains,travel,13453,EUR,approved,captured,ev_6ngxr
1017,2026-07-17T19:58:24.000Z,agent-13,atlas-mail,software,12183,EUR,approved,captured,ev_8ziwjm
1018,2026-07-17T20:49:25.000Z,agent-33,harbor-db,groceries,7060,EUR,approved,captured,ev_4sy1ub
1019,2026-07-17T21:43:35.000Z,agent-25,pinecrest-apps,domains,8881,EUR,declined,none,ev_bi3tja
1020,2026-07-17T22:09:51.000Z,agent-17,ferrite-tools,cloud,7785,EUR,approved,captured,ev_8jr5wo
1021,2026-07-17T22:21:27.000Z,agent-02,pierstone-pay,office,11983,EUR,approved,captured,ev_brzpiy
1022,2026-07-17T23:08:34.000Z,agent-06,summit-infra,software,10544,EUR,approved,captured,ev_89t52k
1023,2026-07-18T00:09:47.000Z,agent-33,granite-crm,domains,16989,EUR,approved,captured,ev_bhixip
1024,2026-07-18T00:12:09.000Z,agent-21,voltage-io,office,8171,EUR,approved,captured,ev_2oewei
1025,2026-07-18T00:28:13.000Z,agent-11,granite-crm,domains,9540,EUR,approved,captured,ev_9118iv
1026,2026-07-18T02:14:53.000Z,agent-24,kestrel-metrics,hosting,11022,EUR,approved,captured,ev_2m3m3y
1027,2026-07-18T02:16:04.000Z,agent-40,beacon-auth,domains,5459,EUR,approved,captured,ev_b0ou2r
1028,2026-07-18T02:31:22.000Z,agent-25,beacon-auth,travel,4965,EUR,approved,captured,ev_55ff68
1029,2026-07-18T02:35:49.000Z,agent-18,juniper-ai,software,14150,EUR,approved,captured,ev_bzdbph
1030,2026-07-18T02:47:50.000Z,agent-16,quillpress,travel,12589,EUR,approved,captured,ev_8kgu50
1031,2026-07-18T03:51:30.000Z,agent-39,cobblestone-dev,software,7023,EUR,approved,captured,ev_8n0wmt
1032,2026-07-18T04:14:34.000Z,agent-14,summit-infra,advertising,5065,EUR,approved,captured,ev_at8esg
1033,2026-07-18T04:29:32.000Z,agent-37,voltage-io,hosting,8971,EUR,approved,captured,ev_9e7lih
1034,2026-07-18T04:31:14.000Z,agent-36,ferrodata,hosting,7045,EUR,approved,captured,ev_48f3rw
1035,2026-07-18T04:39:05.000Z,agent-12,pinecrest-apps,software,9978,EUR,approved,captured,ev_fdsrqs
1036,2026-07-18T05:26:09.000Z,agent-29,bytehost,cloud,12953,EUR,approved,captured,ev_2ysbcb
1037,2026-07-18T05:54:00.000Z,agent-03,ferrite-tools,cloud,13146,EUR,approved,captured,ev_geucj1
1038,2026-07-18T06:01:00.000Z,agent-08,kestrel-metrics,domains,6502,EUR,approved,captured,ev_8bntc6
1039,2026-07-18T06:38:45.000Z,agent-12,railsgate,software,4250,EUR,approved,captured,ev_182j9p
1040,2026-07-18T08:01:38.000Z,agent-03,cobblestone-dev,advertising,7176,EUR,approved,captured,ev_egrhex
1041,2026-07-18T08:02:29.000Z,agent-05,orchid-labs,domains,8637,EUR,approved,captured,ev_dnchje
1042,2026-07-18T08:15:37.000Z,agent-27,railsgate,cloud,6887,EUR,approved,captured,ev_4yxxqu
1043,2026-07-18T08:32:45.000Z,agent-09,northline-api,advertising,10922,EUR,approved,captured,ev_3wgflo
1044,2026-07-18T08:33:28.000Z,agent-32,meridian-cdn,domains,11219,EUR,approved,captured,ev_gc4c7g
1045,2026-07-18T08:36:30.000Z,agent-34,harbor-db,groceries,16853,EUR,approved,captured,ev_a82nbw
1046,2026-07-18T08:42:40.000Z,agent-04,northline-api,cloud,7426,EUR,approved,captured,ev_2q1wwj
1047,2026-07-18T09:38:26.000Z,agent-16,pierstone-pay,domains,9637,EUR,approved,captured,ev_7g68ok
1048,2026-07-18T09:46:24.000Z,agent-02,ferrodata,advertising,5740,EUR,approved,captured,ev_ergxel
1049,2026-07-18T09:55:59.000Z,agent-20,juniper-ai,advertising,10672,EUR,approved,captured,ev_2myh6d
1050,2026-07-18T10:00:46.000Z,agent-37,voltage-io,travel,7609,EUR,approved,captured,ev_5ttj3o
1051,2026-07-18T10:31:36.000Z,agent-23,summit-infra,advertising,5813,EUR,approved,captured,ev_4sejyl
1052,2026-07-18T11:50:26.000Z,agent-15,lumen-post,domains,9276,EUR,approved,refunded,ev_23qomc
1053,2026-07-18T12:03:42.000Z,agent-35,cinderstack,office,14452,EUR,approved,refunded,ev_fwrtpn
1054,2026-07-18T13:04:21.000Z,agent-22,quillpress,groceries,13853,EUR,approved,captured,ev_bxp9ij
1055,2026-07-18T15:14:58.000Z,agent-25,pierstone-pay,domains,15150,EUR,approved,captured,ev_6wppok
1056,2026-07-18T15:29:29.000Z,agent-01,railsgate,travel,9317,EUR,approved,captured,ev_9oqwoy
1057,2026-07-18T16:04:34.000Z,agent-28,pinecrest-apps,cloud,9480,EUR,approved,captured,ev_2m4ad5
1058,2026-07-18T16:23:39.000Z,agent-31,pierstone-pay,hosting,7363,EUR,approved,captured,ev_2jxrxo
1059,2026-07-18T16:26:36.000Z,agent-32,cobalt-cloud,hosting,4511,EUR,approved,captured,ev_98z7iu
1060,2026-07-18T16:28:32.000Z,agent-30,kestrel-metrics,travel,15900,EUR,approved,captured,ev_8htcxk
1061,2026-07-18T16:28:53.000Z,agent-36,arkwright-domains,cloud,5837,EUR,approved,captured,ev_3tl05w
1062,2026-07-18T16:36:07.000Z,agent-19,railsgate,advertising,8877,EUR,approved,captured,ev_7jbzy3
1063,2026-07-18T17:07:28.000Z,agent-26,lumen-post,cloud,17036,EUR,approved,captured,ev_4376l6
1064,2026-07-18T18:09:38.000Z,agent-07,summit-infra,groceries,5731,EUR,approved,captured,ev_6tc3f
1065,2026-07-18T19:04:09.000Z,agent-16,bytehost,travel,10053,EUR,approved,captured,ev_3qfg6k
1066,2026-07-18T19:17:53.000Z,agent-20,bytehost,office,12096,EUR,approved,captured,ev_bmv2f3
1067,2026-07-18T19:39:46.000Z,agent-38,beacon-auth,groceries,7118,EUR,approved,captured,ev_8vfsxx
1068,2026-07-18T19:55:48.000Z,agent-06,cinderstack,advertising,13403,EUR,approved,captured,ev_egw189
1069,2026-07-18T19:58:03.000Z,agent-16,summit-infra,hosting,14267,EUR,approved,captured,ev_5e4lsw
1070,2026-07-18T20:14:19.000Z,agent-13,beacon-auth,groceries,17648,EUR,approved,captured,ev_frtpku
1071,2026-07-18T20:46:31.000Z,agent-10,railsgate,cloud,5213,EUR,approved,captured,ev_dm18uq
1072,2026-07-18T21:43:14.000Z,agent-07,granite-crm,groceries,13599,EUR,declined,none,ev_1iogx6
1073,2026-07-18T22:06:58.000Z,agent-09,arkwright-domains,advertising,7180,EUR,approved,captured,ev_8m8b3n
1074,2026-07-18T22:07:29.000Z,agent-18,arkwright-domains,travel,4016,EUR,approved,failed,ev_2f118x
1075,2026-07-18T22:27:01.000Z,agent-34,lumen-post,hosting,6577,EUR,approved,captured,ev_81hbhh
1076,2026-07-18T23:06:47.000Z,agent-14,mineral-storage,advertising,7018,EUR,approved,captured,ev_cpt3vv
1077,2026-07-18T23:18:09.000Z,agent-30,beacon-auth,cloud,9816,EUR,approved,captured,ev_b6g5p2
1078,2026-07-18T23:21:03.000Z,agent-04,cobalt-cloud,software,12579,EUR,approved,captured,ev_7umajm
1079,2026-07-18T23:32:10.000Z,agent-11,ferrite-tools,cloud,11652,EUR,approved,captured,ev_6hlz05
1080,2026-07-18T23:34:00.000Z,agent-37,pinecrest-apps,domains,10707,EUR,approved,captured,ev_g09ic4
1081,2026-07-18T23:38:23.000Z,agent-17,bytehost,cloud,10510,EUR,approved,captured,ev_cy1dqx
1082,2026-07-19T00:32:07.000Z,agent-33,ferrite-tools,cloud,9303,EUR,declined,none,ev_dmiqzr
1083,2026-07-19T00:32:42.000Z,agent-10,lumen-post,software,15581,EUR,approved,captured,ev_4bovut
1084,2026-07-19T00:43:59.000Z,agent-08,arkwright-domains,office,5462,EUR,approved,captured,ev_39qzjb
1085,2026-07-19T01:02:17.000Z,agent-12,bytehost,groceries,5097,EUR,approved,captured,ev_ijzy1
1086,2026-07-19T01:06:40.000Z,agent-32,kestrel-metrics,office,9578,EUR,approved,captured,ev_2i1250
1087,2026-07-19T01:29:06.000Z,agent-24,cobblestone-dev,hosting,7625,EUR,approved,captured,ev_eo6uqn
1088,2026-07-19T02:05:13.000Z,agent-23,cinderstack,groceries,9238,EUR,approved,captured,ev_30atcj
1089,2026-07-19T02:21:13.000Z,agent-03,pierstone-pay,hosting,4764,EUR,approved,captured,ev_c9yq8r
1090,2026-07-19T04:08:20.000Z,agent-39,cobalt-cloud,advertising,5306,EUR,approved,captured,ev_8vawy6
1091,2026-07-19T04:09:50.000Z,agent-40,voltage-io,travel,9580,EUR,approved,captured,ev_4valex
1092,2026-07-19T04:27:04.000Z,agent-05,orchid-labs,office,7005,EUR,approved,captured,ev_ew1vpr
1093,2026-07-19T04:56:05.000Z,agent-10,meridian-cdn,advertising,21845,EUR,declined,none,ev_c2dsru
1094,2026-07-19T05:44:04.000Z,agent-32,harbor-db,cloud,5876,EUR,approved,captured,ev_dy8ynu
1095,2026-07-19T06:38:47.000Z,agent-09,arkwright-domains,groceries,9604,EUR,approved,refunded,ev_d3zpip
1096,2026-07-19T08:25:34.000Z,agent-21,juniper-ai,software,13378,EUR,approved,captured,ev_cjnrkx
1097,2026-07-19T08:46:10.000Z,agent-15,railsgate,groceries,13973,EUR,approved,captured,ev_5up8qv
1098,2026-07-19T09:15:25.000Z,agent-29,granite-crm,cloud,21753,EUR,approved,captured,ev_4gc6rg
1099,2026-07-19T09:51:01.000Z,agent-22,bytehost,domains,8996,EUR,approved,captured,ev_eh1fum
1100,2026-07-19T09:53:03.000Z,agent-13,quillpress,software,6225,EUR,approved,captured,ev_bcdrn7
1101,2026-07-19T10:10:12.000Z,agent-37,cobalt-cloud,cloud,7871,EUR,approved,captured,ev_11mhsg
1102,2026-07-19T10:10:59.000Z,agent-02,granite-crm,cloud,7340,EUR,approved,captured,ev_b7tynm
1103,2026-07-19T10:21:23.000Z,agent-09,atlas-mail,software,2698,EUR,approved,captured,ev_d6bymq
1104,2026-07-19T10:25:44.000Z,agent-11,mineral-storage,groceries,17235,EUR,approved,captured,ev_c57p0t
1105,2026-07-19T11:04:16.000Z,agent-03,ferrodata,advertising,28485,EUR,approved,captured,ev_akcqkg
1106,2026-07-19T11:19:27.000Z,agent-12,summit-infra,travel,5303,EUR,approved,captured,ev_15g1ki
1107,2026-07-19T11:22:35.000Z,agent-20,granite-crm,domains,10205,EUR,approved,captured,ev_8uvg9i
1108,2026-07-19T11:50:36.000Z,agent-07,pierstone-pay,groceries,7021,EUR,approved,captured,ev_er5tt2
1109,2026-07-19T11:50:47.000Z,agent-25,granite-crm,hosting,5475,EUR,approved,captured,ev_dofkkp
1110,2026-07-19T12:10:11.000Z,agent-10,granite-crm,advertising,13223,EUR,approved,captured,ev_emilwu
1111,2026-07-19T12:28:33.000Z,agent-27,railsgate,office,9102,EUR,approved,captured,ev_bgjpzz
1112,2026-07-19T12:58:27.000Z,agent-18,granite-crm,office,6058,EUR,approved,captured,ev_ayubg5
1113,2026-07-19T13:39:44.000Z,agent-23,mineral-storage,software,15632,EUR,approved,refunded,ev_ewnct2
1114,2026-07-19T14:45:40.000Z,agent-32,pierstone-pay,travel,4772,EUR,approved,captured,ev_62c4jo
1115,2026-07-19T15:24:27.000Z,agent-01,quillpress,groceries,16651,EUR,approved,captured,ev_8vf9aq
1116,2026-07-19T15:43:24.000Z,agent-29,beacon-auth,groceries,4075,EUR,approved,captured,ev_gcurbe
1117,2026-07-19T16:42:06.000Z,agent-14,quillpress,advertising,5941,EUR,approved,captured,ev_9ofrr6
1118,2026-07-19T16:42:31.000Z,agent-19,pinecrest-apps,travel,23873,EUR,approved,captured,ev_3qeouv
1119,2026-07-19T16:59:02.000Z,agent-35,beacon-auth,travel,4432,EUR,approved,captured,ev_2ayzgq
1120,2026-07-19T18:21:04.000Z,agent-38,quillpress,cloud,7380,EUR,approved,captured,ev_25u8ia
1121,2026-07-19T20:21:01.000Z,agent-36,cobalt-cloud,office,13746,EUR,approved,captured,ev_fnp21m
1122,2026-07-19T20:23:25.000Z,agent-25,meridian-cdn,software,3293,EUR,approved,failed,ev_2mbil3
1123,2026-07-19T20:40:53.000Z,agent-26,juniper-ai,office,7117,EUR,approved,captured,ev_bg0m2z
1124,2026-07-19T20:41:59.000Z,agent-33,lumen-post,hosting,13302,EUR,approved,captured,ev_dnzmb8
1125,2026-07-19T20:54:29.000Z,agent-18,juniper-ai,software,17277,EUR,approved,captured,ev_6hmuz
1126,2026-07-19T21:14:37.000Z,agent-34,pinecrest-apps,cloud,7296,EUR,approved,captured,ev_78nmbz
1127,2026-07-19T21:20:50.000Z,agent-15,vellum-crm,cloud,16374,EUR,approved,captured,ev_6r08p4
1128,2026-07-19T22:37:30.000Z,agent-31,granite-crm,cloud,13396,EUR,approved,captured,ev_52dc1l
1129,2026-07-20T00:02:09.000Z,agent-28,atlas-mail,advertising,16231,EUR,approved,captured,ev_8fnp1z
1130,2026-07-20T00:46:55.000Z,agent-06,summit-infra,advertising,6716,EUR,approved,captured,ev_95z9j8
1131,2026-07-20T00:48:06.000Z,agent-08,vellum-crm,groceries,14374,EUR,approved,captured,ev_r1o1g
1132,2026-07-20T00:52:45.000Z,agent-11,pinecrest-apps,groceries,12066,EUR,approved,captured,ev_9kq6vj
1133,2026-07-20T01:19:21.000Z,agent-24,beacon-auth,hosting,4957,EUR,approved,captured,ev_7nsysi
1134,2026-07-20T01:51:44.000Z,agent-37,arkwright-domains,cloud,16910,EUR,approved,captured,ev_akxv1c
1135,2026-07-20T02:18:21.000Z,agent-14,pinecrest-apps,cloud,10812,EUR,approved,captured,ev_f8kdc5
1136,2026-07-20T03:00:10.000Z,agent-33,atlas-mail,office,5051,EUR,approved,captured,ev_91nzee
1137,2026-07-20T03:24:25.000Z,agent-10,quillpress,hosting,26376,EUR,approved,captured,ev_do2n0s
1138,2026-07-20T03:35:12.000Z,agent-04,ferrite-tools,hosting,3415,EUR,approved,captured,ev_2tg6a2
1139,2026-07-20T03:44:49.000Z,agent-39,quillpress,travel,17285,EUR,approved,captured,ev_1cxdgg
1140,2026-07-20T04:10:18.000Z,agent-16,mineral-storage,office,8759,EUR,approved,captured,ev_7pbdn
1141,2026-07-20T04:13:49.000Z,agent-31,quillpress,domains,9356,EUR,approved,captured,ev_7omoze
1142,2026-07-20T04:27:13.000Z,agent-37,atlas-mail,advertising,6937,EUR,approved,captured,ev_g9mxll
1143,2026-07-20T04:47:14.000Z,agent-17,beacon-auth,hosting,14263,EUR,approved,captured,ev_5pxvz3
1144,2026-07-20T05:35:27.000Z,agent-34,voltage-io,office,11403,EUR,approved,captured,ev_989eei
1145,2026-07-20T05:43:37.000Z,agent-30,juniper-ai,domains,21461,EUR,approved,captured,ev_7vrn2a
1146,2026-07-20T05:49:14.000Z,agent-05,pinecrest-apps,software,21868,EUR,approved,captured,ev_7ou9w8
1147,2026-07-20T07:43:40.000Z,agent-07,northline-api,advertising,9354,EUR,approved,refunded,ev_a19d7k
1148,2026-07-20T08:08:17.000Z,agent-40,granite-crm,advertising,17714,EUR,approved,captured,ev_18dbj3
1149,2026-07-20T08:19:59.000Z,agent-20,pinecrest-apps,advertising,4309,EUR,approved,captured,ev_bc9b6v
1150,2026-07-20T08:50:15.000Z,agent-08,granite-crm,groceries,10559,EUR,approved,captured,ev_9h5os8
1151,2026-07-20T08:56:47.000Z,agent-06,ferrite-tools,software,3869,EUR,approved,captured,ev_5vup77
1152,2026-07-20T08:59:15.000Z,agent-40,atlas-mail,domains,8114,EUR,approved,captured,ev_46mjbo
1153,2026-07-20T09:02:07.000Z,agent-27,juniper-ai,software,20074,EUR,approved,captured,ev_846pif
1154,2026-07-20T09:49:56.000Z,agent-02,pierstone-pay,office,9437,EUR,approved,captured,ev_6ckl6b
1155,2026-07-20T09:55:47.000Z,agent-31,summit-infra,hosting,4828,EUR,approved,captured,ev_1pik9j
1156,2026-07-20T10:29:28.000Z,agent-13,bytehost,travel,9681,EUR,approved,captured,ev_17ly4w
1157,2026-07-20T12:34:08.000Z,agent-13,summit-infra,office,9988,EUR,approved,refunded,ev_k51j3
1158,2026-07-20T12:59:10.000Z,agent-17,orchid-labs,domains,14456,EUR,approved,captured,ev_3ufzpl
1159,2026-07-20T14:11:26.000Z,agent-04,ferrite-tools,groceries,15030,EUR,approved,captured,ev_favz4n
1160,2026-07-20T14:41:56.000Z,agent-15,pinecrest-apps,advertising,17671,EUR,approved,captured,ev_8orjgy
1161,2026-07-20T14:46:48.000Z,agent-21,ferrite-tools,domains,10375,EUR,approved,captured,ev_bgmwjr
1162,2026-07-20T15:56:19.000Z,agent-01,meridian-cdn,office,3177,EUR,approved,captured,ev_9hxykh
1163,2026-07-20T15:56:37.000Z,agent-02,pinecrest-apps,domains,10180,EUR,approved,failed,ev_7crl5n
1164,2026-07-20T16:14:57.000Z,agent-28,summit-infra,cloud,18529,EUR,approved,captured,ev_e0keu1
1165,2026-07-20T16:38:40.000Z,agent-19,ferrodata,advertising,2262,EUR,approved,captured,ev_cfxo6g
1166,2026-07-20T16:41:52.000Z,agent-38,summit-infra,software,4904,EUR,approved,captured,ev_47z3jq
1167,2026-07-20T16:45:59.000Z,agent-32,vellum-crm,domains,4420,EUR,approved,captured,ev_5nus88
1168,2026-07-20T16:57:55.000Z,agent-23,summit-infra,cloud,18496,EUR,approved,failed,ev_a74y25
1169,2026-07-20T17:10:38.000Z,agent-09,lumen-post,travel,9188,EUR,declined,none,ev_4h7gpa
1170,2026-07-20T17:12:55.000Z,agent-35,pinecrest-apps,hosting,8799,EUR,approved,captured,ev_r17w5
1171,2026-07-20T17:48:34.000Z,agent-11,summit-infra,hosting,25759,EUR,approved,captured,ev_9h8kbp
1172,2026-07-20T18:04:28.000Z,agent-22,ferrodata,travel,3398,EUR,declined,none,ev_3qv4au
1173,2026-07-20T18:13:41.000Z,agent-05,northline-api,software,13146,EUR,approved,failed,ev_53gokw
1174,2026-07-20T18:33:22.000Z,agent-29,bytehost,hosting,6921,EUR,approved,captured,ev_c017j5
1175,2026-07-20T18:39:55.000Z,agent-03,orchid-labs,groceries,9199,EUR,approved,captured,ev_erfyyi
1176,2026-07-20T19:25:11.000Z,agent-16,arkwright-domains,hosting,17683,EUR,approved,captured,ev_5qb57t
1177,2026-07-20T19:27:08.000Z,agent-12,lumen-post,advertising,15573,EUR,approved,refunded,ev_fjm9m6
1178,2026-07-20T19:57:59.000Z,agent-32,meridian-cdn,hosting,6913,EUR,approved,captured,ev_a7x58
1179,2026-07-20T20:18:43.000Z,agent-26,mineral-storage,office,14994,EUR,approved,captured,ev_g7y8xn
1180,2026-07-20T21:08:52.000Z,agent-18,orchid-labs,software,12545,EUR,approved,captured,ev_36qrup
1181,2026-07-20T21:34:46.000Z,agent-27,cobalt-cloud,office,40239,EUR,declined,none,ev_6jp1y6
1182,2026-07-20T22:02:36.000Z,agent-33,harbor-db,cloud,3455,EUR,approved,captured,ev_aup3og
1183,2026-07-20T22:19:46.000Z,agent-10,vellum-crm,domains,13596,EUR,approved,captured,ev_9gzd02
1184,2026-07-20T22:33:44.000Z,agent-36,pierstone-pay,advertising,10991,EUR,approved,captured,ev_76osov
1185,2026-07-20T22:43:53.000Z,agent-40,lumen-post,groceries,4143,EUR,approved,captured,ev_452h2c
1186,2026-07-20T22:53:36.000Z,agent-14,granite-crm,groceries,15363,EUR,approved,captured,ev_a6by4z
1187,2026-07-21T00:08:14.000Z,agent-12,northline-api,groceries,10526,EUR,approved,captured,ev_1hjmr5
1188,2026-07-21T00:16:57.000Z,agent-09,orchid-labs,advertising,23015,EUR,approved,failed,ev_e58ifz
1189,2026-07-21T00:51:46.000Z,agent-03,meridian-cdn,office,8810,EUR,approved,refunded,ev_15qiyz
1190,2026-07-21T01:06:24.000Z,agent-25,arkwright-domains,cloud,9709,EUR,approved,refunded,ev_bo6skm
1191,2026-07-21T01:44:52.000Z,agent-37,cobalt-cloud,hosting,6806,EUR,approved,captured,ev_b84npk
1192,2026-07-21T02:18:51.000Z,agent-25,pinecrest-apps,software,9363,EUR,approved,captured,ev_20uize
1193,2026-07-21T02:30:09.000Z,agent-34,arkwright-domains,hosting,10104,EUR,approved,captured,ev_ejs9q9
1194,2026-07-21T02:51:54.000Z,agent-31,cobblestone-dev,hosting,10612,EUR,approved,failed,ev_an0f0j
1195,2026-07-21T04:04:16.000Z,agent-03,ferrodata,groceries,13756,EUR,approved,captured,ev_a6ztlh
1196,2026-07-21T04:43:34.000Z,agent-15,vellum-crm,office,11976,EUR,approved,captured,ev_clu7m6
1197,2026-07-21T04:55:25.000Z,agent-17,northline-api,office,6737,EUR,approved,captured,ev_1x5u5e
1198,2026-07-21T04:59:28.000Z,agent-30,ferrodata,domains,9364,EUR,approved,captured,ev_2xhjql
1199,2026-07-21T05:18:36.000Z,agent-39,bytehost,hosting,5671,EUR,approved,failed,ev_kjd6r
1200,2026-07-21T05:28:30.000Z,agent-40,cobblestone-dev,advertising,10595,EUR,approved,captured,ev_9zzj3j
1201,2026-07-21T05:33:32.000Z,agent-01,pierstone-pay,software,7251,EUR,approved,captured,ev_9jurw4
1202,2026-07-21T05:57:59.000Z,agent-07,pinecrest-apps,advertising,7047,EUR,declined,none,ev_ae44fo
1203,2026-07-21T06:12:23.000Z,agent-03,summit-infra,domains,15467,EUR,approved,captured,ev_9fzjex
1204,2026-07-21T07:18:39.000Z,agent-19,meridian-cdn,cloud,10556,EUR,approved,captured,ev_1lxcyp
1205,2026-07-21T08:09:51.000Z,agent-28,arkwright-domains,cloud,5319,EUR,declined,none,ev_9cu0ll
1206,2026-07-21T09:16:34.000Z,agent-24,arkwright-domains,software,6390,EUR,approved,captured,ev_dex0kd
1207,2026-07-21T09:28:35.000Z,agent-16,granite-crm,domains,5924,EUR,approved,captured,ev_6nik83
1208,2026-07-21T09:56:53.000Z,agent-35,atlas-mail,hosting,9808,EUR,approved,captured,ev_1syxel
1209,2026-07-21T10:47:04.000Z,agent-35,ferrite-tools,hosting,10008,EUR,approved,captured,ev_561azj
1210,2026-07-21T11:42:03.000Z,agent-21,bytehost,groceries,6865,EUR,approved,captured,ev_3udndg
1211,2026-07-21T12:05:44.000Z,agent-14,railsgate,travel,5265,EUR,approved,captured,ev_e1ohuq
1212,2026-07-21T12:15:00.000Z,agent-20,mineral-storage,domains,7805,EUR,approved,captured,ev_ev6e1e
1213,2026-07-21T12:49:53.000Z,agent-01,harbor-db,groceries,23404,EUR,approved,captured,ev_ffpo0h
1214,2026-07-21T13:44:47.000Z,agent-08,granite-crm,travel,7049,EUR,approved,failed,ev_f05j1t
1215,2026-07-21T13:58:10.000Z,agent-17,voltage-io,office,13362,EUR,approved,captured,ev_8hhckx
1216,2026-07-21T14:55:38.000Z,agent-33,mineral-storage,office,9384,EUR,approved,captured,ev_e769rh
1217,2026-07-21T15:40:58.000Z,agent-13,summit-infra,advertising,15603,EUR,approved,captured,ev_3y7tkp
1218,2026-07-21T15:55:17.000Z,agent-31,ferrodata,software,3159,EUR,approved,captured,ev_45arc7
1219,2026-07-21T16:03:18.000Z,agent-27,ferrite-tools,domains,4787,EUR,approved,captured,ev_1kbuyv
1220,2026-07-21T16:15:24.000Z,agent-02,ferrite-tools,hosting,4147,EUR,approved,captured,ev_41svg
1221,2026-07-21T16:16:41.000Z,agent-06,meridian-cdn,hosting,19103,EUR,approved,captured,ev_3lyq80
1222,2026-07-21T16:40:32.000Z,agent-38,railsgate,software,20330,EUR,approved,captured,ev_zvjba
1223,2026-07-21T16:46:23.000Z,agent-08,beacon-auth,groceries,16553,EUR,approved,captured,ev_8es4zd
1224,2026-07-21T18:07:02.000Z,agent-38,vellum-crm,domains,22070,EUR,approved,captured,ev_cr0klk
1225,2026-07-21T18:10:58.000Z,agent-24,lumen-post,domains,10929,EUR,approved,captured,ev_1refdy
1226,2026-07-21T19:05:52.000Z,agent-22,ferrodata,cloud,6024,EUR,approved,captured,ev_b7ryux
1227,2026-07-21T19:05:54.000Z,agent-20,harbor-db,software,6494,EUR,approved,captured,ev_1ew4mp
1228,2026-07-21T19:16:14.000Z,agent-26,granite-crm,advertising,6973,EUR,approved,captured,ev_t2kb
1229,2026-07-21T19:19:23.000Z,agent-11,arkwright-domains,software,4750,EUR,approved,captured,ev_fv6m1g
1230,2026-07-21T19:38:05.000Z,agent-03,quillpress,cloud,27324,EUR,approved,captured,ev_8n2v1o
1231,2026-07-21T19:58:55.000Z,agent-23,orchid-labs,software,14098,EUR,approved,captured,ev_7jd9wq
1232,2026-07-21T20:03:47.000Z,agent-18,juniper-ai,domains,5663,EUR,approved,captured,ev_1l8tlv
1233,2026-07-21T20:13:32.000Z,agent-40,harbor-db,hosting,5032,EUR,approved,captured,ev_b2u3k7
1234,2026-07-21T22:14:51.000Z,agent-32,ferrodata,groceries,7540,EUR,approved,captured,ev_5lud44
1235,2026-07-21T22:23:10.000Z,agent-30,vellum-crm,software,16680,EUR,approved,captured,ev_f59t2d
1236,2026-07-21T22:27:51.000Z,agent-04,quillpress,office,4922,EUR,approved,captured,ev_5x10ft
1237,2026-07-21T22:36:33.000Z,agent-18,atlas-mail,domains,5944,EUR,approved,captured,ev_g0jrt8
1238,2026-07-21T22:43:32.000Z,agent-36,summit-infra,cloud,20296,EUR,approved,captured,ev_edhhry
1239,2026-07-21T23:05:13.000Z,agent-37,bytehost,software,15093,EUR,approved,captured,ev_bc00if
1240,2026-07-21T23:11:09.000Z,agent-05,juniper-ai,advertising,25164,EUR,approved,captured,ev_ausrns
1241,2026-07-21T23:46:17.000Z,agent-25,arkwright-domains,cloud,3090,EUR,approved,captured,ev_eoen0s
1242,2026-07-21T23:48:03.000Z,agent-39,mineral-storage,groceries,16508,EUR,approved,captured,ev_1us4a6
1243,2026-07-22T00:12:35.000Z,agent-07,northline-api,software,20141,EUR,approved,captured,ev_7dmzjg
1244,2026-07-22T00:16:16.000Z,agent-08,harbor-db,travel,2937,EUR,approved,captured,ev_7ffp3s
1245,2026-07-22T00:35:07.000Z,agent-01,arkwright-domains,software,9590,EUR,approved,captured,ev_6272g5
1246,2026-07-22T00:40:51.000Z,agent-10,lumen-post,domains,6578,EUR,approved,captured,ev_4t6thq
1247,2026-07-22T01:05:10.000Z,agent-12,lumen-post,groceries,10974,EUR,approved,captured,ev_4znyy5
1248,2026-07-22T01:19:34.000Z,agent-18,mineral-storage,groceries,4342,EUR,approved,captured,ev_cgqnuw
1249,2026-07-22T01:40:47.000Z,agent-03,kestrel-metrics,software,8745,EUR,approved,captured,ev_phfpv
1250,2026-07-22T02:04:13.000Z,agent-15,cinderstack,domains,7255,EUR,approved,captured,ev_2c526b
1251,2026-07-22T02:27:54.000Z,agent-29,arkwright-domains,hosting,3079,EUR,approved,captured,ev_3tcqsl
1252,2026-07-22T03:13:06.000Z,agent-14,vellum-crm,cloud,7294,EUR,approved,captured,ev_5doujr
1253,2026-07-22T03:39:33.000Z,agent-09,ferrite-tools,hosting,8383,EUR,approved,captured,ev_cqb6gq
1254,2026-07-22T03:54:20.000Z,agent-17,lumen-post,advertising,6237,EUR,approved,captured,ev_1ftfco
1255,2026-07-22T04:30:34.000Z,agent-19,lumen-post,software,14321,EUR,approved,captured,ev_8ikgj0
1256,2026-07-22T04:44:17.000Z,agent-21,bytehost,advertising,14997,EUR,approved,captured,ev_908719
1257,2026-07-22T05:02:14.000Z,agent-28,ferrite-tools,travel,7855,EUR,approved,captured,ev_cerxys
1258,2026-07-22T05:09:16.000Z,agent-20,juniper-ai,travel,13699,EUR,approved,captured,ev_5hp08z
1259,2026-07-22T05:09:21.000Z,agent-16,ferrite-tools,travel,12097,EUR,approved,captured,ev_c1hpws
1260,2026-07-22T05:45:43.000Z,agent-28,harbor-db,travel,24216,EUR,declined,none,ev_4rbxbn
1261,2026-07-22T05:57:31.000Z,agent-11,quillpress,cloud,5853,EUR,approved,captured,ev_a7gj4s
1262,2026-07-22T06:27:13.000Z,agent-35,meridian-cdn,travel,5701,EUR,approved,captured,ev_2lhgt9
1263,2026-07-22T06:40:31.000Z,agent-34,voltage-io,software,7330,EUR,approved,captured,ev_cs0gig
1264,2026-07-22T07:37:28.000Z,agent-26,beacon-auth,office,6539,EUR,approved,captured,ev_276c7c
1265,2026-07-22T08:13:36.000Z,agent-38,northline-api,cloud,10858,EUR,approved,captured,ev_18oxry
1266,2026-07-22T08:58:01.000Z,agent-15,bytehost,software,22716,EUR,declined,none,ev_byhj2w
1267,2026-07-22T09:23:29.000Z,agent-03,kestrel-metrics,software,4805,EUR,approved,captured,ev_fplbg1
1268,2026-07-22T09:50:37.000Z,agent-24,quillpress,software,4748,EUR,approved,captured,ev_v0nzu
1269,2026-07-22T10:08:53.000Z,agent-34,juniper-ai,cloud,9464,EUR,approved,captured,ev_cbb4mp
1270,2026-07-22T10:31:23.000Z,agent-36,summit-infra,travel,13264,EUR,declined,none,ev_b8ffz3
1271,2026-07-22T10:33:39.000Z,agent-33,bytehost,software,5993,EUR,approved,captured,ev_5ldqi6
1272,2026-07-22T11:29:55.000Z,agent-27,mineral-storage,advertising,21043,EUR,approved,captured,ev_coey9c
1273,2026-07-22T11:40:18.000Z,agent-34,northline-api,cloud,5591,EUR,approved,captured,ev_7jbx8y
1274,2026-07-22T12:03:24.000Z,agent-21,juniper-ai,travel,9296,EUR,approved,captured,ev_5vglkg
1275,2026-07-22T12:14:05.000Z,agent-22,cinderstack,office,3378,EUR,approved,captured,ev_frsp2y
1276,2026-07-22T12:14:32.000Z,agent-08,bytehost,advertising,15144,EUR,approved,captured,ev_fsmyqd
1277,2026-07-22T13:08:08.000Z,agent-26,granite-crm,office,10645,EUR,approved,captured,ev_g7wapp
1278,2026-07-22T13:20:27.000Z,agent-28,kestrel-metrics,software,11640,EUR,approved,captured,ev_6pq0ek
1279,2026-07-22T14:13:32.000Z,agent-36,pinecrest-apps,groceries,6365,EUR,approved,captured,ev_2i004f
1280,2026-07-22T14:27:36.000Z,agent-17,kestrel-metrics,domains,13185,EUR,approved,captured,ev_59ahxw
1281,2026-07-22T14:34:26.000Z,agent-40,quillpress,office,6367,EUR,approved,captured,ev_92hati
1282,2026-07-22T15:20:21.000Z,agent-31,vellum-crm,groceries,8555,EUR,approved,refunded,ev_84qim0
1283,2026-07-22T15:50:16.000Z,agent-18,mineral-storage,hosting,6789,EUR,approved,captured,ev_psv3l
1284,2026-07-22T16:46:16.000Z,agent-25,ferrodata,software,9827,EUR,approved,captured,ev_9u4e9y
1285,2026-07-22T16:51:40.000Z,agent-05,summit-infra,groceries,3569,EUR,approved,captured,ev_2a8x4s
1286,2026-07-22T17:10:12.000Z,agent-23,juniper-ai,software,13399,EUR,approved,captured,ev_ez9wvt
1287,2026-07-22T17:34:47.000Z,agent-40,pierstone-pay,domains,10162,EUR,approved,captured,ev_60tlai
1288,2026-07-22T18:16:03.000Z,agent-16,kestrel-metrics,travel,12213,EUR,approved,captured,ev_zndyu
1289,2026-07-22T18:34:47.000Z,agent-38,juniper-ai,office,6560,EUR,approved,captured,ev_8rdl5i
1290,2026-07-22T19:21:33.000Z,agent-21,harbor-db,domains,4186,EUR,approved,captured,ev_chbuv7
1291,2026-07-22T19:43:15.000Z,agent-25,northline-api,groceries,14514,EUR,approved,captured,ev_3py8qw
1292,2026-07-22T20:13:08.000Z,agent-02,orchid-labs,hosting,11153,EUR,approved,captured,ev_c4b8qh
1293,2026-07-22T21:03:13.000Z,agent-03,lumen-post,hosting,8243,EUR,approved,captured,ev_5dv5i8
1294,2026-07-22T21:11:57.000Z,agent-04,meridian-cdn,groceries,5681,EUR,approved,captured,ev_f29wg1
1295,2026-07-22T21:40:50.000Z,agent-24,ferrodata,cloud,17149,EUR,approved,captured,ev_50a3iu
1296,2026-07-22T22:29:55.000Z,agent-22,arkwright-domains,domains,11100,EUR,approved,captured,ev_e4uq6j
1297,2026-07-22T22:39:51.000Z,agent-20,atlas-mail,travel,3236,EUR,declined,none,ev_8dri20
1298,2026-07-22T22:45:49.000Z,agent-13,vellum-crm,hosting,7318,EUR,approved,captured,ev_8mpvcx
1299,2026-07-22T23:01:40.000Z,agent-08,ferrite-tools,hosting,42653,EUR,approved,failed,ev_fdllkp
1300,2026-07-22T23:20:26.000Z,agent-36,ferrite-tools,domains,15944,EUR,approved,refunded,ev_oq48p
1301,2026-07-22T23:24:43.000Z,agent-39,kestrel-metrics,advertising,10069,EUR,approved,captured,ev_883hld
1302,2026-07-22T23:45:14.000Z,agent-40,harbor-db,cloud,12627,EUR,approved,captured,ev_5nvze8
1303,2026-07-22T23:59:09.000Z,agent-06,orchid-labs,cloud,21641,EUR,approved,captured,ev_gdom4i
1304,2026-07-23T00:28:22.000Z,agent-38,pinecrest-apps,groceries,4402,EUR,approved,captured,ev_3onscs
1305,2026-07-23T00:33:58.000Z,agent-19,northline-api,groceries,13140,EUR,approved,captured,ev_4koq00
1306,2026-07-23T00:44:00.000Z,agent-31,vellum-crm,travel,3668,EUR,approved,captured,ev_477n7k
1307,2026-07-23T00:45:46.000Z,agent-15,arkwright-domains,software,15182,EUR,declined,none,ev_a0bod1
1308,2026-07-23T00:55:31.000Z,agent-07,ferrite-tools,office,13105,EUR,approved,refunded,ev_4f9ogx
1309,2026-07-23T00:58:44.000Z,agent-01,bytehost,hosting,10011,EUR,approved,captured,ev_5cwv37
1310,2026-07-23T01:02:08.000Z,agent-37,railsgate,groceries,6473,EUR,approved,captured,ev_75bgog
1311,2026-07-23T01:13:43.000Z,agent-10,northline-api,cloud,13483,EUR,approved,captured,ev_47a3w3
1312,2026-07-23T01:15:17.000Z,agent-34,northline-api,cloud,7619,EUR,approved,captured,ev_b1301e
1313,2026-07-23T01:41:52.000Z,agent-30,mineral-storage,office,5316,EUR,approved,failed,ev_c2giwo
1314,2026-07-23T02:01:41.000Z,agent-40,lumen-post,software,5428,EUR,approved,captured,ev_wfhl1
1315,2026-07-23T02:41:35.000Z,agent-15,beacon-auth,domains,15024,EUR,approved,captured,ev_nk96l
1316,2026-07-23T03:14:11.000Z,agent-32,orchid-labs,office,12544,EUR,approved,captured,ev_3g2pfz
1317,2026-07-23T03:39:03.000Z,agent-14,voltage-io,office,16817,EUR,approved,captured,ev_98er72
1318,2026-07-23T03:43:06.000Z,agent-29,quillpress,software,9732,EUR,approved,captured,ev_2exotx
1319,2026-07-23T04:27:04.000Z,agent-02,quillpress,hosting,9334,EUR,approved,captured,ev_hdinp
1320,2026-07-23T05:20:42.000Z,agent-08,juniper-ai,software,8758,EUR,approved,refunded,ev_qj8hq
1321,2026-07-23T05:34:52.000Z,agent-30,voltage-io,groceries,2157,EUR,approved,captured,ev_di6r57
1322,2026-07-23T05:45:04.000Z,agent-26,juniper-ai,domains,20710,EUR,approved,captured,ev_9lc5vc
1323,2026-07-23T05:49:59.000Z,agent-38,mineral-storage,cloud,8540,EUR,approved,captured,ev_b48v1l
1324,2026-07-23T06:08:14.000Z,agent-08,beacon-auth,groceries,8570,EUR,approved,captured,ev_f7e5gk
1325,2026-07-23T06:44:07.000Z,agent-18,ferrite-tools,cloud,12609,EUR,approved,captured,ev_ijye
1326,2026-07-23T07:14:25.000Z,agent-15,atlas-mail,travel,15453,EUR,approved,captured,ev_e62j6n
1327,2026-07-23T07:16:51.000Z,agent-16,granite-crm,groceries,6898,EUR,approved,captured,ev_a7fa21
1328,2026-07-23T07:45:27.000Z,agent-25,meridian-cdn,domains,7984,EUR,approved,captured,ev_2e4rnx
1329,2026-07-23T08:00:58.000Z,agent-11,lumen-post,software,4965,EUR,approved,captured,ev_3bhjzm
1330,2026-07-23T08:01:00.000Z,agent-09,granite-crm,domains,5189,EUR,approved,captured,ev_8d2svq
1331,2026-07-23T08:04:44.000Z,agent-40,mineral-storage,cloud,8525,EUR,approved,captured,ev_8l8w61
1332,2026-07-23T08:15:55.000Z,agent-28,meridian-cdn,cloud,16167,EUR,approved,captured,ev_fbyvbb
1333,2026-07-23T08:24:36.000Z,agent-12,beacon-auth,travel,10917,EUR,approved,captured,ev_7e8ccb
1334,2026-07-23T08:50:41.000Z,agent-14,railsgate,software,7869,EUR,approved,captured,ev_5wq4o1
1335,2026-07-23T09:30:51.000Z,agent-27,meridian-cdn,domains,12245,EUR,approved,captured,ev_5hleq4
1336,2026-07-23T10:23:04.000Z,agent-14,juniper-ai,hosting,13835,EUR,approved,captured,ev_6wbl08
1337,2026-07-23T11:00:10.000Z,agent-22,cobblestone-dev,advertising,13510,EUR,approved,captured,ev_4h7trw
1338,2026-07-23T11:09:00.000Z,agent-40,granite-crm,cloud,20824,EUR,approved,captured,ev_c1em81
1339,2026-07-23T11:48:54.000Z,agent-35,vellum-crm,travel,17027,EUR,approved,captured,ev_6ed9ay
1340,2026-07-23T12:18:44.000Z,agent-10,pinecrest-apps,groceries,10043,EUR,approved,captured,ev_da8sh7
1341,2026-07-23T12:27:44.000Z,agent-30,cobblestone-dev,travel,4080,EUR,approved,captured,ev_4cgkfo
1342,2026-07-23T13:07:43.000Z,agent-03,meridian-cdn,office,9194,EUR,approved,captured,ev_ek8rgc
1343,2026-07-23T13:15:53.000Z,agent-08,granite-crm,office,6129,EUR,approved,captured,ev_1lbejw
1344,2026-07-23T13:24:30.000Z,agent-19,vellum-crm,office,7652,EUR,approved,captured,ev_fj3oc9
1345,2026-07-23T13:55:14.000Z,agent-23,harbor-db,advertising,9362,EUR,declined,none,ev_cf8ctp
1346,2026-07-23T14:07:05.000Z,agent-36,ferrodata,domains,4971,EUR,approved,captured,ev_1js0he
1347,2026-07-23T14:16:44.000Z,agent-27,railsgate,software,4984,EUR,approved,failed,ev_3psxvd
1348,2026-07-23T14:34:43.000Z,agent-19,granite-crm,groceries,17374,EUR,approved,captured,ev_8ip4rb
1349,2026-07-23T14:48:52.000Z,agent-38,cinderstack,advertising,12314,EUR,approved,captured,ev_caxdg1
1350,2026-07-23T14:54:25.000Z,agent-31,arkwright-domains,office,4456,EUR,approved,captured,ev_as67h6
1351,2026-07-23T15:43:39.000Z,agent-36,juniper-ai,software,6151,EUR,approved,captured,ev_bdaih2
1352,2026-07-23T15:43:49.000Z,agent-10,cobalt-cloud,travel,12897,EUR,approved,captured,ev_3vzzof
1353,2026-07-23T16:10:41.000Z,agent-40,cobalt-cloud,travel,23414,EUR,approved,captured,ev_290493
1354,2026-07-23T16:52:01.000Z,agent-20,kestrel-metrics,cloud,26602,EUR,approved,captured,ev_wnxfc
1355,2026-07-23T17:19:22.000Z,agent-17,cobblestone-dev,groceries,6507,EUR,approved,captured,ev_7675iu
1356,2026-07-23T17:38:33.000Z,agent-33,juniper-ai,travel,2398,EUR,approved,captured,ev_73hpit
1357,2026-07-23T17:42:36.000Z,agent-04,summit-infra,cloud,6382,EUR,approved,captured,ev_3h9152
1358,2026-07-23T18:02:36.000Z,agent-38,orchid-labs,travel,7545,EUR,approved,captured,ev_3ihpl9
1359,2026-07-23T19:25:09.000Z,agent-07,pierstone-pay,groceries,6066,EUR,approved,captured,ev_2c9bp
1360,2026-07-23T20:14:05.000Z,agent-26,railsgate,software,6227,EUR,approved,captured,ev_31ta38
1361,2026-07-23T20:57:48.000Z,agent-05,mineral-storage,domains,5952,EUR,approved,captured,ev_yre9o
1362,2026-07-23T21:21:46.000Z,agent-06,harbor-db,groceries,6592,EUR,approved,captured,ev_32gnpc
1363,2026-07-23T21:24:12.000Z,agent-17,railsgate,hosting,31908,EUR,approved,captured,ev_fdd6r9
1364,2026-07-23T21:36:27.000Z,agent-01,summit-infra,office,22143,EUR,approved,captured,ev_7o5wc4
1365,2026-07-23T22:11:53.000Z,agent-32,voltage-io,software,7151,EUR,approved,captured,ev_eieet7
1366,2026-07-23T22:23:50.000Z,agent-29,cinderstack,software,6777,EUR,approved,captured,ev_aqux5n
1367,2026-07-23T22:39:34.000Z,agent-14,railsgate,hosting,35692,EUR,approved,refunded,ev_2gvy26
1368,2026-07-23T23:09:31.000Z,agent-39,harbor-db,cloud,9886,EUR,approved,captured,ev_da2ixg
1369,2026-07-23T23:46:12.000Z,agent-34,northline-api,cloud,4883,EUR,approved,captured,ev_4x80zd
1370,2026-07-24T00:05:20.000Z,agent-19,beacon-auth,cloud,8980,EUR,approved,captured,ev_dvnuyh
1371,2026-07-24T00:21:53.000Z,agent-08,pinecrest-apps,cloud,4318,EUR,approved,captured,ev_53ybt8
1372,2026-07-24T00:26:08.000Z,agent-35,juniper-ai,domains,10457,EUR,approved,captured,ev_3vuoyp
1373,2026-07-24T00:49:59.000Z,agent-37,voltage-io,advertising,8851,EUR,approved,captured,ev_5n5dli
1374,2026-07-24T02:19:53.000Z,agent-21,beacon-auth,office,7727,EUR,approved,captured,ev_dprxpz
1375,2026-07-24T02:29:01.000Z,agent-37,arkwright-domains,hosting,7702,EUR,approved,captured,ev_21kdo3
1376,2026-07-24T03:07:25.000Z,agent-22,pinecrest-apps,groceries,6945,EUR,approved,captured,ev_f3uhyl
1377,2026-07-24T03:23:00.000Z,agent-31,lumen-post,cloud,4599,EUR,approved,captured,ev_bccurp
1378,2026-07-24T03:39:43.000Z,agent-20,cinderstack,office,20154,EUR,approved,captured,ev_gdje3s
1379,2026-07-24T03:44:58.000Z,agent-18,ferrodata,cloud,19240,EUR,approved,captured,ev_a9faxx
1380,2026-07-24T03:45:48.000Z,agent-24,harbor-db,advertising,9410,EUR,approved,captured,ev_e1cem8
1381,2026-07-24T03:48:23.000Z,agent-32,granite-crm,hosting,7098,EUR,approved,captured,ev_3yriks
1382,2026-07-24T04:10:00.000Z,agent-36,juniper-ai,software,5801,EUR,approved,captured,ev_cwggbl
1383,2026-07-24T04:22:20.000Z,agent-15,ferrite-tools,cloud,14634,EUR,approved,captured,ev_ds42ce
1384,2026-07-24T04:33:48.000Z,agent-13,mineral-storage,office,8819,EUR,declined,none,ev_15lh3j
1385,2026-07-24T05:37:23.000Z,agent-38,lumen-post,software,8858,EUR,approved,captured,ev_12oi4y
1386,2026-07-24T05:49:47.000Z,agent-33,meridian-cdn,travel,11902,EUR,approved,captured,ev_9utf2i
1387,2026-07-24T05:52:39.000Z,agent-16,juniper-ai,domains,5193,EUR,approved,failed,ev_1fj0zd
1388,2026-07-24T06:07:04.000Z,agent-06,cobalt-cloud,cloud,9957,EUR,approved,captured,ev_cyiyb6
1389,2026-07-24T06:12:56.000Z,agent-27,summit-infra,advertising,7654,EUR,approved,captured,ev_g5iz7z
1390,2026-07-24T07:59:59.000Z,agent-38,pierstone-pay,domains,13702,EUR,approved,captured,ev_5ql2pz
1391,2026-07-24T08:50:44.000Z,agent-10,pinecrest-apps,advertising,3102,EUR,approved,captured,ev_gc1iba
1392,2026-07-24T09:00:12.000Z,agent-22,beacon-auth,domains,6130,EUR,approved,captured,ev_32gnxk
1393,2026-07-24T09:15:12.000Z,agent-04,vellum-crm,domains,6680,EUR,declined,none,ev_gex8z1
1394,2026-07-24T09:42:08.000Z,agent-28,cinderstack,cloud,19143,EUR,approved,captured,ev_el49d9
1395,2026-07-24T10:02:24.000Z,agent-02,vellum-crm,advertising,5813,EUR,approved,captured,ev_g8bhxq
1396,2026-07-24T11:25:17.000Z,agent-25,cinderstack,hosting,11977,EUR,approved,captured,ev_bppv84
1397,2026-07-24T12:16:33.000Z,agent-01,railsgate,domains,20479,EUR,approved,captured,ev_e60h3u
1398,2026-07-24T12:44:11.000Z,agent-21,beacon-auth,groceries,5078,EUR,declined,none,ev_9jayyc
1399,2026-07-24T12:46:17.000Z,agent-09,northline-api,travel,5261,EUR,approved,captured,ev_23nnor
1400,2026-07-24T12:59:22.000Z,agent-07,pinecrest-apps,travel,5720,EUR,approved,captured,ev_9t6kox
1401,2026-07-24T14:01:49.000Z,agent-12,orchid-labs,software,18006,EUR,approved,captured,ev_85x32b
1402,2026-07-24T14:15:35.000Z,agent-15,cobalt-cloud,travel,6922,EUR,approved,captured,ev_1h0xir
1403,2026-07-24T14:16:38.000Z,agent-04,ferrodata,office,4021,EUR,approved,captured,ev_eyrpkd
1404,2026-07-24T14:38:34.000Z,agent-39,granite-crm,domains,4259,EUR,approved,captured,ev_do7a1e
1405,2026-07-24T14:50:27.000Z,agent-30,quillpress,travel,7230,EUR,approved,captured,ev_e87hhr
1406,2026-07-24T14:50:38.000Z,agent-23,arkwright-domains,groceries,8896,EUR,approved,captured,ev_bxnetb
1407,2026-07-24T15:48:54.000Z,agent-20,atlas-mail,office,24389,EUR,approved,captured,ev_9j4igu
1408,2026-07-24T16:07:22.000Z,agent-11,kestrel-metrics,hosting,8537,EUR,approved,captured,ev_fi03pi
1409,2026-07-24T16:23:32.000Z,agent-26,pinecrest-apps,groceries,26629,EUR,approved,captured,ev_ev2bmq
1410,2026-07-24T16:26:07.000Z,agent-16,juniper-ai,domains,5858,EUR,approved,captured,ev_59yiip
1411,2026-07-24T16:54:03.000Z,agent-40,lumen-post,hosting,16255,EUR,approved,captured,ev_rllna
1412,2026-07-24T17:51:10.000Z,agent-06,arkwright-domains,domains,5382,EUR,approved,captured,ev_4u1kp4
1413,2026-07-24T18:14:09.000Z,agent-02,summit-infra,cloud,5430,EUR,approved,captured,ev_f5gls6
1414,2026-07-24T18:31:53.000Z,agent-05,beacon-auth,cloud,11213,EUR,approved,captured,ev_5qnqni
1415,2026-07-24T20:04:29.000Z,agent-09,ferrite-tools,advertising,13771,EUR,approved,failed,ev_gavbnx
1416,2026-07-24T20:58:37.000Z,agent-33,cinderstack,groceries,18673,EUR,approved,captured,ev_1lkqov
1417,2026-07-24T22:02:57.000Z,agent-31,juniper-ai,cloud,7619,EUR,approved,captured,ev_5fd1fs
1418,2026-07-24T23:31:07.000Z,agent-24,meridian-cdn,software,10373,EUR,approved,captured,ev_8xwc9i
1419,2026-07-25T00:50:51.000Z,agent-17,voltage-io,travel,10569,EUR,approved,captured,ev_1rjnu4
1420,2026-07-25T01:58:48.000Z,agent-34,juniper-ai,domains,20574,EUR,approved,captured,ev_gi5b56
1421,2026-07-25T02:26:20.000Z,agent-19,arkwright-domains,cloud,9932,EUR,approved,captured,ev_695f9e
1422,2026-07-25T03:08:01.000Z,agent-13,orchid-labs,cloud,7809,EUR,approved,captured,ev_b0josm
1423,2026-07-25T03:11:17.000Z,agent-29,arkwright-domains,travel,8745,EUR,approved,captured,ev_clka3d
1424,2026-07-25T03:49:55.000Z,agent-36,mineral-storage,office,6246,EUR,approved,captured,ev_afkyn4
1425,2026-07-25T03:53:14.000Z,agent-01,bytehost,software,7023,EUR,approved,captured,ev_6z4wm7
1426,2026-07-25T04:41:15.000Z,agent-13,meridian-cdn,groceries,9749,EUR,approved,captured,ev_ad93uh
1427,2026-07-25T05:02:30.000Z,agent-10,harbor-db,hosting,21875,EUR,approved,captured,ev_13118s
1428,2026-07-25T05:03:23.000Z,agent-11,beacon-auth,software,13419,EUR,approved,failed,ev_9a0q4q
1429,2026-07-25T05:18:43.000Z,agent-09,cobblestone-dev,cloud,5551,EUR,approved,captured,ev_89wdnm
1430,2026-07-25T05:45:21.000Z,agent-22,kestrel-metrics,advertising,10384,EUR,approved,captured,ev_amawcy
1431,2026-07-25T05:46:14.000Z,agent-32,harbor-db,office,15731,EUR,approved,captured,ev_7ou5re
1432,2026-07-25T06:01:40.000Z,agent-16,juniper-ai,domains,14044,EUR,approved,captured,ev_3zv68e
1433,2026-07-25T06:29:02.000Z,agent-21,northline-api,software,5276,EUR,approved,captured,ev_51p50g
1434,2026-07-25T06:37:54.000Z,agent-35,bytehost,office,11952,EUR,approved,failed,ev_8y6cta
1435,2026-07-25T06:45:38.000Z,agent-14,beacon-auth,software,12286,EUR,approved,captured,ev_9udio1
1436,2026-07-25T06:52:53.000Z,agent-08,ferrodata,groceries,6120,EUR,approved,failed,ev_5tz40y
1437,2026-07-25T07:17:13.000Z,agent-37,atlas-mail,advertising,7755,EUR,approved,failed,ev_fn6i6j
1438,2026-07-25T07:46:20.000Z,agent-12,northline-api,software,3695,EUR,approved,captured,ev_5a442g
1439,2026-07-25T08:38:18.000Z,agent-27,northline-api,groceries,14487,EUR,approved,captured,ev_bul7wz
1440,2026-07-25T08:41:40.000Z,agent-25,cobalt-cloud,cloud,12566,EUR,approved,captured,ev_sqywc
1441,2026-07-25T09:46:43.000Z,agent-20,mineral-storage,office,4691,EUR,approved,refunded,ev_ateywa
1442,2026-07-25T09:47:31.000Z,agent-09,bytehost,domains,11723,EUR,approved,captured,ev_fc6c97
1443,2026-07-25T10:10:29.000Z,agent-26,lumen-post,advertising,15258,EUR,approved,captured,ev_b0r0v3
1444,2026-07-25T10:27:54.000Z,agent-14,ferrodata,cloud,19268,EUR,declined,none,ev_323v54
1445,2026-07-25T10:38:08.000Z,agent-40,arkwright-domains,software,6630,EUR,approved,captured,ev_bw6x1f
1446,2026-07-25T11:14:42.000Z,agent-28,mineral-storage,software,5288,EUR,approved,captured,ev_d4u3w5
1447,2026-07-25T11:57:39.000Z,agent-18,ferrite-tools,cloud,18270,EUR,declined,none,ev_2d9nec
1448,2026-07-25T12:04:15.000Z,agent-07,harbor-db,domains,9051,EUR,approved,refunded,ev_6m6g6a
1449,2026-07-25T12:14:46.000Z,agent-38,harbor-db,travel,20962,EUR,approved,captured,ev_d2h0vj
1450,2026-07-25T12:55:46.000Z,agent-12,harbor-db,office,19562,EUR,approved,captured,ev_38xisf
1451,2026-07-25T13:04:40.000Z,agent-33,cobblestone-dev,domains,3428,EUR,approved,captured,ev_772jky
1452,2026-07-25T13:26:56.000Z,agent-31,cobblestone-dev,travel,7009,EUR,approved,captured,ev_fh78ok
1453,2026-07-25T14:23:08.000Z,agent-01,orchid-labs,groceries,5669,EUR,approved,captured,ev_3hiusj
1454,2026-07-25T14:55:09.000Z,agent-36,atlas-mail,cloud,7854,EUR,approved,captured,ev_8qytf3
1455,2026-07-25T15:57:27.000Z,agent-30,ferrite-tools,office,15077,EUR,approved,captured,ev_8i3n1e
1456,2026-07-25T15:59:43.000Z,agent-23,arkwright-domains,office,7928,EUR,approved,captured,ev_8pi3k3
1457,2026-07-25T16:06:38.000Z,agent-08,mineral-storage,advertising,6675,EUR,approved,captured,ev_ge4aqo
1458,2026-07-25T16:10:40.000Z,agent-10,harbor-db,advertising,11220,EUR,approved,captured,ev_7mhhdx
1459,2026-07-25T17:11:54.000Z,agent-32,bytehost,advertising,16082,EUR,approved,failed,ev_fev8oe
1460,2026-07-25T17:39:34.000Z,agent-36,kestrel-metrics,cloud,11584,EUR,approved,captured,ev_a1l5w6
1461,2026-07-25T17:58:41.000Z,agent-19,granite-crm,groceries,17798,EUR,declined,none,ev_t5gc2
1462,2026-07-25T18:03:09.000Z,agent-33,atlas-mail,advertising,6677,EUR,declined,none,ev_8p5ge7
1463,2026-07-25T18:52:50.000Z,agent-33,meridian-cdn,cloud,7409,EUR,approved,captured,ev_euptr3
1464,2026-07-25T18:54:38.000Z,agent-10,voltage-io,advertising,17772,EUR,approved,captured,ev_bbmraq
1465,2026-07-25T19:16:01.000Z,agent-30,juniper-ai,software,15465,EUR,approved,failed,ev_70w9c3
1466,2026-07-25T20:04:32.000Z,agent-04,meridian-cdn,domains,5558,EUR,approved,captured,ev_a5qy9w
1467,2026-07-25T20:37:59.000Z,agent-29,vellum-crm,office,6869,EUR,approved,captured,ev_1ytfme
1468,2026-07-25T20:46:01.000Z,agent-25,pinecrest-apps,hosting,8350,EUR,approved,captured,ev_f1en91
1469,2026-07-25T21:15:19.000Z,agent-30,ferrodata,hosting,6366,EUR,approved,captured,ev_5vwru9
1470,2026-07-25T21:57:04.000Z,agent-32,harbor-db,hosting,6990,EUR,approved,captured,ev_6jo1lc
1471,2026-07-25T21:57:35.000Z,agent-06,northline-api,cloud,13997,EUR,approved,failed,ev_fsrei1
1472,2026-07-25T22:05:42.000Z,agent-08,beacon-auth,travel,15273,EUR,approved,captured,ev_812c33
1473,2026-07-25T22:10:21.000Z,agent-15,cobalt-cloud,travel,2549,EUR,approved,captured,ev_a0kqkh
1474,2026-07-25T22:39:12.000Z,agent-27,ferrite-tools,domains,6925,EUR,approved,captured,ev_2qm3ak
1475,2026-07-25T22:43:16.000Z,agent-17,atlas-mail,groceries,8072,EUR,approved,captured,ev_am9q75
1476,2026-07-25T22:45:14.000Z,agent-02,juniper-ai,software,20253,EUR,approved,captured,ev_f5xd9t
1477,2026-07-25T22:57:46.000Z,agent-39,orchid-labs,hosting,6964,EUR,approved,captured,ev_71dfe3
1478,2026-07-25T23:06:37.000Z,agent-26,mineral-storage,domains,10170,EUR,approved,captured,ev_f1mssf
1479,2026-07-25T23:43:31.000Z,agent-35,mineral-storage,cloud,5477,EUR,approved,captured,ev_fr96fa
1480,2026-07-26T00:30:33.000Z,agent-22,juniper-ai,advertising,5317,EUR,approved,captured,ev_br0xch
1481,2026-07-26T01:14:33.000Z,agent-14,cobblestone-dev,groceries,9407,EUR,approved,captured,ev_eyutcw
1482,2026-07-26T01:23:21.000Z,agent-28,granite-crm,groceries,5647,EUR,approved,captured,ev_701px2
1483,2026-07-26T01:42:01.000Z,agent-13,railsgate,domains,14013,EUR,approved,captured,ev_8mfatv
1484,2026-07-26T02:27:03.000Z,agent-07,voltage-io,travel,5703,EUR,approved,captured,ev_3b5ha
1485,2026-07-26T02:42:48.000Z,agent-16,meridian-cdn,hosting,11686,EUR,approved,captured,ev_6zxq0m
1486,2026-07-26T02:43:37.000Z,agent-05,ferrite-tools,advertising,4858,EUR,approved,captured,ev_cbgwpf
1487,2026-07-26T03:20:26.000Z,agent-29,atlas-mail,advertising,5723,EUR,approved,captured,ev_7cc08f
1488,2026-07-26T03:37:07.000Z,agent-10,kestrel-metrics,advertising,7316,EUR,approved,captured,ev_2sg0wa
1489,2026-07-26T05:21:36.000Z,agent-24,northline-api,advertising,6077,EUR,approved,captured,ev_6jz09o
1490,2026-07-26T06:04:47.000Z,agent-37,arkwright-domains,domains,31776,EUR,approved,captured,ev_fh7ury
1491,2026-07-26T06:07:12.000Z,agent-08,lumen-post,cloud,9765,EUR,approved,captured,ev_5atzb1
1492,2026-07-26T06:19:39.000Z,agent-38,cobalt-cloud,cloud,15973,EUR,declined,none,ev_dwy34r
1493,2026-07-26T06:25:23.000Z,agent-30,quillpress,cloud,12236,EUR,approved,captured,ev_e59f6m
1494,2026-07-26T06:31:12.000Z,agent-15,kestrel-metrics,hosting,4812,EUR,approved,captured,ev_9k6nff
1495,2026-07-26T07:12:31.000Z,agent-34,bytehost,groceries,12367,EUR,declined,none,ev_4exrpv
1496,2026-07-26T07:12:41.000Z,agent-06,cobalt-cloud,groceries,6351,EUR,approved,captured,ev_ag4vnr
1497,2026-07-26T10:09:46.000Z,agent-20,summit-infra,software,6838,EUR,approved,captured,ev_c4bsz3
1498,2026-07-26T10:27:52.000Z,agent-12,atlas-mail,advertising,6074,EUR,declined,none,ev_eq7fs6
1499,2026-07-26T10:30:54.000Z,agent-33,ferrodata,hosting,15554,EUR,approved,captured,ev_8dqpzc
1500,2026-07-26T10:37:31.000Z,agent-01,summit-infra,hosting,11913,EUR,approved,captured,ev_1c1jkq
1501,2026-07-26T10:51:29.000Z,agent-19,granite-crm,advertising,15333,EUR,approved,captured,ev_5q7nqb
1502,2026-07-26T12:00:25.000Z,agent-09,granite-crm,software,13631,EUR,approved,captured,ev_9s8f20
1503,2026-07-26T12:05:11.000Z,agent-29,mineral-storage,domains,9124,EUR,approved,captured,ev_7sbd2y
1504,2026-07-26T12:14:45.000Z,agent-21,ferrite-tools,travel,8620,EUR,approved,captured,ev_3cynhz
1505,2026-07-26T12:28:51.000Z,agent-11,granite-crm,hosting,11021,EUR,approved,captured,ev_g35s5o
1506,2026-07-26T13:19:35.000Z,agent-05,granite-crm,cloud,7649,EUR,approved,captured,ev_5f3sz4
1507,2026-07-26T13:34:54.000Z,agent-25,mineral-storage,cloud,6567,EUR,approved,refunded,ev_f0kl2v
1508,2026-07-26T13:56:03.000Z,agent-28,ferrite-tools,travel,14283,EUR,approved,captured,ev_aunq8s
1509,2026-07-26T13:57:40.000Z,agent-31,arkwright-domains,travel,11306,EUR,approved,captured,ev_1n4d9l
1510,2026-07-26T14:10:23.000Z,agent-38,northline-api,software,15086,EUR,approved,captured,ev_609716
1511,2026-07-26T14:21:39.000Z,agent-18,quillpress,groceries,6057,EUR,approved,captured,ev_790psj
1512,2026-07-26T14:35:04.000Z,agent-21,cobblestone-dev,domains,9366,EUR,approved,captured,ev_clki00
1513,2026-07-26T14:55:33.000Z,agent-23,granite-crm,hosting,3314,EUR,approved,captured,ev_3fqizv
1514,2026-07-26T14:59:52.000Z,agent-07,summit-infra,groceries,8882,EUR,approved,captured,ev_a773zb
1515,2026-07-26T15:48:44.000Z,agent-40,ferrite-tools,advertising,17006,EUR,approved,captured,ev_1tnajo
1516,2026-07-26T15:56:53.000Z,agent-14,cobalt-cloud,office,7779,EUR,approved,captured,ev_95gmii
1517,2026-07-26T16:58:03.000Z,agent-32,bytehost,domains,5697,EUR,approved,captured,ev_z0anp
1518,2026-07-26T17:06:51.000Z,agent-39,railsgate,cloud,17464,EUR,approved,captured,ev_1zdzlm
1519,2026-07-26T17:28:40.000Z,agent-35,summit-infra,advertising,6808,EUR,approved,captured,ev_fnbo9z
1520,2026-07-26T17:51:57.000Z,agent-08,mineral-storage,office,12928,EUR,approved,captured,ev_5wnmfk
1521,2026-07-26T17:58:34.000Z,agent-36,summit-infra,advertising,4114,EUR,approved,captured,ev_blo018
1522,2026-07-26T19:10:21.000Z,agent-11,railsgate,software,10571,EUR,approved,captured,ev_4qkbdc
1523,2026-07-26T19:44:24.000Z,agent-17,pinecrest-apps,hosting,16864,EUR,declined,none,ev_6lgj0u
1524,2026-07-26T19:45:54.000Z,agent-13,summit-infra,domains,9782,EUR,approved,failed,ev_fyfw4r
1525,2026-07-26T20:03:49.000Z,agent-02,ferrodata,advertising,9221,EUR,approved,captured,ev_ge0mv
1526,2026-07-26T21:03:21.000Z,agent-31,ferrite-tools,advertising,6107,EUR,approved,captured,ev_flxr7t
1527,2026-07-26T21:34:25.000Z,agent-22,atlas-mail,advertising,7289,EUR,declined,none,ev_8d86q7
1528,2026-07-26T22:34:52.000Z,agent-31,lumen-post,travel,13304,EUR,approved,captured,ev_dxo6x8
1529,2026-07-26T22:38:44.000Z,agent-25,granite-crm,travel,5492,EUR,approved,captured,ev_fytzxl
1530,2026-07-26T22:57:47.000Z,agent-35,pinecrest-apps,cloud,3710,EUR,approved,captured,ev_bh380
1531,2026-07-26T23:28:54.000Z,agent-34,beacon-auth,software,21882,EUR,approved,captured,ev_7u0lgz
1532,2026-07-27T00:05:04.000Z,agent-01,northline-api,advertising,5449,EUR,approved,captured,ev_8ab4bu
1533,2026-07-27T00:29:33.000Z,agent-39,beacon-auth,travel,9652,EUR,approved,captured,ev_7r60ic
1534,2026-07-27T00:32:18.000Z,agent-14,meridian-cdn,groceries,13953,EUR,approved,captured,ev_1bt9xu
1535,2026-07-27T00:48:37.000Z,agent-36,orchid-labs,groceries,8236,EUR,approved,captured,ev_7lz59d
1536,2026-07-27T00:53:39.000Z,agent-15,ferrite-tools,hosting,10750,EUR,approved,captured,ev_39jgcd
1537,2026-07-27T00:59:50.000Z,agent-05,lumen-post,travel,5730,EUR,approved,refunded,ev_fexp1s
1538,2026-07-27T01:51:36.000Z,agent-32,northline-api,groceries,2590,EUR,approved,captured,ev_g1z71b
1539,2026-07-27T01:57:20.000Z,agent-34,arkwright-domains,domains,6285,EUR,approved,captured,ev_ec4sff
1540,2026-07-27T01:58:26.000Z,agent-24,railsgate,domains,6284,EUR,approved,captured,ev_2m2v96
1541,2026-07-27T01:59:23.000Z,agent-06,ferrite-tools,domains,1704,EUR,approved,captured,ev_bx9u3j
1542,2026-07-27T02:02:36.000Z,agent-04,arkwright-domains,groceries,14700,EUR,approved,captured,ev_8ktme
1543,2026-07-27T02:53:47.000Z,agent-18,ferrite-tools,travel,3962,EUR,approved,captured,ev_d6hyoc
1544,2026-07-27T03:04:52.000Z,agent-29,kestrel-metrics,advertising,11069,EUR,approved,captured,ev_4o1ccf
1545,2026-07-27T04:24:16.000Z,agent-26,summit-infra,domains,6177,EUR,approved,refunded,ev_168963
1546,2026-07-27T04:39:29.000Z,agent-33,orchid-labs,groceries,9135,EUR,approved,captured,ev_79hdxd
1547,2026-07-27T04:56:27.000Z,agent-20,cobalt-cloud,advertising,9992,EUR,approved,captured,ev_57ba8d
1548,2026-07-27T05:00:18.000Z,agent-17,voltage-io,advertising,21430,EUR,approved,captured,ev_3rcnyx
1549,2026-07-27T05:32:01.000Z,agent-27,mineral-storage,software,6029,EUR,approved,captured,ev_d050mm
1550,2026-07-27T06:36:38.000Z,agent-35,cobblestone-dev,office,5574,EUR,approved,captured,ev_5wiju7
1551,2026-07-27T06:46:36.000Z,agent-10,mineral-storage,software,2446,EUR,approved,captured,ev_7zjbk6
1552,2026-07-27T06:58:58.000Z,agent-33,cobalt-cloud,advertising,6715,EUR,approved,captured,ev_68vgwk
1553,2026-07-27T07:10:19.000Z,agent-26,mineral-storage,office,9833,EUR,approved,captured,ev_6si7e8
1554,2026-07-27T08:19:42.000Z,agent-07,quillpress,advertising,4967,EUR,approved,captured,ev_dtiwy1
1555,2026-07-27T08:31:00.000Z,agent-34,northline-api,travel,12944,EUR,approved,captured,ev_9hlbai
1556,2026-07-27T08:55:15.000Z,agent-16,cobblestone-dev,travel,6985,EUR,approved,captured,ev_dq8jv0
1557,2026-07-27T09:11:46.000Z,agent-15,cinderstack,cloud,13009,EUR,approved,captured,ev_g80uil
1558,2026-07-27T09:58:41.000Z,agent-30,cinderstack,hosting,19099,EUR,approved,captured,ev_e5ia1k
1559,2026-07-27T10:02:21.000Z,agent-40,railsgate,hosting,6771,EUR,approved,captured,ev_gdalp8
1560,2026-07-27T10:35:02.000Z,agent-08,orchid-labs,cloud,6999,EUR,approved,captured,ev_6gggwv
1561,2026-07-27T10:53:30.000Z,agent-39,arkwright-domains,software,11647,EUR,declined,none,ev_7oz85c
1562,2026-07-27T11:39:11.000Z,agent-31,beacon-auth,groceries,14129,EUR,approved,captured,ev_x31dd
1563,2026-07-27T11:42:48.000Z,agent-40,orchid-labs,office,20479,EUR,approved,captured,ev_fuqa3t
1564,2026-07-27T12:19:13.000Z,agent-13,beacon-auth,domains,5580,EUR,approved,captured,ev_gjby28
1565,2026-07-27T13:27:31.000Z,agent-37,meridian-cdn,cloud,8808,EUR,approved,captured,ev_g9lzkz
1566,2026-07-27T13:55:08.000Z,agent-24,cinderstack,hosting,11915,EUR,approved,captured,ev_ew0s2u
1567,2026-07-27T14:20:06.000Z,agent-10,cobalt-cloud,travel,9391,EUR,approved,captured,ev_5tf7eq
1568,2026-07-27T14:32:57.000Z,agent-38,orchid-labs,office,14512,EUR,approved,captured,ev_9k15eg
1569,2026-07-27T14:45:28.000Z,agent-26,pinecrest-apps,domains,16344,EUR,approved,captured,ev_fumhv0
1570,2026-07-27T15:27:28.000Z,agent-19,bytehost,cloud,6457,EUR,approved,captured,ev_9je8wf
1571,2026-07-27T17:32:47.000Z,agent-12,quillpress,office,10714,EUR,approved,failed,ev_e33o51
1572,2026-07-27T17:46:33.000Z,agent-01,granite-crm,groceries,16794,EUR,declined,none,ev_arsh09
1573,2026-07-27T17:59:10.000Z,agent-21,cobblestone-dev,travel,4644,EUR,approved,captured,ev_fybsct
1574,2026-07-27T18:21:21.000Z,agent-28,harbor-db,hosting,6762,EUR,approved,captured,ev_b178vn
1575,2026-07-27T19:06:31.000Z,agent-38,arkwright-domains,advertising,9434,EUR,approved,captured,ev_1ko69x
1576,2026-07-27T19:12:20.000Z,agent-23,quillpress,software,5326,EUR,approved,captured,ev_46537r
1577,2026-07-27T19:40:34.000Z,agent-09,lumen-post,domains,4554,EUR,approved,captured,ev_gcs4ib
1578,2026-07-27T19:46:48.000Z,agent-29,orchid-labs,domains,4098,EUR,approved,captured,ev_aq2jg0
1579,2026-07-27T21:30:10.000Z,agent-23,cobalt-cloud,travel,6352,EUR,approved,captured,ev_26rn3l
1580,2026-07-27T22:26:24.000Z,agent-31,vellum-crm,advertising,4272,EUR,approved,captured,ev_gb85us
1581,2026-07-27T22:27:13.000Z,agent-11,harbor-db,cloud,2570,EUR,declined,none,ev_68gn5e
1582,2026-07-27T23:17:39.000Z,agent-22,mineral-storage,travel,14043,EUR,approved,captured,ev_awchrh
1583,2026-07-28T00:11:46.000Z,agent-19,bytehost,advertising,4768,EUR,approved,captured,ev_2ci3u3
1584,2026-07-28T00:22:27.000Z,agent-05,arkwright-domains,domains,2842,EUR,approved,refunded,ev_e6vvrk
1585,2026-07-28T00:38:36.000Z,agent-35,ferrodata,hosting,6121,EUR,approved,captured,ev_fz2efa
1586,2026-07-28T01:55:52.000Z,agent-21,summit-infra,office,8034,EUR,approved,captured,ev_edd6g6
1587,2026-07-28T02:05:00.000Z,agent-07,beacon-auth,advertising,5522,EUR,approved,refunded,ev_cxqtwq
1588,2026-07-28T02:30:23.000Z,agent-36,meridian-cdn,groceries,9627,EUR,approved,captured,ev_7k19qb
1589,2026-07-28T02:55:30.000Z,agent-23,beacon-auth,travel,7165,EUR,declined,none,ev_5f9ver
1590,2026-07-28T03:00:44.000Z,agent-25,ferrodata,hosting,6812,EUR,approved,captured,ev_g40nan
1591,2026-07-28T03:18:45.000Z,agent-20,cinderstack,software,18063,EUR,declined,none,ev_3no17f
1592,2026-07-28T03:30:09.000Z,agent-34,meridian-cdn,office,14708,EUR,approved,captured,ev_5y7xw0
1593,2026-07-28T03:36:37.000Z,agent-12,northline-api,office,12616,EUR,approved,captured,ev_e4ay1i
1594,2026-07-28T03:40:06.000Z,agent-02,kestrel-metrics,office,11992,EUR,approved,captured,ev_cm3yjz
1595,2026-07-28T03:41:01.000Z,agent-27,lumen-post,travel,9450,EUR,approved,captured,ev_17joav
1596,2026-07-28T04:24:14.000Z,agent-39,cobalt-cloud,hosting,4359,EUR,declined,none,ev_fa8mdz
1597,2026-07-28T04:44:30.000Z,agent-25,meridian-cdn,hosting,21011,EUR,approved,captured,ev_48x4w2
1598,2026-07-28T04:46:11.000Z,agent-08,cobalt-cloud,travel,4161,EUR,approved,captured,ev_9p3rzy
1599,2026-07-28T05:02:13.000Z,agent-28,railsgate,cloud,14417,EUR,approved,captured,ev_4kcrzj
1600,2026-07-28T05:35:12.000Z,agent-22,mineral-storage,hosting,8174,EUR,approved,captured,ev_4mfmsd
1601,2026-07-28T05:52:20.000Z,agent-27,bytehost,groceries,8227,EUR,approved,captured,ev_6u9z7
1602,2026-07-28T05:56:00.000Z,agent-06,cobalt-cloud,software,8727,EUR,approved,refunded,ev_1hecl1
1603,2026-07-28T06:13:56.000Z,agent-29,meridian-cdn,travel,5613,EUR,approved,captured,ev_1b33cc
1604,2026-07-28T06:35:36.000Z,agent-04,cobalt-cloud,groceries,3744,EUR,approved,captured,ev_cljkvn
1605,2026-07-28T07:13:44.000Z,agent-14,cobalt-cloud,cloud,13192,EUR,approved,captured,ev_9wklv5
1606,2026-07-28T07:49:13.000Z,agent-32,beacon-auth,groceries,10568,EUR,approved,captured,ev_olina
1607,2026-07-28T08:35:27.000Z,agent-13,beacon-auth,groceries,10002,EUR,approved,captured,ev_fswokz
1608,2026-07-28T08:38:01.000Z,agent-17,mineral-storage,office,25414,EUR,approved,captured,ev_efnjhb
1609,2026-07-28T08:41:33.000Z,agent-36,ferrodata,advertising,4530,EUR,approved,captured,ev_ddj57f
1610,2026-07-28T08:52:46.000Z,agent-37,orchid-labs,advertising,7565,EUR,approved,captured,ev_ck50nd
1611,2026-07-28T09:43:41.000Z,agent-18,orchid-labs,advertising,10555,EUR,approved,captured,ev_1q45m0
1612,2026-07-28T09:49:40.000Z,agent-17,voltage-io,advertising,29844,EUR,approved,captured,ev_965fy2
1613,2026-07-28T10:38:57.000Z,agent-24,vellum-crm,cloud,1809,EUR,approved,captured,ev_1va56
1614,2026-07-28T11:09:43.000Z,agent-33,vellum-crm,software,13223,EUR,approved,captured,ev_4pamfi
1615,2026-07-28T12:02:30.000Z,agent-24,kestrel-metrics,domains,14333,EUR,approved,captured,ev_3tn4k0
1616,2026-07-28T12:24:26.000Z,agent-02,cobalt-cloud,travel,8832,EUR,approved,captured,ev_2lrf84
1617,2026-07-28T12:33:16.000Z,agent-17,meridian-cdn,software,28924,EUR,approved,captured,ev_dhk7wo
1618,2026-07-28T12:54:12.000Z,agent-09,railsgate,travel,4570,EUR,approved,captured,ev_4gh08v
1619,2026-07-28T12:56:09.000Z,agent-30,bytehost,groceries,9924,EUR,approved,captured,ev_9nyb55
1620,2026-07-28T13:23:19.000Z,agent-39,pinecrest-apps,advertising,19090,EUR,approved,captured,ev_16g6j4
1621,2026-07-28T14:00:34.000Z,agent-26,cinderstack,cloud,15712,EUR,approved,captured,ev_9xjjyx
1622,2026-07-28T14:23:34.000Z,agent-15,juniper-ai,groceries,6346,EUR,approved,captured,ev_47w238
1623,2026-07-28T14:36:01.000Z,agent-09,pinecrest-apps,cloud,11641,EUR,approved,refunded,ev_9dpbpc
1624,2026-07-28T14:55:46.000Z,agent-32,cobalt-cloud,office,7375,EUR,approved,captured,ev_e2mad5
1625,2026-07-28T14:56:59.000Z,agent-02,granite-crm,travel,5031,EUR,approved,captured,ev_4c898k
1626,2026-07-28T15:14:03.000Z,agent-19,railsgate,groceries,5494,EUR,approved,captured,ev_248a53
1627,2026-07-28T15:56:01.000Z,agent-10,arkwright-domains,groceries,6936,EUR,declined,none,ev_b2399m
1628,2026-07-28T16:04:20.000Z,agent-21,bytehost,groceries,4475,EUR,approved,captured,ev_5b7oz6
1629,2026-07-28T16:17:44.000Z,agent-07,lumen-post,hosting,14084,EUR,approved,captured,ev_cg96w1
1630,2026-07-28T16:19:28.000Z,agent-16,meridian-cdn,advertising,9021,EUR,approved,captured,ev_578qo2
1631,2026-07-28T16:33:23.000Z,agent-29,kestrel-metrics,advertising,5585,EUR,approved,captured,ev_1qlram
1632,2026-07-28T16:44:58.000Z,agent-18,bytehost,groceries,6453,EUR,approved,captured,ev_4mhglp
1633,2026-07-28T17:30:29.000Z,agent-40,granite-crm,software,6074,EUR,approved,captured,ev_2j6tub
1634,2026-07-28T18:12:10.000Z,agent-23,northline-api,domains,4772,EUR,approved,captured,ev_377kce
1635,2026-07-28T19:23:09.000Z,agent-04,lumen-post,domains,10295,EUR,approved,captured,ev_agmfla
1636,2026-07-28T19:45:32.000Z,agent-34,ferrodata,groceries,5239,EUR,approved,captured,ev_12uadb
1637,2026-07-28T20:49:32.000Z,agent-02,arkwright-domains,cloud,11241,EUR,approved,captured,ev_4zwopq
1638,2026-07-28T22:54:16.000Z,agent-27,cobalt-cloud,travel,4422,EUR,approved,captured,ev_98moh3
1639,2026-07-28T23:12:19.000Z,agent-12,atlas-mail,domains,9017,EUR,approved,captured,ev_6rhf6f
1640,2026-07-28T23:32:05.000Z,agent-01,granite-crm,hosting,15614,EUR,approved,refunded,ev_31lgux
1641,2026-07-29T00:27:11.000Z,agent-11,vellum-crm,hosting,10777,EUR,approved,captured,ev_49qikw
1642,2026-07-29T00:43:57.000Z,agent-33,railsgate,software,13468,EUR,approved,captured,ev_76q301
1643,2026-07-29T01:25:39.000Z,agent-28,atlas-mail,software,4474,EUR,approved,captured,ev_f0n88i
1644,2026-07-29T01:35:13.000Z,agent-31,railsgate,advertising,11221,EUR,approved,failed,ev_10aw64
1645,2026-07-29T03:01:17.000Z,agent-38,pierstone-pay,cloud,10853,EUR,approved,captured,ev_9tfa8b
1646,2026-07-29T03:45:43.000Z,agent-06,arkwright-domains,advertising,12396,EUR,approved,captured,ev_4gsabo
1647,2026-07-29T04:25:09.000Z,agent-09,beacon-auth,domains,4534,EUR,approved,captured,ev_7wbplc
1648,2026-07-29T04:59:38.000Z,agent-37,ferrodata,domains,4722,EUR,approved,captured,ev_b6limo
1649,2026-07-29T05:12:16.000Z,agent-36,quillpress,advertising,18271,EUR,approved,captured,ev_bnbn4r
1650,2026-07-29T06:17:03.000Z,agent-10,voltage-io,domains,7074,EUR,approved,captured,ev_10l0w2
1651,2026-07-29T06:33:09.000Z,agent-22,pierstone-pay,office,43231,EUR,approved,captured,ev_1sfvep
1652,2026-07-29T06:42:40.000Z,agent-25,juniper-ai,office,9923,EUR,approved,captured,ev_37l7ck
1653,2026-07-29T06:52:55.000Z,agent-07,beacon-auth,groceries,4195,EUR,approved,captured,ev_103t2v
1654,2026-07-29T07:49:07.000Z,agent-35,summit-infra,domains,10102,EUR,approved,captured,ev_4z1p54
1655,2026-07-29T07:58:03.000Z,agent-15,harbor-db,software,4618,EUR,approved,failed,ev_g3bra1
1656,2026-07-29T08:03:45.000Z,agent-14,northline-api,domains,20577,EUR,approved,captured,ev_dkhpkm
1657,2026-07-29T08:26:50.000Z,agent-05,quillpress,software,8554,EUR,declined,none,ev_3ub0n7
1658,2026-07-29T09:14:17.000Z,agent-28,granite-crm,groceries,8360,EUR,approved,captured,ev_6a1s4g
1659,2026-07-29T09:49:19.000Z,agent-11,ferrite-tools,software,11613,EUR,approved,captured,ev_epov3v
1660,2026-07-29T10:09:36.000Z,agent-08,ferrodata,domains,2644,EUR,approved,captured,ev_dzhe8
1661,2026-07-29T10:46:38.000Z,agent-28,quillpress,software,6478,EUR,approved,captured,ev_cnwizr
1662,2026-07-29T11:30:42.000Z,agent-20,vellum-crm,domains,6059,EUR,approved,refunded,ev_1qjrey
1663,2026-07-29T11:31:15.000Z,agent-01,granite-crm,cloud,15077,EUR,approved,captured,ev_dfyzhi
1664,2026-07-29T12:51:37.000Z,agent-13,granite-crm,office,12694,EUR,approved,captured,ev_3vhbzm
1665,2026-07-29T13:01:55.000Z,agent-26,cobalt-cloud,office,5268,EUR,approved,refunded,ev_b4581v
1666,2026-07-29T13:11:11.000Z,agent-19,arkwright-domains,office,8277,EUR,approved,captured,ev_1jrd0e
1667,2026-07-29T13:12:29.000Z,agent-24,cinderstack,office,11143,EUR,approved,captured,ev_ecqjda
1668,2026-07-29T13:19:53.000Z,agent-16,mineral-storage,domains,7961,EUR,approved,captured,ev_4ptvkz
1669,2026-07-29T14:01:35.000Z,agent-32,ferrite-tools,cloud,19105,EUR,approved,captured,ev_9pfwkr
1670,2026-07-29T14:06:53.000Z,agent-14,cinderstack,office,17760,EUR,approved,captured,ev_fpx9i7
1671,2026-07-29T15:56:14.000Z,agent-08,arkwright-domains,software,11964,EUR,approved,failed,ev_cqba9m
1672,2026-07-29T16:07:13.000Z,agent-25,beacon-auth,cloud,6284,EUR,approved,captured,ev_c8cmwq
1673,2026-07-29T16:25:35.000Z,agent-30,granite-crm,travel,13209,EUR,declined,none,ev_bq4pj1
1674,2026-07-29T16:27:38.000Z,agent-29,northline-api,advertising,13881,EUR,approved,captured,ev_s53t7
1675,2026-07-29T16:35:02.000Z,agent-12,granite-crm,office,10542,EUR,approved,captured,ev_6cu2c6
1676,2026-07-29T17:31:53.000Z,agent-08,lumen-post,hosting,11585,EUR,approved,captured,ev_613nbs
1677,2026-07-29T17:34:49.000Z,agent-21,cobalt-cloud,software,19331,EUR,approved,captured,ev_450mch
1678,2026-07-29T17:37:09.000Z,agent-40,granite-crm,cloud,6746,EUR,approved,captured,ev_60kakb
1679,2026-07-29T18:39:04.000Z,agent-12,juniper-ai,hosting,8333,EUR,approved,captured,ev_b5rtpk
1680,2026-07-29T19:13:27.000Z,agent-27,lumen-post,domains,17219,EUR,approved,captured,ev_4nvnqn
1681,2026-07-29T19:14:06.000Z,agent-17,arkwright-domains,travel,6294,EUR,approved,captured,ev_9jytc3
1682,2026-07-29T19:16:06.000Z,agent-37,cobalt-cloud,advertising,6114,EUR,approved,captured,ev_3erj2z
1683,2026-07-29T19:48:07.000Z,agent-06,vellum-crm,travel,6449,EUR,approved,captured,ev_ee23tl
1684,2026-07-29T20:03:15.000Z,agent-15,cobalt-cloud,advertising,6905,EUR,approved,captured,ev_cuwtmh
1685,2026-07-29T20:06:55.000Z,agent-36,lumen-post,travel,12270,EUR,approved,captured,ev_54ryb1
1686,2026-07-29T20:31:51.000Z,agent-10,arkwright-domains,cloud,4244,EUR,approved,captured,ev_1w7e4z
1687,2026-07-29T20:53:10.000Z,agent-01,vellum-crm,cloud,13311,EUR,approved,failed,ev_6r4ojk
1688,2026-07-29T21:05:39.000Z,agent-39,cobblestone-dev,office,9589,EUR,approved,captured,ev_6ex26e
1689,2026-07-29T21:10:59.000Z,agent-28,cobblestone-dev,office,5404,EUR,approved,captured,ev_44dokq
1690,2026-07-29T22:14:41.000Z,agent-33,harbor-db,hosting,11718,EUR,approved,captured,ev_9go8h1
1691,2026-07-29T22:14:56.000Z,agent-21,ferrite-tools,cloud,18832,EUR,approved,captured,ev_ggcj5i
1692,2026-07-29T22:28:41.000Z,agent-18,kestrel-metrics,office,9368,EUR,approved,failed,ev_4u70ce
1693,2026-07-29T22:34:26.000Z,agent-17,pierstone-pay,groceries,13254,EUR,approved,captured,ev_3lflav
1694,2026-07-29T22:56:29.000Z,agent-39,cobalt-cloud,software,4131,EUR,approved,captured,ev_e7zq7h
1695,2026-07-29T23:04:12.000Z,agent-04,meridian-cdn,travel,11619,EUR,approved,captured,ev_d5cs0a
1696,2026-07-29T23:27:14.000Z,agent-34,cinderstack,cloud,7251,EUR,approved,captured,ev_a8uk32
1697,2026-07-29T23:30:31.000Z,agent-21,summit-infra,groceries,6131,EUR,approved,captured,ev_56qlbo
1698,2026-07-29T23:41:20.000Z,agent-09,railsgate,hosting,12358,EUR,approved,refunded,ev_56tcsj
1699,2026-07-29T23:46:42.000Z,agent-12,pinecrest-apps,travel,13392,EUR,approved,captured,ev_girohn
1700,2026-07-30T00:40:41.000Z,agent-11,lumen-post,hosting,19777,EUR,approved,captured,ev_brhrtm
1701,2026-07-30T00:41:30.000Z,agent-23,granite-crm,hosting,8259,EUR,approved,captured,ev_hivsj
1702,2026-07-30T01:05:15.000Z,agent-02,vellum-crm,travel,3904,EUR,approved,captured,ev_4n8wgt
1703,2026-07-30T01:50:30.000Z,agent-18,summit-infra,software,10092,EUR,approved,captured,ev_av8joz
1704,2026-07-30T02:06:11.000Z,agent-26,summit-infra,office,12627,EUR,approved,captured,ev_gesotg
1705,2026-07-30T02:10:40.000Z,agent-38,northline-api,cloud,11863,EUR,approved,captured,ev_btx1d8
1706,2026-07-30T02:47:28.000Z,agent-08,pinecrest-apps,travel,9931,EUR,approved,captured,ev_aeclar
1707,2026-07-30T03:11:09.000Z,agent-07,pinecrest-apps,cloud,5038,EUR,approved,captured,ev_8731jb
1708,2026-07-30T05:12:03.000Z,agent-23,granite-crm,hosting,10478,EUR,approved,captured,ev_xj1l5
1709,2026-07-30T05:14:34.000Z,agent-09,lumen-post,cloud,13164,EUR,approved,captured,ev_6rvixg
1710,2026-07-30T05:19:14.000Z,agent-40,harbor-db,cloud,18537,EUR,approved,captured,ev_dzbo37
1711,2026-07-30T06:17:17.000Z,agent-38,pierstone-pay,advertising,11141,EUR,approved,captured,ev_d9vbll
1712,2026-07-30T06:41:00.000Z,agent-31,railsgate,advertising,6732,EUR,approved,captured,ev_9wtg2u
1713,2026-07-30T06:41:23.000Z,agent-17,vellum-crm,advertising,6237,EUR,approved,captured,ev_3w788
1714,2026-07-30T07:26:41.000Z,agent-22,juniper-ai,cloud,8789,EUR,declined,none,ev_3y48zy
1715,2026-07-30T08:17:18.000Z,agent-23,cobalt-cloud,advertising,10075,EUR,approved,captured,ev_g5c2kq
1716,2026-07-30T08:35:16.000Z,agent-28,orchid-labs,groceries,3617,EUR,approved,captured,ev_c5gnof
1717,2026-07-30T08:40:58.000Z,agent-14,vellum-crm,office,5065,EUR,approved,captured,ev_3m6jus
1718,2026-07-30T08:47:57.000Z,agent-33,meridian-cdn,travel,15624,EUR,approved,captured,ev_6ak1ts
1719,2026-07-30T09:13:14.000Z,agent-26,mineral-storage,office,16536,EUR,declined,none,ev_e67byw
1720,2026-07-30T09:16:02.000Z,agent-15,summit-infra,groceries,12090,EUR,approved,captured,ev_2glj9t
1721,2026-07-30T09:50:36.000Z,agent-29,cobblestone-dev,travel,11106,EUR,approved,failed,ev_cqlwda
1722,2026-07-30T10:47:46.000Z,agent-10,arkwright-domains,groceries,7235,EUR,approved,captured,ev_2ik3mi
1723,2026-07-30T10:53:46.000Z,agent-31,pierstone-pay,office,11206,EUR,approved,captured,ev_7w1b4x
1724,2026-07-30T11:09:35.000Z,agent-24,northline-api,travel,24019,EUR,approved,captured,ev_5fwqh6
1725,2026-07-30T11:23:08.000Z,agent-37,granite-crm,cloud,4078,EUR,approved,captured,ev_g6ctf3
1726,2026-07-30T12:13:48.000Z,agent-15,pinecrest-apps,advertising,15371,EUR,approved,captured,ev_92u6rb
1727,2026-07-30T14:25:11.000Z,agent-05,railsgate,hosting,5504,EUR,approved,captured,ev_gcjsq0
1728,2026-07-30T14:35:26.000Z,agent-35,arkwright-domains,cloud,12264,EUR,approved,captured,ev_a49az3
1729,2026-07-30T14:44:56.000Z,agent-27,kestrel-metrics,domains,11392,EUR,declined,none,ev_d5no5j
1730,2026-07-30T15:25:57.000Z,agent-20,pinecrest-apps,travel,8819,EUR,approved,captured,ev_7bz586
1731,2026-07-30T15:53:10.000Z,agent-19,summit-infra,software,11633,EUR,declined,none,ev_8wlypo
1732,2026-07-30T16:33:40.000Z,agent-07,granite-crm,office,13807,EUR,approved,captured,ev_ern8fk
1733,2026-07-30T16:43:25.000Z,agent-25,meridian-cdn,hosting,10465,EUR,approved,captured,ev_czmlwz
1734,2026-07-30T17:02:49.000Z,agent-16,kestrel-metrics,groceries,10370,EUR,approved,captured,ev_e33ex9
1735,2026-07-30T17:17:48.000Z,agent-24,pinecrest-apps,hosting,5902,EUR,approved,failed,ev_96h5d7
1736,2026-07-30T17:24:50.000Z,agent-21,voltage-io,groceries,5574,EUR,declined,none,ev_bh3xp
1737,2026-07-30T18:18:49.000Z,agent-34,summit-infra,cloud,10700,EUR,approved,captured,ev_anebth
1738,2026-07-30T18:21:12.000Z,agent-39,railsgate,software,13073,EUR,approved,captured,ev_3sdvsh
1739,2026-07-30T19:14:10.000Z,agent-33,cobblestone-dev,software,3271,EUR,approved,captured,ev_2qk3nb
1740,2026-07-30T19:35:02.000Z,agent-32,bytehost,software,3822,EUR,approved,captured,ev_b2rggx
1741,2026-07-30T19:40:17.000Z,agent-17,pierstone-pay,groceries,26862,EUR,approved,captured,ev_38srnq
1742,2026-07-30T19:42:35.000Z,agent-31,harbor-db,cloud,7747,EUR,approved,captured,ev_5pda8v
1743,2026-07-30T20:06:00.000Z,agent-13,northline-api,hosting,12175,EUR,approved,captured,ev_3r964x
1744,2026-07-30T20:26:16.000Z,agent-31,ferrite-tools,software,7296,EUR,approved,captured,ev_ao8b11
1745,2026-07-30T21:13:35.000Z,agent-21,northline-api,groceries,13984,EUR,approved,captured,ev_bgpnk7
1746,2026-07-30T22:50:07.000Z,agent-30,granite-crm,travel,6721,EUR,approved,refunded,ev_9l3il0
1747,2026-07-30T23:06:10.000Z,agent-18,juniper-ai,groceries,32672,EUR,approved,captured,ev_8ra7th
1748,2026-07-30T23:58:45.000Z,agent-05,cinderstack,cloud,11286,EUR,approved,captured,ev_fjmpg0
1749,2026-07-31T00:50:23.000Z,agent-12,quillpress,office,21671,EUR,approved,captured,ev_at865l
1750,2026-07-31T01:37:26.000Z,agent-11,summit-infra,domains,5641,EUR,approved,captured,ev_f78you
1751,2026-07-31T01:57:50.000Z,agent-36,cinderstack,domains,13020,EUR,approved,captured,ev_gfr3zj
1752,2026-07-31T02:48:06.000Z,agent-10,cinderstack,groceries,10853,EUR,approved,captured,ev_6co5zz
1753,2026-07-31T02:51:20.000Z,agent-06,granite-crm,cloud,12127,EUR,approved,captured,ev_e24bws
1754,2026-07-31T03:32:17.000Z,agent-16,granite-crm,travel,11162,EUR,approved,captured,ev_bb3q4v
1755,2026-07-31T03:50:40.000Z,agent-02,meridian-cdn,travel,17156,EUR,approved,captured,ev_ao1liu
1756,2026-07-31T05:05:28.000Z,agent-29,summit-infra,advertising,6785,EUR,approved,captured,ev_2iotgi
1757,2026-07-31T05:11:28.000Z,agent-21,arkwright-domains,groceries,5608,EUR,approved,captured,ev_3hvq6o
1758,2026-07-31T05:45:45.000Z,agent-39,railsgate,travel,4397,EUR,approved,captured,ev_5yocdn
1759,2026-07-31T06:30:25.000Z,agent-09,railsgate,office,16791,EUR,approved,captured,ev_22ceje
1760,2026-07-31T06:40:25.000Z,agent-10,cobblestone-dev,domains,7037,EUR,approved,captured,ev_aydju7
1761,2026-07-31T06:46:30.000Z,agent-04,kestrel-metrics,hosting,6332,EUR,approved,captured,ev_a6mhm9
1762,2026-07-31T07:02:19.000Z,agent-36,cinderstack,domains,16603,EUR,approved,captured,ev_dygrlu
1763,2026-07-31T07:11:20.000Z,agent-40,harbor-db,cloud,39390,EUR,approved,captured,ev_9a6e6a
1764,2026-07-31T07:19:52.000Z,agent-28,orchid-labs,travel,9276,EUR,approved,refunded,ev_cz5rxu
1765,2026-07-31T08:01:56.000Z,agent-25,atlas-mail,cloud,17064,EUR,approved,captured,ev_9ckz71
1766,2026-07-31T08:05:54.000Z,agent-23,pinecrest-apps,advertising,19579,EUR,approved,captured,ev_b3h4lo
1767,2026-07-31T08:48:57.000Z,agent-08,meridian-cdn,hosting,26024,EUR,approved,captured,ev_5041ot
1768,2026-07-31T09:07:04.000Z,agent-38,cobblestone-dev,software,5032,EUR,approved,captured,ev_78l5r5
1769,2026-07-31T09:24:45.000Z,agent-34,juniper-ai,domains,8683,EUR,approved,captured,ev_8hgn9a
1770,2026-07-31T09:24:55.000Z,agent-05,pierstone-pay,groceries,10039,EUR,approved,captured,ev_9nsuvq
1771,2026-07-31T10:51:39.000Z,agent-12,kestrel-metrics,travel,14529,EUR,declined,none,ev_2ck79r
1772,2026-07-31T11:03:01.000Z,agent-22,summit-infra,advertising,4820,EUR,approved,captured,ev_npi5l
1773,2026-07-31T11:18:35.000Z,agent-18,harbor-db,groceries,8859,EUR,approved,captured,ev_4mpi70
1774,2026-07-31T12:07:05.000Z,agent-15,voltage-io,travel,8281,EUR,approved,failed,ev_arr6gv
1775,2026-07-31T12:34:43.000Z,agent-04,bytehost,hosting,4097,EUR,approved,captured,ev_en2eo4
1776,2026-07-31T12:37:17.000Z,agent-06,ferrite-tools,domains,5972,EUR,approved,captured,ev_32r6e
1777,2026-07-31T12:42:20.000Z,agent-26,cinderstack,cloud,6473,EUR,approved,failed,ev_1k2j1d
1778,2026-07-31T12:47:53.000Z,agent-27,pierstone-pay,domains,7038,EUR,approved,captured,ev_4qz76l
1779,2026-07-31T13:43:44.000Z,agent-20,orchid-labs,advertising,21372,EUR,approved,captured,ev_czwh32
1780,2026-07-31T13:44:45.000Z,agent-19,quillpress,advertising,5278,EUR,approved,captured,ev_eeiw2f
1781,2026-07-31T14:08:49.000Z,agent-18,harbor-db,advertising,8830,EUR,approved,captured,ev_9716n8
1782,2026-07-31T14:25:19.000Z,agent-14,cobblestone-dev,groceries,13054,EUR,approved,captured,ev_cnx9cr
1783,2026-07-31T15:10:29.000Z,agent-05,ferrodata,groceries,12539,EUR,approved,captured,ev_b5v5of
1784,2026-07-31T15:23:29.000Z,agent-39,beacon-auth,travel,17849,EUR,approved,captured,ev_3ckp8h
1785,2026-07-31T15:27:22.000Z,agent-34,harbor-db,groceries,4653,EUR,approved,captured,ev_e2zdj6
1786,2026-07-31T15:33:42.000Z,agent-28,summit-infra,hosting,8164,EUR,approved,captured,ev_11sqxc
1787,2026-07-31T15:53:16.000Z,agent-37,summit-infra,cloud,6516,EUR,declined,none,ev_ccb4l1
1788,2026-07-31T16:01:28.000Z,agent-08,mineral-storage,travel,14403,EUR,declined,none,ev_fv6skw
1789,2026-07-31T16:23:40.000Z,agent-07,harbor-db,hosting,6291,EUR,approved,captured,ev_3o5wop
1790,2026-07-31T16:28:15.000Z,agent-34,beacon-auth,office,6011,EUR,approved,captured,ev_fow8mv
1791,2026-07-31T17:06:28.000Z,agent-35,juniper-ai,cloud,10738,EUR,approved,captured,ev_2xi6eg
1792,2026-07-31T17:22:17.000Z,agent-07,pinecrest-apps,hosting,9183,EUR,approved,captured,ev_83m0kd
1793,2026-07-31T17:43:47.000Z,agent-34,cobalt-cloud,cloud,3138,EUR,approved,captured,ev_b1x96z
1794,2026-07-31T18:09:23.000Z,agent-37,juniper-ai,advertising,7018,EUR,approved,captured,ev_4n0slk
1795,2026-07-31T18:41:06.000Z,agent-13,cinderstack,cloud,5335,EUR,approved,captured,ev_ampnag
1796,2026-07-31T18:44:12.000Z,agent-09,railsgate,travel,13365,EUR,approved,captured,ev_dlcmy8
1797,2026-07-31T18:49:06.000Z,agent-05,lumen-post,advertising,2882,EUR,approved,captured,ev_2ptkry
1798,2026-07-31T19:56:39.000Z,agent-22,ferrite-tools,hosting,4925,EUR,approved,captured,ev_fd5ig3
1799,2026-07-31T20:36:26.000Z,agent-02,pierstone-pay,hosting,14772,EUR,approved,captured,ev_8hu6xn
1800,2026-07-31T20:37:35.000Z,agent-24,ferrodata,groceries,7959,EUR,approved,captured,ev_6na61z
1801,2026-07-31T22:28:41.000Z,agent-07,granite-crm,office,12212,EUR,approved,captured,ev_9na4by
1802,2026-07-31T22:42:02.000Z,agent-06,ferrodata,travel,4777,EUR,approved,captured,ev_1ajifi
1803,2026-07-31T23:05:26.000Z,agent-35,voltage-io,software,19914,EUR,approved,captured,ev_blcze4
1804,2026-07-31T23:09:04.000Z,agent-36,quillpress,groceries,12039,EUR,approved,captured,ev_cuspqz
1805,2026-07-31T23:35:07.000Z,agent-20,arkwright-domains,office,14463,EUR,approved,captured,ev_f6793l
1806,2026-07-31T23:45:31.000Z,agent-15,cinderstack,software,15346,EUR,approved,captured,ev_4v5yug
1807,2026-08-01T00:10:44.000Z,agent-33,pinecrest-apps,office,5661,EUR,declined,none,ev_g1z2jv
1808,2026-08-01T00:26:33.000Z,agent-32,summit-infra,groceries,5197,EUR,declined,none,ev_exteu8
1809,2026-08-01T00:37:04.000Z,agent-22,mineral-storage,office,7037,EUR,approved,captured,ev_9o0l1k
1810,2026-08-01T00:57:57.000Z,agent-17,northline-api,office,10411,EUR,approved,captured,ev_bjtit2
1811,2026-08-01T01:24:54.000Z,agent-30,summit-infra,office,7773,EUR,approved,captured,ev_7rj62x
1812,2026-08-01T01:37:19.000Z,agent-16,atlas-mail,groceries,2452,EUR,approved,captured,ev_fso2s5
1813,2026-08-01T02:20:44.000Z,agent-10,cobblestone-dev,hosting,21359,EUR,approved,captured,ev_8k4727
1814,2026-08-01T02:39:17.000Z,agent-39,pierstone-pay,domains,4731,EUR,declined,none,ev_7fprha
1815,2026-08-01T02:47:12.000Z,agent-23,quillpress,travel,3962,EUR,approved,captured,ev_d3evaq
1816,2026-08-01T03:46:14.000Z,agent-31,pinecrest-apps,office,20729,EUR,approved,captured,ev_3osey9
1817,2026-08-01T04:11:18.000Z,agent-12,mineral-storage,office,9236,EUR,approved,captured,ev_2j6xkf
1818,2026-08-01T04:18:06.000Z,agent-35,ferrite-tools,travel,7865,EUR,approved,captured,ev_6b0n60
1819,2026-08-01T05:41:44.000Z,agent-33,cinderstack,software,19909,EUR,declined,none,ev_f8tilf
1820,2026-08-01T06:42:41.000Z,agent-34,meridian-cdn,hosting,12008,EUR,approved,captured,ev_5j2a0a
1821,2026-08-01T07:02:00.000Z,agent-15,arkwright-domains,domains,3427,EUR,approved,captured,ev_f9p4wq
1822,2026-08-01T07:20:53.000Z,agent-24,vellum-crm,advertising,4478,EUR,declined,none,ev_8iiega
1823,2026-08-01T08:14:10.000Z,agent-18,voltage-io,cloud,14385,EUR,approved,captured,ev_6mf0a
1824,2026-08-01T08:32:43.000Z,agent-16,pinecrest-apps,travel,4148,EUR,approved,captured,ev_e52i3n
1825,2026-08-01T08:36:25.000Z,agent-05,kestrel-metrics,cloud,13603,EUR,approved,captured,ev_2geb3y
1826,2026-08-01T08:37:42.000Z,agent-11,cobalt-cloud,hosting,8319,EUR,approved,captured,ev_dvxams
1827,2026-08-01T09:47:59.000Z,agent-22,orchid-labs,office,10588,EUR,approved,captured,ev_aoin4d
1828,2026-08-01T10:36:07.000Z,agent-29,railsgate,domains,21564,EUR,approved,captured,ev_celqxm
1829,2026-08-01T10:37:28.000Z,agent-39,cobblestone-dev,software,10023,EUR,approved,captured,ev_9qlf0b
1830,2026-08-01T11:28:13.000Z,agent-25,beacon-auth,travel,12444,EUR,declined,none,ev_1j913x
1831,2026-08-01T11:28:26.000Z,agent-04,atlas-mail,domains,20711,EUR,approved,captured,ev_c4nx14
1832,2026-08-01T11:29:57.000Z,agent-30,pierstone-pay,advertising,5499,EUR,approved,captured,ev_afi4l7
1833,2026-08-01T12:00:57.000Z,agent-21,quillpress,office,12669,EUR,approved,captured,ev_2f5ran
1834,2026-08-01T12:35:21.000Z,agent-07,pierstone-pay,office,25497,EUR,approved,captured,ev_exi162
1835,2026-08-01T12:47:04.000Z,agent-23,orchid-labs,software,3325,EUR,approved,captured,ev_78ysp8
1836,2026-08-01T14:03:03.000Z,agent-32,kestrel-metrics,advertising,14878,EUR,approved,captured,ev_ahuzyl
1837,2026-08-01T14:14:48.000Z,agent-38,bytehost,hosting,8002,EUR,approved,captured,ev_7td7ef
1838,2026-08-01T14:26:15.000Z,agent-40,cobalt-cloud,software,6911,EUR,approved,captured,ev_7ckjlx
1839,2026-08-01T14:35:21.000Z,agent-37,ferrodata,groceries,12777,EUR,approved,captured,ev_4svt58
1840,2026-08-01T14:46:09.000Z,agent-26,meridian-cdn,software,12359,EUR,approved,captured,ev_g9oeln
1841,2026-08-01T14:47:25.000Z,agent-19,granite-crm,software,19120,EUR,approved,captured,ev_5aop11
1842,2026-08-01T15:05:17.000Z,agent-11,railsgate,cloud,9327,EUR,approved,captured,ev_4kkjtv
1843,2026-08-01T15:34:23.000Z,agent-08,orchid-labs,domains,9051,EUR,approved,captured,ev_frlwrt
1844,2026-08-01T16:35:22.000Z,agent-34,northline-api,travel,3718,EUR,approved,captured,ev_1e1q7v
1845,2026-08-01T16:41:16.000Z,agent-31,granite-crm,cloud,10304,EUR,approved,captured,ev_eibjwb
1846,2026-08-01T16:52:48.000Z,agent-14,lumen-post,cloud,14062,EUR,approved,captured,ev_ccxd2y
1847,2026-08-01T18:27:21.000Z,agent-18,atlas-mail,groceries,14934,EUR,approved,captured,ev_c1npoa
1848,2026-08-01T18:43:30.000Z,agent-28,summit-infra,cloud,8284,EUR,approved,captured,ev_fuzeiy
1849,2026-08-01T19:14:30.000Z,agent-19,quillpress,cloud,15298,EUR,approved,captured,ev_c7veix
1850,2026-08-01T19:21:17.000Z,agent-06,northline-api,software,25369,EUR,approved,captured,ev_aryj2l
1851,2026-08-01T19:25:10.000Z,agent-24,meridian-cdn,hosting,9059,EUR,approved,captured,ev_75cqn
1852,2026-08-01T19:45:50.000Z,agent-35,kestrel-metrics,advertising,8229,EUR,approved,captured,ev_e1qynd
1853,2026-08-01T19:49:41.000Z,agent-27,orchid-labs,advertising,2568,EUR,approved,captured,ev_6a19fb
1854,2026-08-01T20:19:10.000Z,agent-15,pinecrest-apps,domains,12486,EUR,approved,captured,ev_r7u2r
1855,2026-08-01T21:34:43.000Z,agent-09,railsgate,advertising,2865,EUR,approved,captured,ev_774jq5
1856,2026-08-01T21:35:05.000Z,agent-34,pierstone-pay,hosting,21088,EUR,approved,captured,ev_fbbvjd
1857,2026-08-01T21:57:58.000Z,agent-13,atlas-mail,cloud,4351,EUR,approved,captured,ev_9m9u8m
1858,2026-08-01T22:17:05.000Z,agent-35,railsgate,domains,11055,EUR,approved,captured,ev_6ivbb5
1859,2026-08-01T22:26:35.000Z,agent-16,summit-infra,advertising,7628,EUR,approved,captured,ev_7asl3g
1860,2026-08-01T22:43:40.000Z,agent-29,voltage-io,domains,21946,EUR,approved,captured,ev_4u1xg9
1861,2026-08-01T22:51:19.000Z,agent-39,cinderstack,groceries,9540,EUR,approved,captured,ev_apoyvr
1862,2026-08-01T23:18:38.000Z,agent-10,cinderstack,groceries,6506,EUR,approved,refunded,ev_5dpwd4
1863,2026-08-01T23:59:36.000Z,agent-22,cobblestone-dev,groceries,7031,EUR,approved,captured,ev_3bb7l0
1864,2026-08-02T00:20:51.000Z,agent-11,vellum-crm,cloud,6302,EUR,approved,captured,ev_7redd6
1865,2026-08-02T01:55:35.000Z,agent-33,beacon-auth,domains,9200,EUR,approved,refunded,ev_cqejgu
1866,2026-08-02T02:31:27.000Z,agent-35,harbor-db,office,10610,EUR,approved,captured,ev_fsqc8j
1867,2026-08-02T02:58:53.000Z,agent-40,arkwright-domains,travel,6794,EUR,approved,captured,ev_8tsvo
1868,2026-08-02T03:16:17.000Z,agent-05,vellum-crm,hosting,13357,EUR,approved,captured,ev_5tg0o
1869,2026-08-02T03:20:54.000Z,agent-08,summit-infra,cloud,8640,EUR,approved,captured,ev_fjxn8c
1870,2026-08-02T03:49:27.000Z,agent-07,ferrite-tools,hosting,5135,EUR,approved,captured,ev_93wsqn
1871,2026-08-02T04:26:38.000Z,agent-30,pinecrest-apps,cloud,7538,EUR,declined,none,ev_92nxxn
1872,2026-08-02T04:32:41.000Z,agent-24,bytehost,hosting,6194,EUR,declined,none,ev_2hf18l
1873,2026-08-02T04:34:03.000Z,agent-23,cinderstack,hosting,9133,EUR,approved,captured,ev_23rtt3
1874,2026-08-02T04:42:18.000Z,agent-36,ferrodata,office,18162,EUR,approved,captured,ev_fj26r3
1875,2026-08-02T05:25:18.000Z,agent-24,granite-crm,software,7252,EUR,approved,captured,ev_83dzym
1876,2026-08-02T05:26:18.000Z,agent-06,juniper-ai,cloud,2335,EUR,approved,captured,ev_5c350c
1877,2026-08-02T06:07:20.000Z,agent-32,cinderstack,groceries,11524,EUR,approved,refunded,ev_2vmwvb
1878,2026-08-02T06:08:49.000Z,agent-17,granite-crm,software,4818,EUR,approved,captured,ev_ghw61p
1879,2026-08-02T06:34:39.000Z,agent-20,beacon-auth,software,6931,EUR,approved,captured,ev_3gv8ul
1880,2026-08-02T07:10:25.000Z,agent-38,bytehost,office,9895,EUR,approved,captured,ev_d3ypdx
1881,2026-08-02T07:44:06.000Z,agent-04,harbor-db,cloud,8206,EUR,approved,refunded,ev_un33w
1882,2026-08-02T08:26:03.000Z,agent-21,cobalt-cloud,office,4497,EUR,approved,captured,ev_2lon3h
1883,2026-08-02T08:35:18.000Z,agent-28,cinderstack,software,16040,EUR,approved,captured,ev_35xa5h
1884,2026-08-02T09:16:37.000Z,agent-17,pierstone-pay,groceries,20764,EUR,approved,failed,ev_4jxjr1
1885,2026-08-02T09:37:00.000Z,agent-14,vellum-crm,hosting,13891,EUR,approved,captured,ev_elw7fr
1886,2026-08-02T09:52:38.000Z,agent-36,bytehost,software,11549,EUR,approved,captured,ev_fk52tl
1887,2026-08-02T10:55:03.000Z,agent-05,northline-api,cloud,21457,EUR,approved,captured,ev_66g8rc
1888,2026-08-02T11:44:55.000Z,agent-07,juniper-ai,cloud,5593,EUR,approved,failed,ev_4gys09
1889,2026-08-02T11:57:41.000Z,agent-12,meridian-cdn,domains,8346,EUR,approved,captured,ev_8xn6mx
1890,2026-08-02T12:15:45.000Z,agent-18,pinecrest-apps,software,2868,EUR,approved,captured,ev_fce7s3
1891,2026-08-02T12:53:12.000Z,agent-04,beacon-auth,travel,5947,EUR,approved,captured,ev_12x4nn
1892,2026-08-02T13:05:51.000Z,agent-26,orchid-labs,advertising,6634,EUR,approved,captured,ev_5nt3u
1893,2026-08-02T13:56:29.000Z,agent-29,atlas-mail,cloud,9186,EUR,approved,captured,ev_fne7gi
1894,2026-08-02T14:05:28.000Z,agent-21,ferrodata,advertising,11737,EUR,approved,captured,ev_fxdlo4
1895,2026-08-02T16:16:09.000Z,agent-16,pinecrest-apps,cloud,9179,EUR,approved,captured,ev_8uphhc
1896,2026-08-02T16:32:17.000Z,agent-29,meridian-cdn,cloud,8050,EUR,declined,none,ev_wjvvc
1897,2026-08-02T17:29:31.000Z,agent-36,juniper-ai,hosting,5295,EUR,approved,captured,ev_8z03ky
1898,2026-08-02T17:37:15.000Z,agent-23,beacon-auth,hosting,6780,EUR,approved,captured,ev_1ccey
1899,2026-08-02T18:17:25.000Z,agent-19,arkwright-domains,software,8721,EUR,approved,captured,ev_3hx451
1900,2026-08-02T19:12:11.000Z,agent-28,pierstone-pay,groceries,10096,EUR,approved,captured,ev_8dbwhh
1901,2026-08-02T19:12:11.000Z,agent-37,meridian-cdn,cloud,13670,EUR,approved,captured,ev_1mmqdd
1902,2026-08-02T19:41:16.000Z,agent-25,cinderstack,travel,12683,EUR,approved,captured,ev_fhtjyr
1903,2026-08-02T19:52:44.000Z,agent-15,cinderstack,groceries,8134,EUR,approved,captured,ev_gbjks9
1904,2026-08-02T19:58:42.000Z,agent-11,lumen-post,advertising,15892,EUR,approved,captured,ev_6zuelo
1905,2026-08-02T20:55:17.000Z,agent-35,lumen-post,domains,11511,EUR,approved,captured,ev_a2lhoz
1906,2026-08-02T22:30:45.000Z,agent-12,kestrel-metrics,software,7579,EUR,approved,captured,ev_wzcdc
1907,2026-08-02T22:33:56.000Z,agent-34,mineral-storage,travel,5312,EUR,approved,captured,ev_2q8lwj
1908,2026-08-02T22:52:41.000Z,agent-10,cobalt-cloud,software,18976,EUR,approved,captured,ev_1kauz8
1909,2026-08-02T23:12:57.000Z,agent-17,quillpress,domains,17395,EUR,approved,captured,ev_2jsfux
1910,2026-08-02T23:13:01.000Z,agent-31,pinecrest-apps,domains,7483,EUR,declined,none,ev_c32wlt
1911,2026-08-02T23:33:33.000Z,agent-20,ferrite-tools,domains,6632,EUR,approved,captured,ev_1lofak
1912,2026-08-02T23:53:18.000Z,agent-06,quillpress,domains,7782,EUR,approved,captured,ev_a9hf2a
1913,2026-08-02T23:56:36.000Z,agent-38,kestrel-metrics,cloud,10451,EUR,approved,captured,ev_83kxaf
1914,2026-08-03T00:40:38.000Z,agent-06,railsgate,office,7593,EUR,approved,captured,ev_d9vaat
1915,2026-08-03T01:23:29.000Z,agent-30,summit-infra,hosting,6722,EUR,approved,captured,ev_7fw9i0
1916,2026-08-03T01:34:30.000Z,agent-13,cobblestone-dev,domains,5883,EUR,approved,captured,ev_csfd9w
1917,2026-08-03T01:48:16.000Z,agent-27,lumen-post,cloud,23824,EUR,approved,captured,ev_7eo9dc
1918,2026-08-03T02:44:47.000Z,agent-36,pierstone-pay,software,6447,EUR,approved,captured,ev_86mdoa
1919,2026-08-03T03:31:24.000Z,agent-06,bytehost,office,9493,EUR,approved,captured,ev_di7rsl
1920,2026-08-03T03:47:39.000Z,agent-09,ferrite-tools,domains,8773,EUR,approved,captured,ev_flq1w6
1921,2026-08-03T04:05:40.000Z,agent-12,summit-infra,hosting,7383,EUR,approved,captured,ev_fxeykp
1922,2026-08-03T04:13:53.000Z,agent-21,cinderstack,office,19166,EUR,approved,captured,ev_3q6yf8
1923,2026-08-03T04:38:20.000Z,agent-33,northline-api,hosting,23726,EUR,approved,captured,ev_8yejit
1924,2026-08-03T04:47:51.000Z,agent-24,meridian-cdn,office,6372,EUR,approved,captured,ev_13ejo5
1925,2026-08-03T05:08:52.000Z,agent-14,meridian-cdn,groceries,14320,EUR,approved,captured,ev_170bcj
1926,2026-08-03T05:23:55.000Z,agent-28,harbor-db,advertising,17052,EUR,approved,captured,ev_4w1ykl
1927,2026-08-03T05:35:52.000Z,agent-39,cobalt-cloud,cloud,5951,EUR,approved,captured,ev_5opw4j
1928,2026-08-03T05:39:05.000Z,agent-20,pierstone-pay,hosting,7701,EUR,approved,refunded,ev_6ewcn2
1929,2026-08-03T06:30:21.000Z,agent-40,kestrel-metrics,travel,3804,EUR,approved,captured,ev_cmng6c
1930,2026-08-03T07:13:32.000Z,agent-22,juniper-ai,office,12810,EUR,approved,captured,ev_4wn32s
1931,2026-08-03T07:50:13.000Z,agent-14,pierstone-pay,cloud,18938,EUR,approved,captured,ev_96s5oe
1932,2026-08-03T08:14:22.000Z,agent-23,cinderstack,cloud,12158,EUR,approved,captured,ev_adwf3z
1933,2026-08-03T08:57:46.000Z,agent-08,granite-crm,office,4622,EUR,approved,captured,ev_2rqas6
1934,2026-08-03T09:32:34.000Z,agent-34,voltage-io,hosting,3768,EUR,declined,none,ev_bzrij2
1935,2026-08-03T09:50:48.000Z,agent-21,granite-crm,software,6498,EUR,approved,captured,ev_4zdecf
1936,2026-08-03T10:26:00.000Z,agent-40,mineral-storage,software,17317,EUR,approved,captured,ev_bf2q6s
1937,2026-08-03T10:38:12.000Z,agent-11,granite-crm,domains,6171,EUR,approved,captured,ev_6uhhci
1938,2026-08-03T10:57:08.000Z,agent-14,cinderstack,hosting,2928,EUR,approved,captured,ev_56sr4j
1939,2026-08-03T11:03:21.000Z,agent-29,bytehost,office,7980,EUR,approved,captured,ev_99qb1o
1940,2026-08-03T12:50:07.000Z,agent-13,kestrel-metrics,groceries,6561,EUR,approved,captured,ev_aqoh5f
1941,2026-08-03T12:51:19.000Z,agent-34,summit-infra,domains,21578,EUR,approved,captured,ev_bor2pa
1942,2026-08-03T13:03:41.000Z,agent-32,harbor-db,travel,7326,EUR,approved,captured,ev_3te57w
1943,2026-08-03T13:21:38.000Z,agent-22,granite-crm,travel,8525,EUR,approved,captured,ev_g9htjs
1944,2026-08-03T13:34:00.000Z,agent-16,vellum-crm,advertising,8675,EUR,approved,captured,ev_9dd1tb
1945,2026-08-03T13:50:16.000Z,agent-21,granite-crm,office,7334,EUR,approved,captured,ev_brbaml
1946,2026-08-03T14:47:53.000Z,agent-24,atlas-mail,advertising,9193,EUR,approved,captured,ev_fezk7v
1947,2026-08-03T14:51:54.000Z,agent-21,mineral-storage,office,20262,EUR,approved,captured,ev_49bpqt
1948,2026-08-03T15:01:01.000Z,agent-12,beacon-auth,hosting,6859,EUR,approved,captured,ev_5jhz49
1949,2026-08-03T15:23:59.000Z,agent-07,pierstone-pay,cloud,5934,EUR,approved,captured,ev_6cam5g
1950,2026-08-03T15:44:33.000Z,agent-11,lumen-post,domains,3899,EUR,approved,captured,ev_7ruva4
1951,2026-08-03T16:50:44.000Z,agent-18,orchid-labs,office,6726,EUR,approved,captured,ev_3zg8o7
1952,2026-08-03T16:52:36.000Z,agent-26,juniper-ai,travel,9456,EUR,approved,captured,ev_75y5t6
1953,2026-08-03T17:07:50.000Z,agent-28,ferrodata,software,7850,EUR,approved,captured,ev_3og44v
1954,2026-08-03T17:11:37.000Z,agent-05,cobblestone-dev,domains,15436,EUR,approved,captured,ev_3oup8d
1955,2026-08-03T17:40:29.000Z,agent-31,cobalt-cloud,domains,5897,EUR,approved,captured,ev_c7bp5w
1956,2026-08-03T18:06:16.000Z,agent-28,meridian-cdn,domains,7426,EUR,approved,captured,ev_2ky6qs
1957,2026-08-03T18:12:33.000Z,agent-19,voltage-io,groceries,5935,EUR,approved,captured,ev_618fdy
1958,2026-08-03T18:20:25.000Z,agent-37,vellum-crm,cloud,6462,EUR,approved,captured,ev_cu3u1m
1959,2026-08-03T19:54:18.000Z,agent-17,vellum-crm,office,9361,EUR,approved,captured,ev_ejmyop
1960,2026-08-03T20:17:13.000Z,agent-15,cobalt-cloud,software,14937,EUR,approved,captured,ev_c1wi9m
1961,2026-08-03T21:55:30.000Z,agent-17,northline-api,cloud,3863,EUR,approved,captured,ev_3cdoyu
1962,2026-08-03T22:00:58.000Z,agent-25,cobblestone-dev,advertising,10950,EUR,declined,none,ev_171duw
1963,2026-08-03T22:17:42.000Z,agent-38,arkwright-domains,hosting,20686,EUR,approved,captured,ev_5q9b4l
1964,2026-08-03T22:22:56.000Z,agent-12,pinecrest-apps,hosting,2062,EUR,approved,captured,ev_dha07g
1965,2026-08-03T23:12:57.000Z,agent-29,harbor-db,travel,3875,EUR,approved,captured,ev_dcza2g
1966,2026-08-03T23:38:07.000Z,agent-30,arkwright-domains,cloud,6455,EUR,approved,captured,ev_4qpezp
1967,2026-08-04T00:07:32.000Z,agent-24,vellum-crm,groceries,6757,EUR,approved,captured,ev_95pc7e
1968,2026-08-04T01:59:22.000Z,agent-20,atlas-mail,hosting,16104,EUR,approved,captured,ev_bmgx6m
1969,2026-08-04T02:26:55.000Z,agent-08,cobalt-cloud,hosting,17121,EUR,approved,captured,ev_a2qu9p
1970,2026-08-04T02:41:56.000Z,agent-10,kestrel-metrics,hosting,12025,EUR,approved,captured,ev_5q8c14
1971,2026-08-04T02:54:20.000Z,agent-36,harbor-db,domains,8131,EUR,approved,captured,ev_4uv0tq
1972,2026-08-04T02:57:11.000Z,agent-33,cobalt-cloud,groceries,4670,EUR,approved,captured,ev_567s23
1973,2026-08-04T03:11:00.000Z,agent-28,cobblestone-dev,hosting,11072,EUR,approved,captured,ev_gh33ra
1974,2026-08-04T03:12:27.000Z,agent-18,lumen-post,domains,36311,EUR,approved,captured,ev_czowtg
1975,2026-08-04T03:20:10.000Z,agent-14,orchid-labs,advertising,6853,EUR,approved,captured,ev_30kps1
1976,2026-08-04T03:20:11.000Z,agent-26,bytehost,cloud,6510,EUR,approved,captured,ev_8uta1e
1977,2026-08-04T03:49:15.000Z,agent-35,kestrel-metrics,office,7802,EUR,approved,captured,ev_4yaocs
1978,2026-08-04T05:49:23.000Z,agent-20,summit-infra,cloud,3852,EUR,approved,captured,ev_65iinn
1979,2026-08-04T05:51:47.000Z,agent-28,mineral-storage,hosting,7790,EUR,approved,captured,ev_1mj0qe
1980,2026-08-04T05:57:50.000Z,agent-06,meridian-cdn,cloud,8099,EUR,approved,captured,ev_dpknp0
1981,2026-08-04T06:16:11.000Z,agent-15,orchid-labs,office,15056,EUR,approved,captured,ev_aqs14l
1982,2026-08-04T06:30:59.000Z,agent-05,mineral-storage,domains,8996,EUR,approved,captured,ev_c7u331
1983,2026-08-04T06:31:14.000Z,agent-40,harbor-db,cloud,6673,EUR,approved,captured,ev_13ajwk
1984,2026-08-04T06:56:08.000Z,agent-13,vellum-crm,cloud,7144,EUR,approved,captured,ev_fedkrf
1985,2026-08-04T08:36:46.000Z,agent-27,cobblestone-dev,software,16410,EUR,approved,captured,ev_vwkcc
1986,2026-08-04T08:50:08.000Z,agent-32,northline-api,groceries,6001,EUR,approved,captured,ev_b5s7og
1987,2026-08-04T10:50:01.000Z,agent-26,juniper-ai,travel,16223,EUR,approved,captured,ev_cd68pb
1988,2026-08-04T11:12:31.000Z,agent-30,bytehost,software,6581,EUR,approved,captured,ev_7ekfgw
1989,2026-08-04T11:36:16.000Z,agent-09,vellum-crm,software,8790,EUR,approved,captured,ev_a9sm8k
1990,2026-08-04T11:43:53.000Z,agent-39,meridian-cdn,travel,12089,EUR,approved,captured,ev_cu2gxp
1991,2026-08-04T11:58:57.000Z,agent-26,cinderstack,groceries,9674,EUR,approved,captured,ev_88py6
1992,2026-08-04T12:50:52.000Z,agent-07,lumen-post,advertising,4188,EUR,approved,captured,ev_dviwou
1993,2026-08-04T12:56:20.000Z,agent-05,northline-api,office,15353,EUR,approved,failed,ev_54de9x
1994,2026-08-04T14:13:36.000Z,agent-31,voltage-io,software,5777,EUR,approved,captured,ev_9ke60p
1995,2026-08-04T14:46:40.000Z,agent-22,northline-api,office,7962,EUR,approved,captured,ev_m1tz6
1996,2026-08-04T14:59:05.000Z,agent-34,mineral-storage,advertising,6074,EUR,approved,captured,ev_3qbey2
1997,2026-08-04T15:25:10.000Z,agent-16,pinecrest-apps,groceries,12631,EUR,approved,captured,ev_dgd8dz
1998,2026-08-04T15:28:17.000Z,agent-19,granite-crm,software,12898,EUR,approved,captured,ev_y8ejq
1999,2026-08-04T15:34:41.000Z,agent-26,lumen-post,advertising,12448,EUR,approved,captured,ev_6urpzp
2000,2026-08-04T15:35:22.000Z,agent-14,northline-api,software,24304,EUR,approved,captured,ev_9f0ycu
2001,2026-08-04T15:54:18.000Z,agent-23,pierstone-pay,domains,18199,EUR,approved,captured,ev_81tshe
2002,2026-08-04T16:05:37.000Z,agent-17,cobalt-cloud,office,6412,EUR,approved,captured,ev_dasjiq
2003,2026-08-04T16:36:35.000Z,agent-07,arkwright-domains,advertising,28532,EUR,approved,captured,ev_a618pv
2004,2026-08-04T17:12:35.000Z,agent-12,voltage-io,hosting,9627,EUR,approved,captured,ev_cvigii
2005,2026-08-04T17:24:20.000Z,agent-21,ferrite-tools,hosting,5603,EUR,approved,captured,ev_pnf30
2006,2026-08-04T17:48:26.000Z,agent-16,summit-infra,travel,6386,EUR,approved,captured,ev_5msuhh
2007,2026-08-04T18:24:25.000Z,agent-09,pierstone-pay,domains,7143,EUR,approved,captured,ev_ei3eh1
2008,2026-08-04T18:49:15.000Z,agent-18,summit-infra,domains,4466,EUR,approved,captured,ev_f4r6fx
2009,2026-08-04T19:14:56.000Z,agent-12,granite-crm,software,11281,EUR,approved,captured,ev_1zmg4z
2010,2026-08-04T19:29:29.000Z,agent-38,meridian-cdn,hosting,14375,EUR,approved,captured,ev_1s7ydr
2011,2026-08-04T19:52:19.000Z,agent-25,juniper-ai,cloud,12019,EUR,declined,none,ev_6cr2qs
2012,2026-08-04T20:17:26.000Z,agent-11,northline-api,cloud,19346,EUR,approved,captured,ev_1xlmdz
2013,2026-08-04T20:48:38.000Z,agent-39,quillpress,office,9350,EUR,approved,captured,ev_df8wme
2014,2026-08-04T21:06:16.000Z,agent-37,pinecrest-apps,travel,3699,EUR,approved,failed,ev_3tx4r4
2015,2026-08-04T21:51:00.000Z,agent-32,cinderstack,office,7295,EUR,approved,captured,ev_msq3f
2016,2026-08-04T21:54:17.000Z,agent-13,meridian-cdn,software,15661,EUR,approved,captured,ev_fad268
2017,2026-08-04T23:43:37.000Z,agent-08,pinecrest-apps,domains,5285,EUR,declined,none,ev_exvj7h
2018,2026-08-05T00:13:54.000Z,agent-29,meridian-cdn,cloud,8652,EUR,approved,captured,ev_7cvrak
2019,2026-08-05T00:55:53.000Z,agent-10,atlas-mail,domains,15071,EUR,approved,captured,ev_f1dc43
2020,2026-08-05T00:58:04.000Z,agent-33,granite-crm,domains,5387,EUR,approved,captured,ev_45p00w
2021,2026-08-05T01:01:50.000Z,agent-24,cobblestone-dev,groceries,6331,EUR,approved,captured,ev_9h8wdc
2022,2026-08-05T01:08:52.000Z,agent-15,meridian-cdn,advertising,9712,EUR,approved,captured,ev_1w816x
2023,2026-08-05T01:17:02.000Z,agent-39,summit-infra,software,8804,EUR,approved,captured,ev_1ghfke
2024,2026-08-05T02:06:12.000Z,agent-21,lumen-post,office,4712,EUR,approved,captured,ev_926ipe
2025,2026-08-05T02:31:46.000Z,agent-17,quillpress,groceries,11928,EUR,approved,captured,ev_34e5wk
2026,2026-08-05T02:40:08.000Z,agent-34,juniper-ai,office,5626,EUR,approved,captured,ev_c2f144
2027,2026-08-05T02:45:38.000Z,agent-26,meridian-cdn,office,6856,EUR,approved,captured,ev_2wvpz6
2028,2026-08-05T03:06:37.000Z,agent-22,cobblestone-dev,office,6895,EUR,approved,captured,ev_b3uc8l
2029,2026-08-05T03:14:38.000Z,agent-40,beacon-auth,hosting,20407,EUR,approved,captured,ev_guih6
2030,2026-08-05T03:17:48.000Z,agent-37,railsgate,groceries,24817,EUR,approved,captured,ev_vpjyh
2031,2026-08-05T03:26:19.000Z,agent-35,pierstone-pay,domains,4966,EUR,approved,captured,ev_8a1ofq
2032,2026-08-05T03:50:34.000Z,agent-26,summit-infra,domains,21029,EUR,approved,captured,ev_cfofap
2033,2026-08-05T04:08:53.000Z,agent-22,quillpress,cloud,30758,EUR,approved,failed,ev_7o8hrs
2034,2026-08-05T04:47:16.000Z,agent-09,cobblestone-dev,office,7667,EUR,approved,captured,ev_fzctq9
2035,2026-08-05T04:54:53.000Z,agent-38,kestrel-metrics,office,12067,EUR,approved,captured,ev_a8v1xj
2036,2026-08-05T05:07:07.000Z,agent-14,cinderstack,travel,8773,EUR,approved,captured,ev_5d0hlr
2037,2026-08-05T05:21:16.000Z,agent-36,railsgate,advertising,7502,EUR,approved,captured,ev_9l5utv
2038,2026-08-05T06:04:06.000Z,agent-15,atlas-mail,office,9592,EUR,approved,captured,ev_a5sdoh
2039,2026-08-05T06:13:12.000Z,agent-06,lumen-post,advertising,19749,EUR,approved,captured,ev_dwinoq
2040,2026-08-05T07:21:05.000Z,agent-31,cobalt-cloud,domains,10598,EUR,declined,none,ev_aux4md
2041,2026-08-05T09:15:14.000Z,agent-39,pinecrest-apps,travel,5624,EUR,approved,captured,ev_13tsnq
2042,2026-08-05T10:22:58.000Z,agent-40,ferrodata,office,17203,EUR,approved,captured,ev_4m9i3y
2043,2026-08-05T10:43:11.000Z,agent-11,mineral-storage,software,6336,EUR,approved,captured,ev_3xsdbu
2044,2026-08-05T11:33:23.000Z,agent-39,vellum-crm,hosting,20162,EUR,approved,failed,ev_6f1p3o
2045,2026-08-05T11:48:54.000Z,agent-08,arkwright-domains,hosting,4851,EUR,approved,captured,ev_a8vbk1
2046,2026-08-05T11:53:10.000Z,agent-29,quillpress,office,7251,EUR,approved,captured,ev_gabl7n
2047,2026-08-05T12:03:40.000Z,agent-07,cinderstack,office,4743,EUR,approved,captured,ev_bdxph4
2048,2026-08-05T12:17:00.000Z,agent-20,vellum-crm,hosting,9890,EUR,approved,captured,ev_9cmt9i
2049,2026-08-05T12:38:55.000Z,agent-13,lumen-post,hosting,5398,EUR,approved,captured,ev_552h6
2050,2026-08-05T12:45:21.000Z,agent-28,cinderstack,travel,14593,EUR,approved,captured,ev_efsg69
2051,2026-08-05T14:03:06.000Z,agent-11,ferrodata,hosting,6057,EUR,approved,captured,ev_52xmh9
2052,2026-08-05T14:10:25.000Z,agent-20,bytehost,travel,4054,EUR,approved,captured,ev_6sworl
2053,2026-08-05T14:26:34.000Z,agent-16,meridian-cdn,software,14069,EUR,approved,captured,ev_arww03
2054,2026-08-05T14:31:17.000Z,agent-12,arkwright-domains,groceries,18671,EUR,approved,captured,ev_9hr1fz
2055,2026-08-05T14:41:41.000Z,agent-30,summit-infra,groceries,3170,EUR,approved,captured,ev_2czmi1
2056,2026-08-05T15:04:41.000Z,agent-24,railsgate,travel,29703,EUR,approved,captured,ev_6eq1sq
2057,2026-08-05T15:52:34.000Z,agent-27,cinderstack,domains,11766,EUR,approved,captured,ev_d6wpjf
2058,2026-08-05T16:08:28.000Z,agent-05,cobalt-cloud,travel,6684,EUR,approved,captured,ev_993567
2059,2026-08-05T16:26:38.000Z,agent-19,cinderstack,hosting,14020,EUR,approved,captured,ev_7tlf6f
2060,2026-08-05T17:06:35.000Z,agent-17,kestrel-metrics,travel,14762,EUR,approved,captured,ev_lbbiv
2061,2026-08-05T18:53:02.000Z,agent-13,bytehost,hosting,4803,EUR,approved,captured,ev_1t1bmq
2062,2026-08-05T20:52:10.000Z,agent-05,mineral-storage,cloud,5356,EUR,approved,captured,ev_eztbgm
2063,2026-08-05T21:24:13.000Z,agent-28,lumen-post,domains,12145,EUR,approved,captured,ev_avmkz3
2064,2026-08-05T22:15:02.000Z,agent-10,cobblestone-dev,hosting,12160,EUR,approved,captured,ev_31ltci
2065,2026-08-05T22:39:41.000Z,agent-22,cinderstack,domains,8763,EUR,approved,captured,ev_16jfua
2066,2026-08-05T23:14:51.000Z,agent-30,cobalt-cloud,software,5267,EUR,declined,none,ev_enillu
2067,2026-08-05T23:32:53.000Z,agent-31,pierstone-pay,travel,8044,EUR,approved,captured,ev_66bmc5
2068,2026-08-05T23:33:54.000Z,agent-23,northline-api,hosting,9244,EUR,approved,captured,ev_1god6i
2069,2026-08-06T00:15:37.000Z,agent-25,ferrodata,cloud,10070,EUR,approved,captured,ev_cc6q9w
2070,2026-08-06T00:31:56.000Z,agent-18,granite-crm,groceries,6017,EUR,approved,captured,ev_cxnppl
2071,2026-08-06T00:47:03.000Z,agent-36,pierstone-pay,advertising,6088,EUR,approved,captured,ev_2dpkoi
2072,2026-08-06T01:14:59.000Z,agent-22,pinecrest-apps,software,3274,EUR,approved,captured,ev_7i7pw3
2073,2026-08-06T01:19:27.000Z,agent-39,arkwright-domains,domains,11128,EUR,approved,captured,ev_fjo5lv
2074,2026-08-06T02:02:59.000Z,agent-37,voltage-io,office,9511,EUR,approved,captured,ev_41obnl
2075,2026-08-06T02:06:24.000Z,agent-32,atlas-mail,cloud,8557,EUR,declined,none,ev_f0z1df
2076,2026-08-06T02:25:41.000Z,agent-08,granite-crm,office,7419,EUR,declined,none,ev_8c6y1a
2077,2026-08-06T03:45:58.000Z,agent-09,orchid-labs,hosting,4304,EUR,approved,captured,ev_1d3qxe
2078,2026-08-06T03:53:03.000Z,agent-40,granite-crm,advertising,6723,EUR,declined,none,ev_b9oqid
2079,2026-08-06T03:53:15.000Z,agent-20,quillpress,office,7206,EUR,approved,captured,ev_5fgsye
2080,2026-08-06T04:13:56.000Z,agent-31,lumen-post,hosting,4375,EUR,declined,none,ev_3s2mr9
2081,2026-08-06T05:32:34.000Z,agent-27,cobblestone-dev,travel,14235,EUR,approved,captured,ev_fj660s
2082,2026-08-06T05:36:29.000Z,agent-19,northline-api,cloud,5233,EUR,approved,captured,ev_chn120
2083,2026-08-06T06:01:22.000Z,agent-14,atlas-mail,advertising,6112,EUR,approved,captured,ev_3f6z91
2084,2026-08-06T06:13:47.000Z,agent-16,orchid-labs,advertising,15815,EUR,approved,captured,ev_bvvnvi
2085,2026-08-06T06:51:24.000Z,agent-11,pinecrest-apps,advertising,17369,EUR,approved,captured,ev_lzhgb
2086,2026-08-06T06:56:02.000Z,agent-15,summit-infra,cloud,11289,EUR,declined,none,ev_9xqjvp
2087,2026-08-06T06:59:34.000Z,agent-35,ferrodata,domains,12576,EUR,approved,captured,ev_dpmcg7
2088,2026-08-06T07:13:34.000Z,agent-34,bytehost,advertising,10474,EUR,approved,captured,ev_13rc3r
2089,2026-08-06T07:58:10.000Z,agent-23,cobblestone-dev,office,10338,EUR,approved,captured,ev_5wddez
2090,2026-08-06T07:58:19.000Z,agent-39,harbor-db,advertising,5490,EUR,approved,captured,ev_fxm8xb
2091,2026-08-06T08:11:46.000Z,agent-35,summit-infra,cloud,3351,EUR,approved,captured,ev_a6zr23
2092,2026-08-06T08:40:15.000Z,agent-21,northline-api,cloud,11536,EUR,approved,captured,ev_dozs3n
2093,2026-08-06T08:49:17.000Z,agent-33,summit-infra,software,19811,EUR,approved,captured,ev_861281
2094,2026-08-06T09:01:57.000Z,agent-22,meridian-cdn,software,7835,EUR,approved,refunded,ev_3epum0
2095,2026-08-06T09:25:39.000Z,agent-06,meridian-cdn,travel,7479,EUR,approved,captured,ev_b8amnf
2096,2026-08-06T09:54:53.000Z,agent-39,meridian-cdn,cloud,4135,EUR,declined,none,ev_a2p17l
2097,2026-08-06T10:51:13.000Z,agent-38,summit-infra,groceries,4949,EUR,approved,captured,ev_1odaob
2098,2026-08-06T11:16:23.000Z,agent-27,juniper-ai,travel,23624,EUR,approved,captured,ev_3npiiw
2099,2026-08-06T11:41:46.000Z,agent-26,cobalt-cloud,travel,11066,EUR,approved,captured,ev_g69ox
2100,2026-08-06T12:22:54.000Z,agent-38,quillpress,software,6746,EUR,approved,captured,ev_5avkks
2101,2026-08-06T12:24:56.000Z,agent-17,atlas-mail,groceries,7649,EUR,approved,captured,ev_8kn9rb
2102,2026-08-06T12:58:54.000Z,agent-09,bytehost,groceries,8285,EUR,approved,captured,ev_3o8mno
2103,2026-08-06T13:10:10.000Z,agent-08,mineral-storage,domains,6283,EUR,approved,captured,ev_671aqc
2104,2026-08-06T13:44:34.000Z,agent-21,harbor-db,travel,8423,EUR,approved,refunded,ev_c6a80d
2105,2026-08-06T13:56:41.000Z,agent-19,bytehost,groceries,22675,EUR,approved,failed,ev_8u7zl
2106,2026-08-06T14:21:19.000Z,agent-29,lumen-post,travel,6958,EUR,approved,captured,ev_1akmuy
2107,2026-08-06T14:45:41.000Z,agent-15,voltage-io,domains,12329,EUR,approved,captured,ev_fm9kuj
2108,2026-08-06T15:02:50.000Z,agent-27,pierstone-pay,office,5119,EUR,approved,captured,ev_6jg8oc
2109,2026-08-06T17:28:11.000Z,agent-10,meridian-cdn,office,19832,EUR,declined,none,ev_e69t1o
2110,2026-08-06T18:32:43.000Z,agent-21,harbor-db,cloud,11488,EUR,approved,captured,ev_7egwzf
2111,2026-08-06T18:47:59.000Z,agent-28,northline-api,advertising,10482,EUR,approved,captured,ev_3hmksz
2112,2026-08-06T18:53:26.000Z,agent-12,kestrel-metrics,office,3115,EUR,approved,captured,ev_3wbg6e
2113,2026-08-06T18:54:12.000Z,agent-32,meridian-cdn,advertising,7630,EUR,approved,captured,ev_d9tzdv
2114,2026-08-06T19:05:34.000Z,agent-36,lumen-post,groceries,7722,EUR,approved,captured,ev_31l2ls
2115,2026-08-06T19:27:09.000Z,agent-18,kestrel-metrics,travel,5555,EUR,approved,captured,ev_456j11
2116,2026-08-06T19:46:05.000Z,agent-07,quillpress,travel,6339,EUR,declined,none,ev_fwrf8a
2117,2026-08-06T20:19:20.000Z,agent-15,cobalt-cloud,domains,16909,EUR,approved,captured,ev_8abwry
2118,2026-08-06T20:50:08.000Z,agent-37,atlas-mail,groceries,4093,EUR,approved,captured,ev_48xb45
2119,2026-08-06T21:11:44.000Z,agent-23,atlas-mail,cloud,16760,EUR,approved,captured,ev_1l8pph
2120,2026-08-06T21:58:58.000Z,agent-08,cinderstack,hosting,7908,EUR,approved,captured,ev_3e0yup
2121,2026-08-06T22:22:57.000Z,agent-24,railsgate,cloud,2778,EUR,approved,captured,ev_gf35jd
2122,2026-08-06T22:36:45.000Z,agent-18,railsgate,domains,19490,EUR,approved,captured,ev_3cuyyi
2123,2026-08-06T22:46:42.000Z,agent-38,summit-infra,advertising,12673,EUR,approved,captured,ev_mxpxm
2124,2026-08-06T22:50:15.000Z,agent-12,pierstone-pay,software,10790,EUR,approved,captured,ev_a6w5y3
2125,2026-08-06T23:19:52.000Z,agent-06,summit-infra,domains,12386,EUR,approved,captured,ev_cfl7x9
2126,2026-08-06T23:44:15.000Z,agent-13,ferrodata,software,11521,EUR,approved,captured,ev_4h0emo
2127,2026-08-06T23:53:47.000Z,agent-39,vellum-crm,software,4615,EUR,approved,captured,ev_7vnt9x
2128,2026-08-07T01:18:30.000Z,agent-09,quillpress,domains,8676,EUR,approved,captured,ev_e4ia4z
2129,2026-08-07T01:39:48.000Z,agent-35,arkwright-domains,office,6669,EUR,approved,captured,ev_dcc7h4
2130,2026-08-07T01:53:00.000Z,agent-25,kestrel-metrics,domains,6723,EUR,approved,captured,ev_ehrof6
2131,2026-08-07T02:16:36.000Z,agent-33,cobalt-cloud,hosting,7864,EUR,declined,none,ev_3r4utg
2132,2026-08-07T02:20:55.000Z,agent-05,cobblestone-dev,advertising,10085,EUR,approved,failed,ev_donm8j
2133,2026-08-07T02:29:37.000Z,agent-07,beacon-auth,advertising,19103,EUR,approved,captured,ev_8lic1q
2134,2026-08-07T02:36:03.000Z,agent-12,harbor-db,office,6438,EUR,approved,captured,ev_aalenj
2135,2026-08-07T02:58:50.000Z,agent-17,mineral-storage,office,16054,EUR,approved,failed,ev_a8a8mf
2136,2026-08-07T03:30:12.000Z,agent-07,ferrodata,software,13409,EUR,approved,captured,ev_76bpy0
2137,2026-08-07T03:42:31.000Z,agent-28,summit-infra,hosting,11370,EUR,approved,captured,ev_dc0hbt
2138,2026-08-07T04:34:57.000Z,agent-30,atlas-mail,domains,7410,EUR,approved,captured,ev_34nv3y
2139,2026-08-07T05:09:50.000Z,agent-14,pinecrest-apps,office,8825,EUR,approved,captured,ev_5pmyyp
2140,2026-08-07T05:25:36.000Z,agent-38,voltage-io,cloud,6967,EUR,approved,captured,ev_3o0myb
2141,2026-08-07T05:30:42.000Z,agent-06,summit-infra,domains,25531,EUR,approved,captured,ev_fpy929
2142,2026-08-07T05:44:02.000Z,agent-11,kestrel-metrics,software,8290,EUR,approved,captured,ev_r1d1a
2143,2026-08-07T05:58:09.000Z,agent-31,pinecrest-apps,groceries,9929,EUR,approved,captured,ev_9tykpb
2144,2026-08-07T05:58:15.000Z,agent-12,granite-crm,software,12117,EUR,approved,failed,ev_ebun80
2145,2026-08-07T06:35:02.000Z,agent-34,beacon-auth,travel,17369,EUR,declined,none,ev_cypkrb
2146,2026-08-07T07:05:36.000Z,agent-27,quillpress,groceries,8259,EUR,approved,captured,ev_4g5kx7
2147,2026-08-07T08:35:03.000Z,agent-21,arkwright-domains,hosting,11013,EUR,approved,captured,ev_et8w8j
2148,2026-08-07T09:11:20.000Z,agent-16,meridian-cdn,cloud,16129,EUR,approved,captured,ev_bf4e69
2149,2026-08-07T09:19:59.000Z,agent-29,vellum-crm,hosting,5755,EUR,approved,captured,ev_dp9jh4
2150,2026-08-07T09:22:11.000Z,agent-17,granite-crm,travel,6745,EUR,approved,captured,ev_16pok7
2151,2026-08-07T10:13:34.000Z,agent-20,northline-api,domains,6726,EUR,approved,captured,ev_5dt7ua
2152,2026-08-07T10:33:40.000Z,agent-40,beacon-auth,cloud,8567,EUR,approved,captured,ev_gc6tml
2153,2026-08-07T10:51:31.000Z,agent-27,cobblestone-dev,software,8855,EUR,approved,captured,ev_9b9owb
2154,2026-08-07T11:23:04.000Z,agent-30,cobalt-cloud,hosting,6298,EUR,approved,captured,ev_9t25yb
2155,2026-08-07T13:36:15.000Z,agent-36,railsgate,advertising,7115,EUR,approved,captured,ev_2nghb4
2156,2026-08-07T13:36:33.000Z,agent-10,vellum-crm,groceries,9357,EUR,approved,captured,ev_2j7zur
2157,2026-08-07T13:58:46.000Z,agent-19,pinecrest-apps,hosting,17911,EUR,approved,captured,ev_bcm8uy
2158,2026-08-07T14:25:16.000Z,agent-22,harbor-db,advertising,4223,EUR,approved,captured,ev_o990s
2159,2026-08-07T14:34:13.000Z,agent-29,pierstone-pay,software,11376,EUR,approved,captured,ev_12vkiw
2160,2026-08-07T14:59:02.000Z,agent-36,beacon-auth,office,13516,EUR,approved,captured,ev_cu6en
2161,2026-08-07T15:31:45.000Z,agent-28,northline-api,hosting,8683,EUR,approved,failed,ev_35rxd
2162,2026-08-07T15:47:40.000Z,agent-24,lumen-post,software,16197,EUR,approved,captured,ev_86o3mc
2163,2026-08-07T15:48:06.000Z,agent-39,cinderstack,office,8706,EUR,approved,captured,ev_43h2x1
2164,2026-08-07T16:04:46.000Z,agent-31,cobblestone-dev,hosting,20511,EUR,approved,captured,ev_gf1bym
2165,2026-08-07T16:26:56.000Z,agent-34,ferrite-tools,travel,7858,EUR,approved,captured,ev_26dx1e
2166,2026-08-07T17:22:48.000Z,agent-14,pinecrest-apps,travel,9160,EUR,approved,captured,ev_dwordr
2167,2026-08-07T17:30:35.000Z,agent-27,juniper-ai,cloud,18447,EUR,approved,captured,ev_3ozd6c
2168,2026-08-07T17:34:38.000Z,agent-32,ferrite-tools,office,8970,EUR,approved,captured,ev_6j3f13
2169,2026-08-07T18:08:52.000Z,agent-06,summit-infra,hosting,4279,EUR,approved,captured,ev_o8n7d
2170,2026-08-07T19:23:32.000Z,agent-26,voltage-io,software,11672,EUR,approved,captured,ev_57x5dc
2171,2026-08-07T20:58:11.000Z,agent-11,northline-api,travel,5450,EUR,approved,captured,ev_uw6ap
2172,2026-08-07T21:00:11.000Z,agent-25,pierstone-pay,cloud,6576,EUR,declined,none,ev_94ao4m
2173,2026-08-07T21:15:08.000Z,agent-14,ferrite-tools,office,8291,EUR,approved,captured,ev_fjy0oi
2174,2026-08-07T21:17:41.000Z,agent-08,meridian-cdn,advertising,6867,EUR,approved,captured,ev_5n177v
2175,2026-08-07T21:37:23.000Z,agent-16,voltage-io,cloud,7018,EUR,approved,captured,ev_44juqe
2176,2026-08-07T22:06:10.000Z,agent-34,meridian-cdn,cloud,2448,EUR,approved,captured,ev_71fztr
2177,2026-08-07T22:27:56.000Z,agent-31,summit-infra,office,7964,EUR,approved,captured,ev_e5akzk
2178,2026-08-07T23:12:31.000Z,agent-30,arkwright-domains,software,7084,EUR,approved,captured,ev_2zkm8u
2179,2026-08-07T23:13:44.000Z,agent-15,ferrite-tools,domains,6521,EUR,approved,captured,ev_f5aph4
2180,2026-08-07T23:53:52.000Z,agent-31,cobalt-cloud,cloud,12986,EUR,approved,captured,ev_77nhtz
2181,2026-08-08T00:36:18.000Z,agent-23,ferrite-tools,domains,9380,EUR,approved,captured,ev_dwvf6q
2182,2026-08-08T01:29:08.000Z,agent-35,kestrel-metrics,domains,10332,EUR,approved,captured,ev_921vuu
2183,2026-08-08T01:49:12.000Z,agent-09,lumen-post,hosting,6826,EUR,approved,captured,ev_dk9riq
2184,2026-08-08T01:51:12.000Z,agent-21,meridian-cdn,groceries,14132,EUR,approved,captured,ev_bgxdgb
2185,2026-08-08T02:03:40.000Z,agent-05,mineral-storage,travel,7392,EUR,approved,captured,ev_55ra5g
2186,2026-08-08T03:20:29.000Z,agent-37,mineral-storage,software,4164,EUR,approved,failed,ev_aw74wl
2187,2026-08-08T03:20:59.000Z,agent-25,summit-infra,hosting,20807,EUR,approved,captured,ev_9rc8vp
2188,2026-08-08T03:26:51.000Z,agent-24,meridian-cdn,software,11693,EUR,approved,captured,ev_9zutzw
2189,2026-08-08T03:35:39.000Z,agent-08,granite-crm,groceries,5989,EUR,approved,captured,ev_f031lq
2190,2026-08-08T04:47:34.000Z,agent-07,vellum-crm,groceries,15072,EUR,approved,captured,ev_1501mj
2191,2026-08-08T04:58:33.000Z,agent-13,summit-infra,software,8285,EUR,approved,captured,ev_31cwnj
2192,2026-08-08T05:11:01.000Z,agent-18,cinderstack,software,7030,EUR,approved,captured,ev_5dlqym
2193,2026-08-08T05:15:40.000Z,agent-12,vellum-crm,advertising,12055,EUR,approved,failed,ev_4lhot
2194,2026-08-08T05:38:03.000Z,agent-14,lumen-post,domains,14773,EUR,approved,refunded,ev_bxxvhk
2195,2026-08-08T06:27:23.000Z,agent-09,vellum-crm,office,8290,EUR,approved,captured,ev_43af7n
2196,2026-08-08T07:00:15.000Z,agent-20,granite-crm,software,7593,EUR,approved,captured,ev_f0orl2
2197,2026-08-08T07:03:42.000Z,agent-17,kestrel-metrics,hosting,10195,EUR,declined,none,ev_e3f00v
2198,2026-08-08T07:47:35.000Z,agent-31,granite-crm,cloud,5105,EUR,approved,refunded,ev_btjyc8
2199,2026-08-08T07:49:27.000Z,agent-33,railsgate,software,18569,EUR,approved,captured,ev_fkg080
2200,2026-08-08T08:08:42.000Z,agent-32,arkwright-domains,software,16268,EUR,approved,captured,ev_6w4s8i
2201,2026-08-08T08:10:22.000Z,agent-17,quillpress,cloud,6456,EUR,approved,captured,ev_g4n0zs
2202,2026-08-08T08:26:19.000Z,agent-38,cobalt-cloud,travel,12265,EUR,approved,captured,ev_bx9i88
2203,2026-08-08T09:00:50.000Z,agent-20,beacon-auth,office,10049,EUR,approved,captured,ev_198eil
2204,2026-08-08T09:52:48.000Z,agent-30,ferrodata,office,8961,EUR,approved,captured,ev_482jor
2205,2026-08-08T09:57:48.000Z,agent-27,pierstone-pay,domains,7004,EUR,approved,captured,ev_abz26d
2206,2026-08-08T10:14:35.000Z,agent-34,pinecrest-apps,software,13939,EUR,approved,captured,ev_d9llkf
2207,2026-08-08T11:07:40.000Z,agent-15,vellum-crm,hosting,13509,EUR,approved,captured,ev_a62tro
2208,2026-08-08T11:27:42.000Z,agent-28,northline-api,software,6061,EUR,approved,captured,ev_2f6fyi
2209,2026-08-08T11:33:31.000Z,agent-19,arkwright-domains,domains,15772,EUR,approved,captured,ev_46j9lw
2210,2026-08-08T11:43:08.000Z,agent-34,ferrite-tools,software,15604,EUR,approved,captured,ev_87uvf6
2211,2026-08-08T11:50:48.000Z,agent-12,voltage-io,domains,8813,EUR,approved,captured,ev_6q8ivf
2212,2026-08-08T12:36:46.000Z,agent-29,vellum-crm,software,10249,EUR,approved,failed,ev_4cp5y6
2213,2026-08-08T12:56:58.000Z,agent-40,juniper-ai,advertising,10133,EUR,approved,captured,ev_8l0o0c
2214,2026-08-08T12:57:42.000Z,agent-21,pinecrest-apps,office,10733,EUR,approved,captured,ev_hv9uf
2215,2026-08-08T13:01:09.000Z,agent-17,kestrel-metrics,cloud,7660,EUR,approved,captured,ev_7jtvkx
2216,2026-08-08T13:50:30.000Z,agent-34,pierstone-pay,hosting,4675,EUR,approved,captured,ev_dh4n2l
2217,2026-08-08T14:58:07.000Z,agent-33,vellum-crm,advertising,10663,EUR,approved,captured,ev_156xod
2218,2026-08-08T15:09:43.000Z,agent-25,harbor-db,advertising,11766,EUR,approved,captured,ev_7mmz1j
2219,2026-08-08T15:33:20.000Z,agent-06,cobalt-cloud,groceries,5982,EUR,approved,captured,ev_4jql0r
2220,2026-08-08T15:53:28.000Z,agent-22,mineral-storage,office,4709,EUR,approved,captured,ev_c2ueac
2221,2026-08-08T17:03:21.000Z,agent-40,atlas-mail,advertising,20239,EUR,approved,captured,ev_abfucy
2222,2026-08-08T17:34:32.000Z,agent-24,orchid-labs,advertising,11297,EUR,approved,failed,ev_g4gqc
2223,2026-08-08T17:49:15.000Z,agent-13,atlas-mail,travel,12092,EUR,approved,captured,ev_7gl8y9
2224,2026-08-08T18:31:19.000Z,agent-40,mineral-storage,hosting,13766,EUR,approved,captured,ev_1nn8q4
2225,2026-08-08T18:38:12.000Z,agent-37,railsgate,hosting,16085,EUR,approved,captured,ev_eq3ob
2226,2026-08-08T18:48:52.000Z,agent-36,granite-crm,office,10171,EUR,approved,captured,ev_82xfsj
2227,2026-08-08T18:51:42.000Z,agent-23,lumen-post,hosting,13692,EUR,approved,captured,ev_cyxlrx
2228,2026-08-08T19:14:47.000Z,agent-05,ferrite-tools,groceries,16134,EUR,approved,captured,ev_aecrss
2229,2026-08-08T19:47:10.000Z,agent-39,orchid-labs,advertising,5952,EUR,approved,captured,ev_21r6p3
2230,2026-08-08T19:59:15.000Z,agent-09,ferrodata,travel,15289,EUR,approved,captured,ev_71dn1v
2231,2026-08-08T20:27:19.000Z,agent-24,atlas-mail,domains,22436,EUR,approved,captured,ev_c9nbau
2232,2026-08-08T20:39:39.000Z,agent-11,juniper-ai,travel,3582,EUR,approved,captured,ev_4zmfqa
2233,2026-08-08T20:41:22.000Z,agent-30,vellum-crm,office,8268,EUR,approved,captured,ev_439xu
2234,2026-08-08T21:37:37.000Z,agent-22,beacon-auth,software,6156,EUR,approved,captured,ev_29wkib
2235,2026-08-08T21:46:10.000Z,agent-10,juniper-ai,software,14095,EUR,approved,captured,ev_dzibff
2236,2026-08-08T22:04:36.000Z,agent-15,summit-infra,office,28359,EUR,approved,captured,ev_9vwxeb
2237,2026-08-08T22:08:16.000Z,agent-25,cobblestone-dev,cloud,14425,EUR,approved,captured,ev_4h4d8h
2238,2026-08-08T22:24:52.000Z,agent-20,arkwright-domains,cloud,4724,EUR,approved,captured,ev_4bm2wf
2239,2026-08-08T23:55:32.000Z,agent-40,lumen-post,software,13700,EUR,declined,none,ev_ealo3c
2240,2026-08-09T00:21:42.000Z,agent-33,beacon-auth,groceries,17512,EUR,approved,captured,ev_fu9vuq
2241,2026-08-09T00:53:47.000Z,agent-16,orchid-labs,advertising,8958,EUR,declined,none,ev_1jfso3
2242,2026-08-09T01:31:13.000Z,agent-08,orchid-labs,hosting,5084,EUR,approved,refunded,ev_bvtz5m
2243,2026-08-09T02:11:03.000Z,agent-26,voltage-io,office,9794,EUR,approved,captured,ev_emjgt4
2244,2026-08-09T02:11:19.000Z,agent-40,ferrodata,groceries,11815,EUR,approved,captured,ev_g4t73l
2245,2026-08-09T03:08:08.000Z,agent-35,beacon-auth,software,12450,EUR,approved,captured,ev_3fgxqx
2246,2026-08-09T03:20:34.000Z,agent-32,kestrel-metrics,advertising,6356,EUR,approved,captured,ev_82veak
2247,2026-08-09T03:30:32.000Z,agent-09,vellum-crm,domains,16553,EUR,declined,none,ev_5eqiuy
2248,2026-08-09T04:45:39.000Z,agent-10,voltage-io,groceries,21684,EUR,approved,captured,ev_1856ch
2249,2026-08-09T04:53:11.000Z,agent-14,northline-api,software,12590,EUR,approved,captured,ev_ckihg2
2250,2026-08-09T04:55:08.000Z,agent-35,voltage-io,hosting,9865,EUR,approved,captured,ev_8jq2ef
2251,2026-08-09T05:51:21.000Z,agent-31,pierstone-pay,domains,15903,EUR,approved,captured,ev_84otqv
2252,2026-08-09T06:43:38.000Z,agent-27,pinecrest-apps,cloud,6802,EUR,declined,none,ev_e6tgr0
2253,2026-08-09T08:00:22.000Z,agent-39,quillpress,office,22267,EUR,approved,captured,ev_fqeh8e
2254,2026-08-09T08:05:58.000Z,agent-18,granite-crm,groceries,12669,EUR,approved,refunded,ev_3vaibu
2255,2026-08-09T08:50:30.000Z,agent-07,granite-crm,software,12906,EUR,approved,captured,ev_8h97g
2256,2026-08-09T09:51:44.000Z,agent-33,vellum-crm,domains,7896,EUR,approved,captured,ev_dm0sdq
2257,2026-08-09T10:05:13.000Z,agent-10,ferrite-tools,domains,3834,EUR,approved,captured,ev_dc7v0n
2258,2026-08-09T10:36:57.000Z,agent-22,meridian-cdn,travel,9948,EUR,approved,captured,ev_fw45zk
2259,2026-08-09T10:50:47.000Z,agent-38,meridian-cdn,office,9425,EUR,approved,captured,ev_6t42z6
2260,2026-08-09T12:14:39.000Z,agent-15,mineral-storage,cloud,6702,EUR,approved,captured,ev_5oyd7y
2261,2026-08-09T14:20:44.000Z,agent-17,cobblestone-dev,travel,3435,EUR,approved,captured,ev_6u8eb9
2262,2026-08-09T15:00:26.000Z,agent-28,kestrel-metrics,advertising,9258,EUR,approved,captured,ev_1q87qk
2263,2026-08-09T15:04:01.000Z,agent-19,bytehost,advertising,15033,EUR,approved,captured,ev_7881zg
2264,2026-08-09T15:53:54.000Z,agent-19,pierstone-pay,cloud,7365,EUR,approved,captured,ev_aezecp
2265,2026-08-09T16:41:44.000Z,agent-24,railsgate,domains,16984,EUR,approved,captured,ev_evi3hw
2266,2026-08-09T16:53:36.000Z,agent-20,bytehost,groceries,16062,EUR,approved,captured,ev_fm6lbj
2267,2026-08-09T17:38:10.000Z,agent-11,quillpress,advertising,2116,EUR,approved,captured,ev_1hav80
2268,2026-08-09T17:50:17.000Z,agent-35,ferrite-tools,advertising,16949,EUR,approved,captured,ev_a6egje
2269,2026-08-09T17:55:56.000Z,agent-12,harbor-db,travel,7961,EUR,approved,captured,ev_fnw758
2270,2026-08-09T18:08:50.000Z,agent-16,ferrite-tools,hosting,12190,EUR,approved,captured,ev_aj02uw
2271,2026-08-09T18:26:55.000Z,agent-34,kestrel-metrics,cloud,11070,EUR,approved,captured,ev_2gun46
2272,2026-08-09T18:31:38.000Z,agent-05,vellum-crm,office,6155,EUR,approved,captured,ev_8qcp83
2273,2026-08-09T18:42:37.000Z,agent-21,pinecrest-apps,advertising,19390,EUR,approved,failed,ev_59prsu
2274,2026-08-09T18:46:43.000Z,agent-25,bytehost,groceries,7934,EUR,approved,captured,ev_6a09ii
2275,2026-08-09T19:09:43.000Z,agent-38,lumen-post,hosting,18428,EUR,approved,captured,ev_6hm7sh
2276,2026-08-09T19:26:03.000Z,agent-13,orchid-labs,office,4291,EUR,approved,captured,ev_9iz3wi
2277,2026-08-09T19:30:10.000Z,agent-10,orchid-labs,travel,6904,EUR,approved,captured,ev_4qs9v7
2278,2026-08-09T19:31:42.000Z,agent-21,quillpress,domains,17696,EUR,approved,captured,ev_gb407d
2279,2026-08-09T20:29:21.000Z,agent-13,railsgate,software,23434,EUR,approved,captured,ev_g4ahxq
2280,2026-08-09T20:33:01.000Z,agent-29,atlas-mail,hosting,3515,EUR,approved,refunded,ev_474cbk
2281,2026-08-09T21:29:11.000Z,agent-37,railsgate,office,3386,EUR,approved,captured,ev_1jvjg5
2282,2026-08-09T21:57:54.000Z,agent-06,beacon-auth,travel,12559,EUR,approved,captured,ev_dq70f5
2283,2026-08-09T22:18:42.000Z,agent-22,summit-infra,domains,13996,EUR,approved,captured,ev_6y59ny
2284,2026-08-09T22:38:11.000Z,agent-23,lumen-post,cloud,14974,EUR,approved,captured,ev_8tle49
2285,2026-08-09T22:53:29.000Z,agent-18,kestrel-metrics,travel,5573,EUR,approved,captured,ev_80afwb
2286,2026-08-09T23:05:17.000Z,agent-17,summit-infra,cloud,8879,EUR,approved,captured,ev_4vep3r
2287,2026-08-09T23:59:32.000Z,agent-09,atlas-mail,domains,4349,EUR,approved,captured,ev_9ixp1l
2288,2026-08-10T00:20:23.000Z,agent-08,meridian-cdn,hosting,22496,EUR,approved,captured,ev_8mgnbp
2289,2026-08-10T00:23:59.000Z,agent-30,voltage-io,cloud,4945,EUR,approved,captured,ev_dmd587
2290,2026-08-10T00:51:59.000Z,agent-27,lumen-post,software,11882,EUR,declined,none,ev_fqoozu
2291,2026-08-10T02:17:02.000Z,agent-33,granite-crm,domains,9688,EUR,approved,captured,ev_bvt0yw
2292,2026-08-10T02:49:09.000Z,agent-11,railsgate,groceries,10791,EUR,approved,captured,ev_cbgt4s
2293,2026-08-10T03:01:38.000Z,agent-36,arkwright-domains,cloud,17470,EUR,approved,captured,ev_54ex6n
2294,2026-08-10T03:12:19.000Z,agent-40,summit-infra,domains,4523,EUR,approved,captured,ev_pc818
2295,2026-08-10T03:15:07.000Z,agent-34,orchid-labs,cloud,31020,EUR,approved,captured,ev_br0ijv
2296,2026-08-10T03:57:28.000Z,agent-08,orchid-labs,office,7877,EUR,approved,captured,ev_6gpeuw
2297,2026-08-10T04:24:23.000Z,agent-39,kestrel-metrics,cloud,5711,EUR,approved,captured,ev_1ck0d0
2298,2026-08-10T05:38:53.000Z,agent-13,bytehost,travel,24495,EUR,approved,captured,ev_4mbeya
2299,2026-08-10T07:55:31.000Z,agent-31,summit-infra,hosting,6080,EUR,approved,captured,ev_150mky
2300,2026-08-10T08:08:52.000Z,agent-26,cinderstack,travel,22991,EUR,approved,captured,ev_a3jq8c
2301,2026-08-10T08:20:05.000Z,agent-33,bytehost,domains,6825,EUR,approved,captured,ev_9giov
2302,2026-08-10T08:54:03.000Z,agent-07,juniper-ai,groceries,5418,EUR,approved,captured,ev_56z1o
2303,2026-08-10T09:04:40.000Z,agent-06,summit-infra,advertising,3810,EUR,approved,captured,ev_cr4myr
2304,2026-08-10T09:58:00.000Z,agent-15,mineral-storage,office,20832,EUR,approved,captured,ev_9ck3re
2305,2026-08-10T10:18:03.000Z,agent-09,lumen-post,office,9109,EUR,approved,captured,ev_43j2of
2306,2026-08-10T10:18:19.000Z,agent-24,meridian-cdn,domains,11897,EUR,approved,captured,ev_3c0rhp
2307,2026-08-10T10:18:29.000Z,agent-36,cobblestone-dev,office,24045,EUR,approved,captured,ev_ezfo6k
2308,2026-08-10T10:38:42.000Z,agent-18,juniper-ai,office,9966,EUR,approved,captured,ev_8sym46
2309,2026-08-10T10:49:44.000Z,agent-32,orchid-labs,office,11823,EUR,approved,captured,ev_3liufm
2310,2026-08-10T10:54:21.000Z,agent-05,atlas-mail,travel,8244,EUR,approved,refunded,ev_84luy7
2311,2026-08-10T11:36:08.000Z,agent-06,orchid-labs,advertising,17890,EUR,approved,captured,ev_7coejs
2312,2026-08-10T11:38:25.000Z,agent-19,orchid-labs,cloud,9933,EUR,approved,captured,ev_6xtgzx
2313,2026-08-10T11:50:41.000Z,agent-14,pinecrest-apps,advertising,2117,EUR,approved,captured,ev_ado9cf
2314,2026-08-10T12:06:56.000Z,agent-07,ferrodata,cloud,8046,EUR,approved,captured,ev_b5j9ad
2315,2026-08-10T12:09:35.000Z,agent-23,mineral-storage,advertising,3831,EUR,approved,captured,ev_b6ipnr
2316,2026-08-10T12:41:36.000Z,agent-19,quillpress,groceries,5066,EUR,approved,captured,ev_e09xw
2317,2026-08-10T13:55:12.000Z,agent-40,cobblestone-dev,travel,5646,EUR,approved,captured,ev_5l98ea
2318,2026-08-10T13:59:28.000Z,agent-14,quillpress,cloud,17348,EUR,approved,captured,ev_93qglf
2319,2026-08-10T14:18:37.000Z,agent-20,cobalt-cloud,office,5024,EUR,approved,captured,ev_2r176z
2320,2026-08-10T15:26:32.000Z,agent-12,kestrel-metrics,software,16143,EUR,approved,captured,ev_3jz7oc
2321,2026-08-10T15:37:34.000Z,agent-28,bytehost,travel,17406,EUR,approved,captured,ev_3qnnqf
2322,2026-08-10T15:47:25.000Z,agent-29,lumen-post,software,4614,EUR,approved,captured,ev_6m7rkr
2323,2026-08-10T16:16:34.000Z,agent-12,railsgate,travel,7556,EUR,approved,captured,ev_axxdex
2324,2026-08-10T16:28:06.000Z,agent-14,pinecrest-apps,domains,3681,EUR,approved,captured,ev_6brbpj
2325,2026-08-10T16:37:56.000Z,agent-35,cobblestone-dev,hosting,14015,EUR,approved,captured,ev_1gxsn5
2326,2026-08-10T17:28:42.000Z,agent-27,atlas-mail,advertising,7384,EUR,approved,captured,ev_akw6rc
2327,2026-08-10T17:30:04.000Z,agent-22,cobalt-cloud,office,4446,EUR,approved,captured,ev_a1x29x
2328,2026-08-10T17:50:16.000Z,agent-29,voltage-io,hosting,15179,EUR,approved,captured,ev_byjb1w
2329,2026-08-10T18:50:57.000Z,agent-16,kestrel-metrics,cloud,22748,EUR,approved,failed,ev_dqraok
2330,2026-08-10T18:52:56.000Z,agent-09,bytehost,groceries,5188,EUR,approved,captured,ev_dzmfv8
2331,2026-08-10T18:55:46.000Z,agent-17,summit-infra,cloud,4287,EUR,declined,none,ev_thixt
2332,2026-08-10T19:00:47.000Z,agent-12,railsgate,travel,6936,EUR,approved,captured,ev_xa9qp
2333,2026-08-10T19:16:14.000Z,agent-08,atlas-mail,software,8225,EUR,approved,captured,ev_c3n5db
2334,2026-08-10T19:30:00.000Z,agent-38,juniper-ai,advertising,12635,EUR,approved,captured,ev_1o17uk
2335,2026-08-10T20:34:26.000Z,agent-21,cinderstack,groceries,8909,EUR,approved,captured,ev_bjlzp3
2336,2026-08-10T21:27:17.000Z,agent-18,orchid-labs,travel,7521,EUR,approved,captured,ev_aw66x
2337,2026-08-10T21:30:31.000Z,agent-08,arkwright-domains,software,4286,EUR,approved,captured,ev_r0jls
2338,2026-08-10T21:38:48.000Z,agent-39,kestrel-metrics,groceries,12875,EUR,approved,captured,ev_6v2sk9
2339,2026-08-10T21:44:31.000Z,agent-29,mineral-storage,advertising,16932,EUR,approved,captured,ev_bisyh4
2340,2026-08-10T23:25:53.000Z,agent-37,mineral-storage,travel,24479,EUR,approved,captured,ev_czmff9
2341,2026-08-10T23:43:42.000Z,agent-10,vellum-crm,software,5694,EUR,approved,captured,ev_5k66hr
2342,2026-08-11T00:04:42.000Z,agent-33,orchid-labs,groceries,5878,EUR,declined,none,ev_eez8mg
2343,2026-08-11T00:21:57.000Z,agent-35,bytehost,office,4916,EUR,approved,failed,ev_467u0f
2344,2026-08-11T00:36:22.000Z,agent-14,summit-infra,domains,12617,EUR,approved,captured,ev_f4n2wt
2345,2026-08-11T00:54:41.000Z,agent-39,kestrel-metrics,cloud,5737,EUR,approved,captured,ev_1x1x2b
2346,2026-08-11T01:43:05.000Z,agent-35,bytehost,travel,5179,EUR,approved,captured,ev_e1f64e
2347,2026-08-11T02:38:10.000Z,agent-34,cobblestone-dev,hosting,5745,EUR,approved,captured,ev_fybnvs
2348,2026-08-11T02:42:33.000Z,agent-40,orchid-labs,domains,7809,EUR,approved,captured,ev_9bxvxg
2349,2026-08-11T02:50:33.000Z,agent-25,cobalt-cloud,cloud,7517,EUR,approved,captured,ev_63nel2
2350,2026-08-11T03:06:27.000Z,agent-21,orchid-labs,cloud,6398,EUR,approved,captured,ev_evv4e1
2351,2026-08-11T03:47:27.000Z,agent-09,atlas-mail,groceries,12355,EUR,approved,captured,ev_5bqem5
2352,2026-08-11T04:04:10.000Z,agent-06,railsgate,travel,7410,EUR,approved,captured,ev_aoffet
2353,2026-08-11T04:10:33.000Z,agent-13,orchid-labs,cloud,11170,EUR,approved,captured,ev_a3z7p4
2354,2026-08-11T04:29:05.000Z,agent-09,ferrite-tools,software,5489,EUR,declined,none,ev_2t4po3
2355,2026-08-11T04:52:24.000Z,agent-31,orchid-labs,hosting,7752,EUR,approved,failed,ev_drngq
2356,2026-08-11T05:09:13.000Z,agent-13,meridian-cdn,software,4959,EUR,approved,captured,ev_8qomjh
2357,2026-08-11T05:15:35.000Z,agent-07,voltage-io,cloud,5825,EUR,approved,captured,ev_ac7ztj
2358,2026-08-11T05:18:48.000Z,agent-09,mineral-storage,hosting,5653,EUR,approved,captured,ev_5wycwn
2359,2026-08-11T05:40:03.000Z,agent-17,arkwright-domains,travel,14264,EUR,declined,none,ev_b8syg7
2360,2026-08-11T06:07:35.000Z,agent-34,orchid-labs,office,8631,EUR,declined,none,ev_ersyso
2361,2026-08-11T06:21:47.000Z,agent-05,bytehost,software,14505,EUR,approved,captured,ev_duv8z8
2362,2026-08-11T06:29:06.000Z,agent-30,lumen-post,cloud,7945,EUR,approved,captured,ev_byjx79
2363,2026-08-11T08:16:16.000Z,agent-19,ferrodata,advertising,4763,EUR,approved,captured,ev_5aucma
2364,2026-08-11T08:53:46.000Z,agent-36,granite-crm,software,6520,EUR,approved,captured,ev_9pbb4x
2365,2026-08-11T09:13:11.000Z,agent-24,bytehost,cloud,3424,EUR,approved,captured,ev_buobrc
2366,2026-08-11T10:06:39.000Z,agent-11,lumen-post,software,15062,EUR,approved,captured,ev_a8p8ni
2367,2026-08-11T11:00:59.000Z,agent-16,cobblestone-dev,groceries,11208,EUR,approved,captured,ev_e9dmbu
2368,2026-08-11T12:58:33.000Z,agent-15,arkwright-domains,travel,8250,EUR,approved,captured,ev_2au206
2369,2026-08-11T13:21:56.000Z,agent-38,ferrite-tools,office,10682,EUR,approved,captured,ev_5hz22n
2370,2026-08-11T13:25:51.000Z,agent-39,beacon-auth,office,8459,EUR,approved,refunded,ev_3bb0fe
2371,2026-08-11T14:22:05.000Z,agent-29,vellum-crm,hosting,12593,EUR,approved,captured,ev_ahxa7v
2372,2026-08-11T14:24:17.000Z,agent-10,juniper-ai,office,11939,EUR,approved,captured,ev_4h992i
2373,2026-08-11T14:44:27.000Z,agent-07,meridian-cdn,hosting,12344,EUR,approved,captured,ev_1sndcc
2374,2026-08-11T14:46:00.000Z,agent-17,kestrel-metrics,domains,11076,EUR,approved,captured,ev_3q2jzd
2375,2026-08-11T14:55:16.000Z,agent-26,quillpress,groceries,8211,EUR,approved,refunded,ev_fkvsf
2376,2026-08-11T14:56:03.000Z,agent-28,atlas-mail,cloud,4222,EUR,approved,captured,ev_arkhmy
2377,2026-08-11T15:25:27.000Z,agent-16,northline-api,cloud,17284,EUR,approved,failed,ev_c3ww4o
2378,2026-08-11T16:52:18.000Z,agent-22,quillpress,office,9963,EUR,approved,refunded,ev_ecz1eb
2379,2026-08-11T16:58:18.000Z,agent-20,granite-crm,domains,9336,EUR,approved,captured,ev_9rjlec
2380,2026-08-11T16:59:07.000Z,agent-19,pierstone-pay,office,6039,EUR,approved,captured,ev_cf8ggc
2381,2026-08-11T17:49:13.000Z,agent-27,voltage-io,domains,8424,EUR,approved,captured,ev_f6cqfy
2382,2026-08-11T18:07:46.000Z,agent-14,granite-crm,hosting,21570,EUR,approved,captured,ev_5q98cv
2383,2026-08-11T18:14:43.000Z,agent-12,lumen-post,domains,7017,EUR,approved,captured,ev_ehokax
2384,2026-08-11T18:30:24.000Z,agent-23,kestrel-metrics,travel,3523,EUR,approved,captured,ev_el27sy
2385,2026-08-11T18:59:54.000Z,agent-32,bytehost,hosting,5893,EUR,approved,refunded,ev_7xllyt
2386,2026-08-11T20:32:36.000Z,agent-10,cobalt-cloud,advertising,11280,EUR,declined,none,ev_6gws6m
2387,2026-08-11T20:33:13.000Z,agent-27,atlas-mail,hosting,7043,EUR,approved,captured,ev_adtal1
2388,2026-08-11T20:45:01.000Z,agent-09,orchid-labs,groceries,12070,EUR,approved,captured,ev_b98j16
2389,2026-08-11T21:24:47.000Z,agent-33,bytehost,advertising,15654,EUR,approved,captured,ev_75ia3m
2390,2026-08-11T21:39:05.000Z,agent-08,pierstone-pay,travel,9594,EUR,approved,failed,ev_spwm0
2391,2026-08-11T22:35:08.000Z,agent-12,kestrel-metrics,cloud,9262,EUR,approved,captured,ev_2nxm0d
2392,2026-08-11T22:48:04.000Z,agent-21,cinderstack,groceries,9849,EUR,approved,captured,ev_enyfcj
2393,2026-08-11T23:13:25.000Z,agent-38,summit-infra,software,11735,EUR,approved,captured,ev_9k52ri
2394,2026-08-12T00:22:54.000Z,agent-29,cobalt-cloud,hosting,15180,EUR,approved,captured,ev_dobx2g
2395,2026-08-12T01:25:45.000Z,agent-26,ferrodata,cloud,7375,EUR,approved,captured,ev_bkhxkr
2396,2026-08-12T01:36:51.000Z,agent-37,northline-api,software,11659,EUR,approved,captured,ev_2mjg4k
2397,2026-08-12T02:23:09.000Z,agent-06,mineral-storage,office,7427,EUR,approved,captured,ev_4c5g1f
2398,2026-08-12T02:26:39.000Z,agent-15,voltage-io,domains,6137,EUR,approved,captured,ev_7xv479
2399,2026-08-12T03:14:59.000Z,agent-10,bytehost,travel,5899,EUR,approved,captured,ev_35kpvq
2400,2026-08-12T03:27:52.000Z,agent-13,meridian-cdn,groceries,6517,EUR,approved,captured,ev_6ifzid
2401,2026-08-12T03:30:29.000Z,agent-05,atlas-mail,travel,7317,EUR,approved,captured,ev_7eo37d
2402,2026-08-12T03:39:16.000Z,agent-30,orchid-labs,software,5637,EUR,approved,captured,ev_ddfk6b
2403,2026-08-12T03:44:22.000Z,agent-18,cinderstack,cloud,7844,EUR,approved,captured,ev_duykyw
2404,2026-08-12T03:56:51.000Z,agent-10,mineral-storage,office,4873,EUR,approved,captured,ev_38avd6
2405,2026-08-12T06:28:54.000Z,agent-25,voltage-io,cloud,9642,EUR,approved,refunded,ev_9ok2yc
2406,2026-08-12T06:37:01.000Z,agent-11,quillpress,domains,20507,EUR,approved,captured,ev_bvi0n5
2407,2026-08-12T06:51:15.000Z,agent-35,quillpress,software,9045,EUR,declined,none,ev_5rfzv6
2408,2026-08-12T06:52:38.000Z,agent-34,northline-api,cloud,23700,EUR,approved,captured,ev_3qd8vv
2409,2026-08-12T07:40:26.000Z,agent-28,voltage-io,groceries,8841,EUR,approved,captured,ev_3gbx5r
2410,2026-08-12T07:40:49.000Z,agent-22,atlas-mail,software,19921,EUR,declined,none,ev_bm7gfn
2411,2026-08-12T08:12:43.000Z,agent-16,summit-infra,software,22259,EUR,approved,captured,ev_csu6gx
2412,2026-08-12T08:28:48.000Z,agent-14,summit-infra,domains,11795,EUR,approved,captured,ev_e0lv4p
2413,2026-08-12T08:59:48.000Z,agent-20,quillpress,travel,8980,EUR,approved,captured,ev_ag9w0n
2414,2026-08-12T09:32:44.000Z,agent-40,juniper-ai,cloud,3600,EUR,approved,failed,ev_e7qzu7
2415,2026-08-12T09:55:55.000Z,agent-25,quillpress,hosting,9806,EUR,approved,failed,ev_5uwo6q
2416,2026-08-12T10:04:58.000Z,agent-31,juniper-ai,groceries,14702,EUR,approved,captured,ev_5i284e
2417,2026-08-12T10:46:21.000Z,agent-28,mineral-storage,cloud,10527,EUR,approved,captured,ev_gh66jy
2418,2026-08-12T10:55:49.000Z,agent-33,kestrel-metrics,office,10477,EUR,approved,captured,ev_1avaug
2419,2026-08-12T11:07:05.000Z,agent-07,northline-api,groceries,27874,EUR,approved,captured,ev_6qqjs
2420,2026-08-12T11:39:54.000Z,agent-19,kestrel-metrics,groceries,7621,EUR,approved,captured,ev_fj96un
2421,2026-08-12T12:16:06.000Z,agent-38,cobalt-cloud,office,16035,EUR,approved,captured,ev_g0vqqn
2422,2026-08-12T12:29:19.000Z,agent-21,bytehost,advertising,10210,EUR,declined,none,ev_3nspuv
2423,2026-08-12T12:33:22.000Z,agent-24,cobblestone-dev,domains,36351,EUR,approved,captured,ev_8xm9id
2424,2026-08-12T13:01:56.000Z,agent-05,meridian-cdn,office,4785,EUR,approved,captured,ev_21pngy
2425,2026-08-12T13:55:06.000Z,agent-09,juniper-ai,software,3240,EUR,approved,captured,ev_4imeu9
2426,2026-08-12T13:56:48.000Z,agent-29,pinecrest-apps,groceries,5425,EUR,approved,captured,ev_fhcvk9
2427,2026-08-12T14:40:50.000Z,agent-36,pierstone-pay,advertising,36818,EUR,approved,captured,ev_6zqfu6
2428,2026-08-12T15:54:09.000Z,agent-28,granite-crm,advertising,6767,EUR,approved,captured,ev_9j9e32
2429,2026-08-12T15:59:47.000Z,agent-36,northline-api,hosting,8338,EUR,approved,captured,ev_6pxhpc
2430,2026-08-12T16:34:53.000Z,agent-14,harbor-db,office,8424,EUR,approved,captured,ev_kyq5a
2431,2026-08-12T16:36:56.000Z,agent-13,pierstone-pay,software,28325,EUR,approved,captured,ev_c63zkr
2432,2026-08-12T16:38:40.000Z,agent-29,kestrel-metrics,hosting,12645,EUR,approved,captured,ev_6aewjx
2433,2026-08-12T16:57:06.000Z,agent-34,beacon-auth,office,21225,EUR,approved,captured,ev_9w1a9l
2434,2026-08-12T17:15:48.000Z,agent-06,bytehost,software,7821,EUR,approved,captured,ev_b0dtsm
2435,2026-08-12T17:24:41.000Z,agent-38,arkwright-domains,travel,14545,EUR,approved,captured,ev_bkgh82
2436,2026-08-12T17:28:20.000Z,agent-39,lumen-post,groceries,8796,EUR,approved,captured,ev_dffbws
2437,2026-08-12T18:59:21.000Z,agent-17,ferrodata,office,19822,EUR,approved,captured,ev_7i26oh
2438,2026-08-12T19:21:10.000Z,agent-23,cobblestone-dev,travel,12898,EUR,approved,captured,ev_gfgl5y
2439,2026-08-12T20:45:12.000Z,agent-37,northline-api,cloud,10858,EUR,approved,captured,ev_1jnem1
2440,2026-08-12T20:45:40.000Z,agent-27,harbor-db,groceries,9682,EUR,approved,captured,ev_9jwrwp
2441,2026-08-12T20:48:00.000Z,agent-33,kestrel-metrics,hosting,9360,EUR,approved,captured,ev_dczpm5
2442,2026-08-12T21:12:15.000Z,agent-25,lumen-post,groceries,14394,EUR,approved,captured,ev_excbgh
2443,2026-08-12T22:08:56.000Z,agent-10,kestrel-metrics,groceries,8941,EUR,declined,none,ev_9ofxjy
2444,2026-08-12T22:17:19.000Z,agent-15,cinderstack,advertising,6497,EUR,approved,captured,ev_3qgtlb
2445,2026-08-12T23:22:10.000Z,agent-38,juniper-ai,cloud,4676,EUR,approved,captured,ev_bj0wrx
2446,2026-08-12T23:59:10.000Z,agent-07,juniper-ai,hosting,11645,EUR,approved,captured,ev_2n27u
2447,2026-08-13T00:22:23.000Z,agent-29,pierstone-pay,groceries,4244,EUR,approved,captured,ev_b6hge6
2448,2026-08-13T01:18:10.000Z,agent-09,quillpress,domains,8501,EUR,approved,captured,ev_dfmt1d
2449,2026-08-13T01:22:44.000Z,agent-32,lumen-post,office,8475,EUR,approved,captured,ev_6259q7
2450,2026-08-13T01:50:59.000Z,agent-34,beacon-auth,office,8020,EUR,approved,captured,ev_arvuju
2451,2026-08-13T03:23:57.000Z,agent-12,ferrodata,advertising,16068,EUR,declined,none,ev_2sboq0
2452,2026-08-13T03:43:35.000Z,agent-11,juniper-ai,hosting,10900,EUR,approved,failed,ev_zui46
2453,2026-08-13T04:54:33.000Z,agent-08,cobblestone-dev,hosting,10553,EUR,approved,captured,ev_dpo8zd
2454,2026-08-13T05:19:52.000Z,agent-25,vellum-crm,hosting,20334,EUR,approved,captured,ev_86anu3
2455,2026-08-13T05:50:43.000Z,agent-26,kestrel-metrics,software,13175,EUR,approved,captured,ev_ckaebs
2456,2026-08-13T07:10:55.000Z,agent-23,arkwright-domains,cloud,3693,EUR,approved,failed,ev_2wro8
2457,2026-08-13T07:34:40.000Z,agent-24,granite-crm,travel,9919,EUR,approved,captured,ev_5bf4kf
2458,2026-08-13T08:03:24.000Z,agent-35,harbor-db,software,11757,EUR,approved,captured,ev_7gk9me
2459,2026-08-13T08:12:11.000Z,agent-16,pinecrest-apps,office,4244,EUR,approved,captured,ev_dwmgyr
2460,2026-08-13T08:30:38.000Z,agent-22,bytehost,travel,8517,EUR,approved,captured,ev_7lv7w8
2461,2026-08-13T08:34:16.000Z,agent-05,lumen-post,groceries,6702,EUR,approved,captured,ev_45neiu
2462,2026-08-13T08:53:59.000Z,agent-40,granite-crm,office,11800,EUR,approved,captured,ev_cs3uby
2463,2026-08-13T09:53:35.000Z,agent-38,cinderstack,software,17635,EUR,approved,captured,ev_2lzi8a
2464,2026-08-13T10:44:27.000Z,agent-21,harbor-db,hosting,3420,EUR,approved,captured,ev_7rf89p
2465,2026-08-13T11:11:51.000Z,agent-30,mineral-storage,travel,6446,EUR,approved,captured,ev_4mu43j
2466,2026-08-13T12:01:43.000Z,agent-18,railsgate,cloud,8606,EUR,approved,captured,ev_bh8dgp
2467,2026-08-13T12:20:09.000Z,agent-33,quillpress,groceries,15249,EUR,approved,captured,ev_5do5k7
2468,2026-08-13T12:33:44.000Z,agent-23,summit-infra,office,8653,EUR,approved,captured,ev_49y039
2469,2026-08-13T12:36:06.000Z,agent-06,ferrite-tools,office,5589,EUR,approved,captured,ev_4x4ho5
2470,2026-08-13T12:56:10.000Z,agent-20,harbor-db,groceries,13688,EUR,approved,refunded,ev_7zfbz
2471,2026-08-13T13:01:24.000Z,agent-27,ferrodata,hosting,12146,EUR,approved,captured,ev_71jbxq
2472,2026-08-13T13:19:01.000Z,agent-31,quillpress,advertising,10247,EUR,approved,captured,ev_7si9cl
2473,2026-08-13T14:05:01.000Z,agent-17,meridian-cdn,travel,5507,EUR,approved,captured,ev_vxh6e
2474,2026-08-13T14:19:41.000Z,agent-20,granite-crm,domains,9481,EUR,approved,captured,ev_71nlbe
2475,2026-08-13T15:08:45.000Z,agent-24,kestrel-metrics,travel,8420,EUR,approved,captured,ev_fkwzfy
2476,2026-08-13T16:33:49.000Z,agent-12,pierstone-pay,cloud,2904,EUR,approved,refunded,ev_a4jv8o
2477,2026-08-13T16:36:01.000Z,agent-25,cobblestone-dev,software,24994,EUR,approved,captured,ev_6at2yd
2478,2026-08-13T16:58:06.000Z,agent-30,bytehost,software,7308,EUR,approved,refunded,ev_9kx8xe
2479,2026-08-13T17:09:49.000Z,agent-37,cinderstack,cloud,18425,EUR,approved,captured,ev_fovkni
2480,2026-08-13T17:20:03.000Z,agent-05,beacon-auth,hosting,9330,EUR,approved,captured,ev_4icljo
2481,2026-08-13T17:45:23.000Z,agent-24,northline-api,advertising,12426,EUR,approved,captured,ev_1yb1yv
2482,2026-08-13T18:05:29.000Z,agent-37,vellum-crm,office,12913,EUR,approved,failed,ev_6fgji7
2483,2026-08-13T18:14:44.000Z,agent-14,cinderstack,software,2360,EUR,approved,captured,ev_4szp9d
2484,2026-08-13T18:57:08.000Z,agent-40,pierstone-pay,travel,21613,EUR,approved,captured,ev_1897q9
2485,2026-08-13T19:14:29.000Z,agent-36,lumen-post,software,9799,EUR,approved,captured,ev_5kvuhj
2486,2026-08-13T19:16:21.000Z,agent-19,orchid-labs,groceries,7572,EUR,approved,captured,ev_e71pv
2487,2026-08-13T20:05:49.000Z,agent-13,harbor-db,cloud,8755,EUR,approved,captured,ev_28mv5r
2488,2026-08-13T20:15:14.000Z,agent-34,bytehost,advertising,9860,EUR,approved,captured,ev_ewkpg1
2489,2026-08-13T20:23:24.000Z,agent-07,summit-infra,domains,4179,EUR,approved,captured,ev_bnetvt
2490,2026-08-13T20:40:08.000Z,agent-28,arkwright-domains,cloud,10584,EUR,approved,captured,ev_5773k2
2491,2026-08-13T21:10:39.000Z,agent-40,harbor-db,hosting,18560,EUR,approved,captured,ev_fkinmq
2492,2026-08-13T21:12:52.000Z,agent-12,vellum-crm,groceries,15120,EUR,approved,captured,ev_3k9iss
2493,2026-08-13T21:32:11.000Z,agent-28,lumen-post,travel,9758,EUR,approved,captured,ev_69oh8e
2494,2026-08-13T21:57:59.000Z,agent-33,bytehost,advertising,6006,EUR,approved,captured,ev_1z9rae
2495,2026-08-13T22:21:53.000Z,agent-37,summit-infra,advertising,15953,EUR,approved,failed,ev_5dyecs
2496,2026-08-13T22:23:18.000Z,agent-27,harbor-db,groceries,4726,EUR,approved,captured,ev_cpk4ep
2497,2026-08-13T22:44:24.000Z,agent-17,ferrite-tools,hosting,11511,EUR,approved,captured,ev_5ramhf
2498,2026-08-13T23:44:16.000Z,agent-10,vellum-crm,cloud,33826,EUR,declined,none,ev_5irjig
2499,2026-08-13T23:44:48.000Z,agent-09,ferrite-tools,travel,4122,EUR,approved,captured,ev_23kvg5
2500,2026-08-14T00:03:32.000Z,agent-33,lumen-post,cloud,7738,EUR,approved,captured,ev_4a7lp0
2501,2026-08-14T00:10:45.000Z,agent-16,pierstone-pay,travel,6188,EUR,declined,none,ev_5i730p
2502,2026-08-14T00:13:15.000Z,agent-39,granite-crm,office,7256,EUR,approved,captured,ev_7p3r4l
2503,2026-08-14T01:05:01.000Z,agent-35,quillpress,office,40259,EUR,approved,captured,ev_a0bdt5
2504,2026-08-14T01:27:56.000Z,agent-26,cinderstack,cloud,5249,EUR,approved,captured,ev_ahltj4
2505,2026-08-14T01:33:16.000Z,agent-05,railsgate,hosting,15434,EUR,approved,captured,ev_7oiuhb
2506,2026-08-14T02:13:34.000Z,agent-35,cobalt-cloud,groceries,6974,EUR,approved,captured,ev_62f409
2507,2026-08-14T02:14:33.000Z,agent-15,vellum-crm,groceries,12975,EUR,approved,captured,ev_fcei19
2508,2026-08-14T02:33:14.000Z,agent-23,ferrodata,cloud,10433,EUR,approved,captured,ev_f4wwnw
2509,2026-08-14T03:42:02.000Z,agent-22,bytehost,advertising,5444,EUR,approved,captured,ev_fvpr5o
2510,2026-08-14T04:01:23.000Z,agent-29,northline-api,domains,8642,EUR,approved,captured,ev_dstlqm
2511,2026-08-14T04:16:43.000Z,agent-31,ferrodata,software,9666,EUR,approved,captured,ev_38qlf0
2512,2026-08-14T05:07:11.000Z,agent-31,railsgate,travel,6796,EUR,approved,captured,ev_567dw0
2513,2026-08-14T05:24:19.000Z,agent-18,ferrodata,hosting,12473,EUR,approved,captured,ev_7mb27u
2514,2026-08-14T05:52:48.000Z,agent-12,quillpress,travel,4029,EUR,approved,captured,ev_5vwjyw
2515,2026-08-14T06:55:58.000Z,agent-10,kestrel-metrics,advertising,7852,EUR,declined,none,ev_a68xyt
2516,2026-08-14T07:25:58.000Z,agent-35,ferrite-tools,office,10060,EUR,approved,captured,ev_ez3ao5
2517,2026-08-14T08:12:32.000Z,agent-32,kestrel-metrics,travel,8336,EUR,approved,captured,ev_egvtgw
2518,2026-08-14T08:33:23.000Z,agent-08,bytehost,advertising,6603,EUR,declined,none,ev_891b7k
2519,2026-08-14T09:33:25.000Z,agent-20,ferrite-tools,software,6229,EUR,approved,captured,ev_1d3gfb
2520,2026-08-14T09:39:21.000Z,agent-09,lumen-post,software,12273,EUR,approved,captured,ev_8voxj4
2521,2026-08-14T09:48:54.000Z,agent-27,bytehost,hosting,4372,EUR,approved,captured,ev_d7qitb
2522,2026-08-14T09:59:16.000Z,agent-28,ferrodata,domains,14447,EUR,approved,captured,ev_1ktdfm
2523,2026-08-14T10:13:37.000Z,agent-18,voltage-io,hosting,5439,EUR,approved,captured,ev_7w6k7a
2524,2026-08-14T10:18:27.000Z,agent-06,orchid-labs,cloud,15820,EUR,approved,captured,ev_1ez72t
2525,2026-08-14T10:46:51.000Z,agent-21,harbor-db,advertising,3249,EUR,approved,captured,ev_18xuas
2526,2026-08-14T11:06:11.000Z,agent-25,ferrite-tools,groceries,6924,EUR,approved,captured,ev_3xhejb
2527,2026-08-14T11:07:34.000Z,agent-12,atlas-mail,office,8378,EUR,approved,captured,ev_cvwp4
2528,2026-08-14T11:39:48.000Z,agent-11,bytehost,cloud,2752,EUR,approved,captured,ev_25hahu
2529,2026-08-14T12:30:36.000Z,agent-23,kestrel-metrics,cloud,10942,EUR,approved,captured,ev_e3w49y
2530,2026-08-14T12:38:16.000Z,agent-27,ferrodata,hosting,2814,EUR,approved,captured,ev_dhq8n7
2531,2026-08-14T13:35:02.000Z,agent-36,arkwright-domains,groceries,15102,EUR,approved,refunded,ev_45tvkm
2532,2026-08-14T14:27:46.000Z,agent-20,lumen-post,office,12792,EUR,approved,captured,ev_4a49cc
2533,2026-08-14T15:56:30.000Z,agent-38,quillpress,software,5762,EUR,approved,captured,ev_f5vifr
2534,2026-08-14T16:08:56.000Z,agent-39,meridian-cdn,travel,5390,EUR,approved,captured,ev_ewfj97
2535,2026-08-14T16:44:48.000Z,agent-37,voltage-io,travel,9358,EUR,approved,captured,ev_cor2g5
2536,2026-08-14T17:29:53.000Z,agent-12,pinecrest-apps,travel,5928,EUR,approved,captured,ev_cyojl
2537,2026-08-14T17:31:06.000Z,agent-24,granite-crm,hosting,5043,EUR,approved,captured,ev_f0s5am
2538,2026-08-14T17:52:27.000Z,agent-34,atlas-mail,domains,9301,EUR,approved,captured,ev_mghqm
2539,2026-08-14T17:52:40.000Z,agent-27,summit-infra,travel,11712,EUR,approved,captured,ev_gikntc
2540,2026-08-14T18:06:25.000Z,agent-29,lumen-post,groceries,8123,EUR,approved,captured,ev_4dt4fk
2541,2026-08-14T18:16:57.000Z,agent-30,kestrel-metrics,advertising,5424,EUR,approved,captured,ev_4svznp
2542,2026-08-14T18:23:18.000Z,agent-40,mineral-storage,cloud,9865,EUR,approved,captured,ev_9r2kqw
2543,2026-08-14T19:30:01.000Z,agent-27,pierstone-pay,hosting,18076,EUR,approved,captured,ev_4dzfnw
2544,2026-08-14T19:30:26.000Z,agent-33,cobblestone-dev,travel,10157,EUR,approved,failed,ev_gcx7qd
2545,2026-08-14T20:18:45.000Z,agent-19,arkwright-domains,domains,13328,EUR,approved,captured,ev_bblpht
2546,2026-08-14T20:26:07.000Z,agent-37,arkwright-domains,cloud,9938,EUR,approved,captured,ev_dh3dy7
2547,2026-08-14T20:48:12.000Z,agent-11,ferrodata,software,13403,EUR,approved,captured,ev_bm5i8c
2548,2026-08-14T21:26:59.000Z,agent-17,mineral-storage,travel,3688,EUR,approved,captured,ev_fclbba
2549,2026-08-14T22:22:04.000Z,agent-08,arkwright-domains,domains,4632,EUR,approved,captured,ev_fq4nks
2550,2026-08-14T22:55:37.000Z,agent-28,lumen-post,office,2986,EUR,approved,captured,ev_5qzsbp
2551,2026-08-14T23:32:36.000Z,agent-29,juniper-ai,domains,8196,EUR,approved,captured,ev_9sdgd8
2552,2026-08-15T00:26:15.000Z,agent-29,juniper-ai,advertising,3544,EUR,approved,captured,ev_45utp0
2553,2026-08-15T00:33:29.000Z,agent-26,ferrite-tools,hosting,13487,EUR,approved,captured,ev_g0wn7n
2554,2026-08-15T00:39:27.000Z,agent-05,ferrite-tools,advertising,5877,EUR,approved,captured,ev_6khtoq
2555,2026-08-15T01:09:32.000Z,agent-38,summit-infra,travel,11897,EUR,approved,captured,ev_4wprug
2556,2026-08-15T01:32:14.000Z,agent-14,kestrel-metrics,software,10593,EUR,approved,captured,ev_ci3gpz
2557,2026-08-15T01:49:53.000Z,agent-39,pinecrest-apps,advertising,5804,EUR,approved,captured,ev_3vsw9x
2558,2026-08-15T02:18:56.000Z,agent-07,ferrite-tools,travel,6094,EUR,approved,captured,ev_cdhri5
2559,2026-08-15T03:46:53.000Z,agent-10,cobalt-cloud,software,24308,EUR,approved,captured,ev_dh3aph
2560,2026-08-15T04:16:49.000Z,agent-15,meridian-cdn,groceries,6567,EUR,declined,none,ev_aw333y
2561,2026-08-15T04:23:25.000Z,agent-13,lumen-post,travel,5042,EUR,approved,captured,ev_43td7c
2562,2026-08-15T04:52:21.000Z,agent-11,mineral-storage,advertising,5462,EUR,approved,captured,ev_4hsxjt
2563,2026-08-15T06:13:40.000Z,agent-31,cobalt-cloud,office,5320,EUR,approved,captured,ev_2r3w3u
2564,2026-08-15T06:19:43.000Z,agent-09,meridian-cdn,domains,8453,EUR,approved,captured,ev_76g189
2565,2026-08-15T07:10:58.000Z,agent-25,cinderstack,groceries,11181,EUR,approved,captured,ev_cdaad
2566,2026-08-15T07:36:29.000Z,agent-16,pinecrest-apps,office,8871,EUR,approved,captured,ev_a0ha27
2567,2026-08-15T08:45:48.000Z,agent-35,cobalt-cloud,domains,4169,EUR,approved,captured,ev_3sik8f
2568,2026-08-15T08:59:21.000Z,agent-22,granite-crm,cloud,10322,EUR,approved,captured,ev_176645
2569,2026-08-15T09:08:39.000Z,agent-21,summit-infra,hosting,6001,EUR,approved,captured,ev_8xtpx4
2570,2026-08-15T09:50:53.000Z,agent-06,vellum-crm,travel,6044,EUR,approved,captured,ev_bown6z
2571,2026-08-15T10:32:52.000Z,agent-37,juniper-ai,office,7152,EUR,approved,captured,ev_m1vus
2572,2026-08-15T11:24:22.000Z,agent-20,juniper-ai,domains,10515,EUR,approved,captured,ev_2hwlvj
2573,2026-08-15T11:37:39.000Z,agent-13,lumen-post,domains,11286,EUR,approved,captured,ev_1icc2g
2574,2026-08-15T12:32:25.000Z,agent-32,summit-infra,hosting,18120,EUR,approved,captured,ev_cn4vbw
2575,2026-08-15T13:11:37.000Z,agent-14,vellum-crm,advertising,9355,EUR,approved,captured,ev_5jo92l
2576,2026-08-15T13:31:12.000Z,agent-29,pinecrest-apps,advertising,17156,EUR,approved,captured,ev_2d937r
2577,2026-08-15T14:35:50.000Z,agent-28,northline-api,groceries,2316,EUR,approved,captured,ev_5ndbx8
2578,2026-08-15T15:00:21.000Z,agent-40,lumen-post,travel,5757,EUR,declined,none,ev_7sd0nw
2579,2026-08-15T15:07:28.000Z,agent-18,northline-api,groceries,12410,EUR,approved,captured,ev_8nxpao
2580,2026-08-15T15:54:29.000Z,agent-36,voltage-io,travel,7568,EUR,approved,failed,ev_fh2bel
2581,2026-08-15T16:02:05.000Z,agent-34,pinecrest-apps,domains,11172,EUR,approved,captured,ev_5rsgn7
2582,2026-08-15T16:02:23.000Z,agent-05,summit-infra,domains,4374,EUR,approved,captured,ev_a2xnu
2583,2026-08-15T16:09:43.000Z,agent-25,kestrel-metrics,hosting,7577,EUR,approved,captured,ev_38b9bg
2584,2026-08-15T16:10:47.000Z,agent-19,lumen-post,office,12385,EUR,approved,captured,ev_d9la35
2585,2026-08-15T16:21:05.000Z,agent-38,pinecrest-apps,travel,5603,EUR,approved,captured,ev_duq13z
2586,2026-08-15T16:21:28.000Z,agent-27,pierstone-pay,software,1947,EUR,declined,none,ev_5gv20v
2587,2026-08-15T16:41:44.000Z,agent-26,pierstone-pay,cloud,11674,EUR,declined,none,ev_7hs4f6
2588,2026-08-15T17:10:24.000Z,agent-23,vellum-crm,groceries,13207,EUR,approved,captured,ev_ct10r2
2589,2026-08-15T17:23:58.000Z,agent-34,orchid-labs,travel,9695,EUR,approved,captured,ev_g4sxvj
2590,2026-08-15T17:30:54.000Z,agent-26,orchid-labs,domains,10859,EUR,approved,captured,ev_a6v3rb
2591,2026-08-15T18:28:06.000Z,agent-26,cobblestone-dev,hosting,10196,EUR,approved,captured,ev_d13ztu
2592,2026-08-15T19:36:31.000Z,agent-15,beacon-auth,hosting,18376,EUR,approved,captured,ev_ewhulv
2593,2026-08-15T20:12:17.000Z,agent-19,pierstone-pay,software,9452,EUR,declined,none,ev_9srr9c
2594,2026-08-15T20:21:08.000Z,agent-33,beacon-auth,advertising,14323,EUR,approved,captured,ev_3ino2g
2595,2026-08-15T20:25:39.000Z,agent-30,lumen-post,hosting,9670,EUR,approved,captured,ev_a2uu9o
2596,2026-08-15T20:36:35.000Z,agent-12,juniper-ai,cloud,5467,EUR,approved,captured,ev_26j0ma
2597,2026-08-15T21:07:22.000Z,agent-37,harbor-db,office,18643,EUR,approved,captured,ev_7z0c65
2598,2026-08-15T22:41:16.000Z,agent-17,northline-api,hosting,4035,EUR,approved,captured,ev_6n3or5
2599,2026-08-15T23:06:17.000Z,agent-39,meridian-cdn,software,4849,EUR,approved,captured,ev_cb7mqe
2600,2026-08-15T23:16:35.000Z,agent-08,vellum-crm,software,5353,EUR,approved,captured,ev_dnsjbh
2601,2026-08-15T23:40:34.000Z,agent-09,ferrite-tools,domains,18436,EUR,approved,captured,ev_bxrcz3
2602,2026-08-16T00:53:14.000Z,agent-24,cobblestone-dev,cloud,13390,EUR,approved,captured,ev_fvx4oa
2603,2026-08-16T01:06:54.000Z,agent-06,juniper-ai,travel,10340,EUR,approved,captured,ev_5i887r
2604,2026-08-16T01:07:04.000Z,agent-23,northline-api,domains,2913,EUR,approved,refunded,ev_19cbye
2605,2026-08-16T03:10:19.000Z,agent-39,cobalt-cloud,cloud,14508,EUR,approved,captured,ev_43435c
2606,2026-08-16T03:19:00.000Z,agent-29,railsgate,software,10597,EUR,approved,refunded,ev_5spa69
2607,2026-08-16T03:43:19.000Z,agent-07,lumen-post,cloud,9382,EUR,approved,captured,ev_7nzzua
2608,2026-08-16T04:09:32.000Z,agent-21,arkwright-domains,advertising,5764,EUR,approved,captured,ev_cwi1to
2609,2026-08-16T05:08:54.000Z,agent-23,beacon-auth,hosting,4940,EUR,approved,captured,ev_6f52t3
2610,2026-08-16T05:14:39.000Z,agent-20,summit-infra,groceries,11218,EUR,approved,captured,ev_3f0lwp
2611,2026-08-16T05:35:26.000Z,agent-11,pierstone-pay,travel,19693,EUR,approved,captured,ev_4ks7wa
2612,2026-08-16T05:41:22.000Z,agent-16,mineral-storage,advertising,6131,EUR,approved,captured,ev_fl9t54
2613,2026-08-16T06:15:27.000Z,agent-30,northline-api,domains,16146,EUR,approved,captured,ev_cdbiyr
2614,2026-08-16T07:43:41.000Z,agent-05,cobblestone-dev,travel,14345,EUR,approved,captured,ev_92l0k7
2615,2026-08-16T07:47:09.000Z,agent-19,bytehost,domains,6205,EUR,approved,captured,ev_12rq4b
2616,2026-08-16T07:51:20.000Z,agent-08,pierstone-pay,groceries,10329,EUR,approved,captured,ev_1igv6i
2617,2026-08-16T08:03:24.000Z,agent-20,cobalt-cloud,office,28203,EUR,approved,captured,ev_bj8yve
2618,2026-08-16T09:38:12.000Z,agent-22,summit-infra,advertising,21495,EUR,approved,captured,ev_5wdw93
2619,2026-08-16T09:56:38.000Z,agent-10,ferrodata,office,14175,EUR,approved,captured,ev_6j5ht6
2620,2026-08-16T10:49:00.000Z,agent-38,railsgate,domains,6932,EUR,approved,captured,ev_fnyyxy
2621,2026-08-16T11:59:00.000Z,agent-13,northline-api,advertising,4889,EUR,approved,captured,ev_bi0cyd
2622,2026-08-16T13:15:44.000Z,agent-35,mineral-storage,office,16001,EUR,approved,refunded,ev_31j4wt
2623,2026-08-16T14:27:49.000Z,agent-19,voltage-io,software,10789,EUR,approved,captured,ev_4nmhi
2624,2026-08-16T14:29:10.000Z,agent-31,cobalt-cloud,travel,9370,EUR,approved,captured,ev_b6gsyq
2625,2026-08-16T14:37:12.000Z,agent-06,mineral-storage,domains,7026,EUR,approved,captured,ev_89if04
2626,2026-08-16T14:51:26.000Z,agent-36,lumen-post,hosting,13162,EUR,approved,captured,ev_f84wqr
2627,2026-08-16T15:07:42.000Z,agent-27,harbor-db,cloud,6102,EUR,approved,captured,ev_a950hl
2628,2026-08-16T15:08:24.000Z,agent-07,mineral-storage,advertising,5354,EUR,approved,captured,ev_d5eq9y
2629,2026-08-16T15:27:19.000Z,agent-40,quillpress,domains,8533,EUR,approved,failed,ev_cy648n
2630,2026-08-16T15:52:11.000Z,agent-26,summit-infra,travel,13582,EUR,approved,captured,ev_88fx2a
2631,2026-08-16T16:15:37.000Z,agent-05,meridian-cdn,cloud,11932,EUR,approved,captured,ev_cjst3v
2632,2026-08-16T16:23:22.000Z,agent-29,arkwright-domains,travel,7974,EUR,approved,captured,ev_2kp511
2633,2026-08-16T16:49:53.000Z,agent-32,ferrodata,office,8003,EUR,approved,captured,ev_a8djd2
2634,2026-08-16T17:10:12.000Z,agent-14,cobblestone-dev,office,4786,EUR,approved,captured,ev_5o62hl
2635,2026-08-16T17:45:13.000Z,agent-15,bytehost,advertising,10703,EUR,declined,none,ev_2fd5c4
2636,2026-08-16T17:49:49.000Z,agent-18,pierstone-pay,office,13739,EUR,approved,captured,ev_3tyu2f
2637,2026-08-16T17:54:58.000Z,agent-34,voltage-io,advertising,6608,EUR,approved,captured,ev_gamice
2638,2026-08-16T18:05:20.000Z,agent-08,pierstone-pay,travel,49074,EUR,approved,captured,ev_b7q1s4
2639,2026-08-16T18:11:59.000Z,agent-36,railsgate,cloud,4850,EUR,approved,captured,ev_9e0isf
2640,2026-08-16T18:31:11.000Z,agent-28,orchid-labs,groceries,2580,EUR,approved,captured,ev_c5brpl
2641,2026-08-16T19:18:11.000Z,agent-15,vellum-crm,groceries,3578,EUR,approved,captured,ev_btfftc
2642,2026-08-16T19:38:14.000Z,agent-33,bytehost,hosting,12671,EUR,approved,captured,ev_wcmln
2643,2026-08-16T21:25:00.000Z,agent-35,railsgate,travel,7644,EUR,approved,failed,ev_cyam0y
2644,2026-08-16T21:30:17.000Z,agent-37,cobalt-cloud,office,5077,EUR,approved,captured,ev_a3tv1s
2645,2026-08-16T21:51:07.000Z,agent-05,meridian-cdn,advertising,9015,EUR,approved,captured,ev_5wror4
2646,2026-08-16T21:53:41.000Z,agent-25,railsgate,travel,7685,EUR,declined,none,ev_bj8tsf
2647,2026-08-16T21:59:56.000Z,agent-40,mineral-storage,domains,12604,EUR,approved,captured,ev_8j8mj4
2648,2026-08-16T23:25:42.000Z,agent-20,ferrite-tools,cloud,6539,EUR,approved,captured,ev_g4hvp2
2649,2026-08-17T01:21:25.000Z,agent-26,pinecrest-apps,cloud,12758,EUR,approved,captured,ev_9a4n9q
2650,2026-08-17T02:07:02.000Z,agent-20,cinderstack,domains,3198,EUR,approved,captured,ev_dfqjer
2651,2026-08-17T02:34:01.000Z,agent-31,pierstone-pay,office,7876,EUR,approved,captured,ev_5jqe86
2652,2026-08-17T02:49:21.000Z,agent-14,harbor-db,advertising,11334,EUR,approved,captured,ev_6f2sva
2653,2026-08-17T02:58:18.000Z,agent-13,cobblestone-dev,cloud,4617,EUR,approved,captured,ev_bume65
2654,2026-08-17T03:08:22.000Z,agent-15,kestrel-metrics,office,9402,EUR,approved,captured,ev_7ij67g
2655,2026-08-17T04:17:59.000Z,agent-12,granite-crm,hosting,7289,EUR,approved,captured,ev_f66zz2
2656,2026-08-17T05:37:47.000Z,agent-05,bytehost,domains,6136,EUR,approved,captured,ev_3i38fd
2657,2026-08-17T06:11:37.000Z,agent-17,lumen-post,travel,16803,EUR,approved,captured,ev_2tdipj
2658,2026-08-17T06:17:28.000Z,agent-22,voltage-io,travel,5774,EUR,approved,captured,ev_ezf2x1
2659,2026-08-17T06:44:58.000Z,agent-34,cobalt-cloud,software,5894,EUR,approved,captured,ev_allre2
2660,2026-08-17T06:50:40.000Z,agent-24,railsgate,domains,13973,EUR,approved,captured,ev_ejsvhy
2661,2026-08-17T06:53:32.000Z,agent-10,ferrite-tools,office,28979,EUR,approved,captured,ev_8euce1
2662,2026-08-17T07:15:19.000Z,agent-21,quillpress,office,4149,EUR,approved,captured,ev_75ho9p
2663,2026-08-17T07:20:15.000Z,agent-08,vellum-crm,travel,12062,EUR,approved,captured,ev_bno88r
2664,2026-08-17T07:29:51.000Z,agent-09,mineral-storage,hosting,10056,EUR,approved,captured,ev_bdto2a
2665,2026-08-17T07:57:52.000Z,agent-16,harbor-db,groceries,11363,EUR,approved,captured,ev_f7gs0u
2666,2026-08-17T08:37:07.000Z,agent-34,northline-api,hosting,17230,EUR,approved,captured,ev_2dkldb
2667,2026-08-17T08:40:09.000Z,agent-37,juniper-ai,travel,6667,EUR,approved,captured,ev_fzdt9q
2668,2026-08-17T09:06:32.000Z,agent-36,vellum-crm,cloud,7159,EUR,approved,refunded,ev_9omagl
2669,2026-08-17T09:18:20.000Z,agent-26,summit-infra,groceries,5658,EUR,approved,captured,ev_3d3xas
2670,2026-08-17T09:20:44.000Z,agent-39,beacon-auth,travel,13525,EUR,approved,captured,ev_do7jwd
2671,2026-08-17T09:38:50.000Z,agent-35,summit-infra,cloud,17412,EUR,approved,captured,ev_3r45rp
2672,2026-08-17T09:54:01.000Z,agent-09,ferrodata,domains,8991,EUR,approved,captured,ev_c99v74
2673,2026-08-17T09:59:32.000Z,agent-30,vellum-crm,advertising,6044,EUR,approved,captured,ev_701pbf
2674,2026-08-17T10:25:56.000Z,agent-08,meridian-cdn,cloud,7522,EUR,approved,captured,ev_2jxnzg
2675,2026-08-17T10:28:24.000Z,agent-27,beacon-auth,advertising,3712,EUR,approved,captured,ev_c1nv6
2676,2026-08-17T11:08:37.000Z,agent-11,meridian-cdn,advertising,3924,EUR,approved,captured,ev_dqcc2r
2677,2026-08-17T11:28:07.000Z,agent-23,pinecrest-apps,travel,10855,EUR,approved,captured,ev_cdnw65
2678,2026-08-17T11:28:30.000Z,agent-10,pinecrest-apps,domains,5247,EUR,approved,captured,ev_8wtx2j
2679,2026-08-17T11:39:54.000Z,agent-19,orchid-labs,groceries,4350,EUR,declined,none,ev_1ysnx1
2680,2026-08-17T11:52:34.000Z,agent-38,meridian-cdn,travel,7219,EUR,approved,captured,ev_9ygbom
2681,2026-08-17T12:12:48.000Z,agent-07,pinecrest-apps,software,15479,EUR,approved,captured,ev_6nhppq
2682,2026-08-17T12:48:18.000Z,agent-26,granite-crm,advertising,8227,EUR,approved,captured,ev_29w02g
2683,2026-08-17T12:48:29.000Z,agent-32,bytehost,office,8174,EUR,approved,captured,ev_2yhuau
2684,2026-08-17T12:57:06.000Z,agent-37,bytehost,cloud,8311,EUR,approved,captured,ev_4ryucg
2685,2026-08-17T13:19:42.000Z,agent-11,northline-api,groceries,8493,EUR,approved,captured,ev_fjf1q3
2686,2026-08-17T13:26:33.000Z,agent-16,meridian-cdn,software,11928,EUR,approved,captured,ev_15ig26
2687,2026-08-17T13:33:41.000Z,agent-09,orchid-labs,office,4842,EUR,approved,captured,ev_c5mi62
2688,2026-08-17T14:15:49.000Z,agent-10,cinderstack,groceries,3305,EUR,declined,none,ev_80jbs0
2689,2026-08-17T16:12:12.000Z,agent-33,quillpress,software,10973,EUR,approved,captured,ev_2r30tq
2690,2026-08-17T16:27:58.000Z,agent-12,cobalt-cloud,office,20753,EUR,approved,captured,ev_6fcou9
2691,2026-08-17T17:20:47.000Z,agent-15,ferrite-tools,groceries,14243,EUR,approved,captured,ev_6fwpvz
2692,2026-08-17T18:54:58.000Z,agent-39,pierstone-pay,advertising,10634,EUR,approved,captured,ev_e6z218
2693,2026-08-17T19:20:48.000Z,agent-05,lumen-post,software,4596,EUR,approved,captured,ev_euuyna
2694,2026-08-17T19:34:33.000Z,agent-30,cinderstack,software,6942,EUR,approved,captured,ev_8yi7up
2695,2026-08-17T19:58:08.000Z,agent-06,ferrite-tools,cloud,11089,EUR,approved,captured,ev_gaj8yz
2696,2026-08-17T20:13:18.000Z,agent-22,cobblestone-dev,hosting,5442,EUR,approved,captured,ev_6baoqd
2697,2026-08-17T20:58:33.000Z,agent-22,voltage-io,travel,7762,EUR,approved,captured,ev_1w9okl
2698,2026-08-17T21:43:30.000Z,agent-29,atlas-mail,groceries,4230,EUR,approved,captured,ev_6cvxj6
2699,2026-08-17T22:26:11.000Z,agent-31,beacon-auth,office,5152,EUR,approved,captured,ev_bs5q1b
2700,2026-08-17T22:45:36.000Z,agent-25,cobblestone-dev,advertising,18427,EUR,approved,captured,ev_4wlqgm
2701,2026-08-17T22:46:42.000Z,agent-12,voltage-io,groceries,15195,EUR,approved,captured,ev_10gokr
2702,2026-08-18T00:17:38.000Z,agent-30,harbor-db,groceries,7243,EUR,approved,failed,ev_36kk4r
2703,2026-08-18T00:18:32.000Z,agent-18,railsgate,hosting,7818,EUR,approved,captured,ev_a6q77c
2704,2026-08-18T00:56:46.000Z,agent-15,orchid-labs,office,26348,EUR,approved,captured,ev_c2774f
2705,2026-08-18T01:44:07.000Z,agent-40,harbor-db,domains,14709,EUR,approved,failed,ev_2ym926
2706,2026-08-18T01:54:11.000Z,agent-28,beacon-auth,cloud,9678,EUR,approved,captured,ev_51jl9x
2707,2026-08-18T02:36:00.000Z,agent-17,granite-crm,software,9460,EUR,approved,captured,ev_76rjlk
2708,2026-08-18T02:57:51.000Z,agent-36,cobblestone-dev,travel,7305,EUR,approved,captured,ev_f1b1i5
2709,2026-08-18T04:11:50.000Z,agent-08,cinderstack,advertising,8775,EUR,approved,captured,ev_9uohbc
2710,2026-08-18T04:21:28.000Z,agent-13,orchid-labs,office,13101,EUR,approved,captured,ev_dpunw7
2711,2026-08-18T04:44:29.000Z,agent-09,juniper-ai,domains,5358,EUR,approved,captured,ev_3kggxe
2712,2026-08-18T05:20:13.000Z,agent-36,orchid-labs,travel,9722,EUR,approved,captured,ev_ezsixl
2713,2026-08-18T06:15:17.000Z,agent-27,summit-infra,hosting,13061,EUR,approved,captured,ev_bbwsu9
2714,2026-08-18T06:39:15.000Z,agent-34,orchid-labs,office,14833,EUR,approved,refunded,ev_58rig6
2715,2026-08-18T06:47:43.000Z,agent-12,mineral-storage,travel,5915,EUR,approved,captured,ev_77wo2u
2716,2026-08-18T06:51:29.000Z,agent-24,harbor-db,software,4263,EUR,declined,none,ev_9x47nx
2717,2026-08-18T06:59:32.000Z,agent-09,cobblestone-dev,office,5491,EUR,approved,captured,ev_97poax
2718,2026-08-18T07:33:11.000Z,agent-23,northline-api,domains,5209,EUR,approved,captured,ev_2q8j48
2719,2026-08-18T07:57:51.000Z,agent-20,voltage-io,advertising,5762,EUR,approved,captured,ev_e7uz20
2720,2026-08-18T08:05:08.000Z,agent-16,ferrite-tools,office,4765,EUR,approved,captured,ev_e8830n
2721,2026-08-18T08:05:34.000Z,agent-21,summit-infra,office,12405,EUR,declined,none,ev_2lu5kl
2722,2026-08-18T08:20:08.000Z,agent-10,mineral-storage,travel,3047,EUR,approved,captured,ev_bo6u3v
2723,2026-08-18T08:54:56.000Z,agent-08,pinecrest-apps,groceries,8389,EUR,approved,captured,ev_107gsk
2724,2026-08-18T09:43:09.000Z,agent-38,lumen-post,office,9525,EUR,approved,captured,ev_bmgj81
2725,2026-08-18T10:03:31.000Z,agent-14,meridian-cdn,cloud,4739,EUR,declined,none,ev_c8b14m
2726,2026-08-18T10:08:53.000Z,agent-23,atlas-mail,office,11401,EUR,approved,captured,ev_7vbagg
2727,2026-08-18T10:57:44.000Z,agent-11,arkwright-domains,groceries,12752,EUR,approved,refunded,ev_2v7rfr
2728,2026-08-18T11:30:50.000Z,agent-39,kestrel-metrics,advertising,12633,EUR,approved,captured,ev_c63t1o
2729,2026-08-18T12:05:10.000Z,agent-36,ferrodata,cloud,6387,EUR,approved,captured,ev_eh23lx
2730,2026-08-18T12:08:32.000Z,agent-25,atlas-mail,office,14382,EUR,approved,captured,ev_55zi1z
2731,2026-08-18T12:25:04.000Z,agent-35,juniper-ai,hosting,21144,EUR,approved,captured,ev_8mhkqw
2732,2026-08-18T13:17:00.000Z,agent-37,cinderstack,cloud,8637,EUR,approved,captured,ev_8f3eot
2733,2026-08-18T14:01:59.000Z,agent-12,orchid-labs,cloud,9967,EUR,approved,captured,ev_3wwttn
2734,2026-08-18T14:13:42.000Z,agent-27,juniper-ai,office,7457,EUR,approved,captured,ev_37k27r
2735,2026-08-18T14:15:03.000Z,agent-19,ferrodata,advertising,19071,EUR,approved,captured,ev_90um82
2736,2026-08-18T14:57:17.000Z,agent-26,arkwright-domains,software,12731,EUR,approved,captured,ev_6066am
2737,2026-08-18T15:20:39.000Z,agent-33,granite-crm,cloud,7924,EUR,approved,captured,ev_3lpcm2
2738,2026-08-18T15:42:42.000Z,agent-07,cobblestone-dev,travel,18802,EUR,approved,captured,ev_bcggyk
2739,2026-08-18T16:37:34.000Z,agent-15,cobblestone-dev,travel,14378,EUR,approved,refunded,ev_bx0nj7
2740,2026-08-18T16:45:37.000Z,agent-32,bytehost,software,15530,EUR,approved,captured,ev_6ap69a
2741,2026-08-18T16:46:42.000Z,agent-28,arkwright-domains,advertising,6778,EUR,approved,captured,ev_79csk6
2742,2026-08-18T16:53:28.000Z,agent-18,railsgate,advertising,9672,EUR,approved,captured,ev_2bv6tr
2743,2026-08-18T17:09:09.000Z,agent-40,meridian-cdn,advertising,7087,EUR,approved,captured,ev_402z69
2744,2026-08-18T19:06:16.000Z,agent-27,railsgate,software,14650,EUR,approved,captured,ev_cttti5
2745,2026-08-18T19:06:28.000Z,agent-24,cinderstack,cloud,3333,EUR,approved,captured,ev_5u40vc
2746,2026-08-18T19:43:11.000Z,agent-10,beacon-auth,software,12676,EUR,approved,captured,ev_51bizc
2747,2026-08-18T19:57:18.000Z,agent-11,cobalt-cloud,software,7940,EUR,approved,failed,ev_142asd
2748,2026-08-18T20:50:18.000Z,agent-32,ferrodata,groceries,6509,EUR,approved,captured,ev_fkjbnm
2749,2026-08-18T21:02:18.000Z,agent-31,atlas-mail,groceries,5338,EUR,approved,captured,ev_5e1sak
2750,2026-08-18T23:04:06.000Z,agent-16,juniper-ai,hosting,18047,EUR,approved,captured,ev_3iyeix
2751,2026-08-18T23:17:50.000Z,agent-22,kestrel-metrics,groceries,7617,EUR,approved,captured,ev_bhc09s
2752,2026-08-18T23:48:52.000Z,agent-29,summit-infra,advertising,4110,EUR,approved,captured,ev_b2449
2753,2026-08-19T00:10:47.000Z,agent-37,vellum-crm,travel,2335,EUR,approved,captured,ev_bhawkc
2754,2026-08-19T00:13:35.000Z,agent-31,granite-crm,cloud,2609,EUR,approved,captured,ev_frgthw
2755,2026-08-19T00:28:17.000Z,agent-06,kestrel-metrics,advertising,9200,EUR,approved,captured,ev_7a5x44
2756,2026-08-19T00:51:18.000Z,agent-05,pierstone-pay,hosting,17957,EUR,approved,captured,ev_9ji1yg
2757,2026-08-19T00:53:18.000Z,agent-34,granite-crm,domains,11680,EUR,approved,captured,ev_9i7hrs
2758,2026-08-19T01:07:15.000Z,agent-30,ferrite-tools,advertising,8903,EUR,declined,none,ev_cb817k
2759,2026-08-19T02:23:02.000Z,agent-25,granite-crm,hosting,4615,EUR,approved,captured,ev_46e6x2
2760,2026-08-19T02:38:03.000Z,agent-28,meridian-cdn,groceries,8131,EUR,approved,captured,ev_6qhf43
2761,2026-08-19T02:50:34.000Z,agent-26,mineral-storage,travel,7864,EUR,approved,captured,ev_6u5fnw
2762,2026-08-19T03:30:35.000Z,agent-28,northline-api,cloud,6174,EUR,approved,captured,ev_eunjf2
2763,2026-08-19T03:57:43.000Z,agent-22,lumen-post,cloud,6041,EUR,approved,captured,ev_j5ze0
2764,2026-08-19T05:29:36.000Z,agent-40,northline-api,groceries,7159,EUR,approved,captured,ev_1g90eb
2765,2026-08-19T05:46:37.000Z,agent-24,quillpress,software,8934,EUR,approved,captured,ev_2ugknp
2766,2026-08-19T06:30:12.000Z,agent-26,granite-crm,cloud,6041,EUR,approved,captured,ev_1actct
2767,2026-08-19T07:08:35.000Z,agent-39,cinderstack,travel,7802,EUR,approved,captured,ev_fun3hx
2768,2026-08-19T07:12:06.000Z,agent-09,harbor-db,software,9564,EUR,approved,captured,ev_8kipxs
2769,2026-08-19T07:13:10.000Z,agent-11,voltage-io,travel,11863,EUR,approved,captured,ev_10cv6j
2770,2026-08-19T07:14:53.000Z,agent-17,cobalt-cloud,advertising,25825,EUR,approved,failed,ev_d23nsa
2771,2026-08-19T08:14:00.000Z,agent-20,orchid-labs,software,6044,EUR,approved,captured,ev_307k7y
2772,2026-08-19T08:38:20.000Z,agent-39,quillpress,domains,11340,EUR,approved,captured,ev_dzjjl4
2773,2026-08-19T08:51:00.000Z,agent-14,quillpress,travel,7073,EUR,approved,captured,ev_dx61h
2774,2026-08-19T09:35:43.000Z,agent-21,harbor-db,travel,5807,EUR,approved,captured,ev_f8mwz7
2775,2026-08-19T09:48:12.000Z,agent-13,voltage-io,domains,18905,EUR,approved,captured,ev_7czzh6
2776,2026-08-19T09:57:00.000Z,agent-07,quillpress,software,9182,EUR,approved,captured,ev_8k3ggq
2777,2026-08-19T09:58:04.000Z,agent-35,pinecrest-apps,advertising,30330,EUR,approved,captured,ev_ekewea
2778,2026-08-19T10:20:49.000Z,agent-06,granite-crm,domains,7283,EUR,approved,captured,ev_cjbu9c
2779,2026-08-19T10:38:01.000Z,agent-36,railsgate,groceries,7133,EUR,approved,captured,ev_86oom2
2780,2026-08-19T11:08:04.000Z,agent-29,pierstone-pay,travel,2111,EUR,approved,captured,ev_65oa32
2781,2026-08-19T11:45:54.000Z,agent-08,cobalt-cloud,advertising,24235,EUR,approved,failed,ev_67guej
2782,2026-08-19T11:54:27.000Z,agent-23,ferrodata,domains,6841,EUR,approved,captured,ev_q1yal
2783,2026-08-19T12:10:39.000Z,agent-30,bytehost,domains,5563,EUR,approved,captured,ev_3kakeb
2784,2026-08-19T12:50:50.000Z,agent-10,vellum-crm,domains,4146,EUR,approved,captured,ev_fzwtx8
2785,2026-08-19T13:59:47.000Z,agent-31,ferrite-tools,hosting,7823,EUR,approved,captured,ev_5qn8zq
2786,2026-08-19T14:15:08.000Z,agent-34,voltage-io,advertising,6664,EUR,declined,none,ev_f7brwz
2787,2026-08-19T15:04:29.000Z,agent-20,orchid-labs,office,20282,EUR,approved,captured,ev_d14dqo
2788,2026-08-19T15:23:01.000Z,agent-32,lumen-post,travel,5163,EUR,approved,failed,ev_btly8l
2789,2026-08-19T16:09:11.000Z,agent-22,ferrodata,software,20012,EUR,approved,captured,ev_fwwwuu
2790,2026-08-19T16:16:50.000Z,agent-18,summit-infra,domains,29876,EUR,approved,captured,ev_cdh36e
2791,2026-08-19T16:40:54.000Z,agent-19,bytehost,advertising,5707,EUR,approved,captured,ev_2em6oq
2792,2026-08-19T17:13:17.000Z,agent-37,pierstone-pay,domains,9672,EUR,approved,failed,ev_geomel
2793,2026-08-19T17:21:07.000Z,agent-27,pierstone-pay,hosting,6682,EUR,approved,captured,ev_ey34on
2794,2026-08-19T17:27:43.000Z,agent-38,ferrite-tools,cloud,2848,EUR,approved,captured,ev_7uadj
2795,2026-08-19T19:33:07.000Z,agent-24,ferrodata,cloud,15109,EUR,approved,captured,ev_g4leg4
2796,2026-08-19T20:06:44.000Z,agent-31,juniper-ai,advertising,8132,EUR,approved,captured,ev_9sc5pf
2797,2026-08-19T20:09:08.000Z,agent-35,mineral-storage,hosting,2576,EUR,approved,captured,ev_bf59h5
2798,2026-08-19T20:18:31.000Z,agent-09,juniper-ai,hosting,11115,EUR,approved,captured,ev_azcep5
2799,2026-08-19T20:52:55.000Z,agent-23,atlas-mail,travel,5304,EUR,approved,failed,ev_4zjhb1
2800,2026-08-19T21:18:20.000Z,agent-12,kestrel-metrics,cloud,9783,EUR,approved,captured,ev_2a38fu
2801,2026-08-19T22:01:53.000Z,agent-13,vellum-crm,cloud,21677,EUR,approved,captured,ev_fch041
2802,2026-08-19T22:01:58.000Z,agent-29,cinderstack,software,2608,EUR,approved,captured,ev_3g16od
2803,2026-08-19T23:05:07.000Z,agent-15,pierstone-pay,advertising,8046,EUR,approved,captured,ev_bjdkoi
2804,2026-08-19T23:34:13.000Z,agent-33,orchid-labs,travel,8527,EUR,approved,refunded,ev_22prlv
2805,2026-08-20T00:42:54.000Z,agent-06,northline-api,travel,7094,EUR,approved,captured,ev_4peiy
2806,2026-08-20T00:45:24.000Z,agent-16,railsgate,office,7403,EUR,approved,captured,ev_8yc7ta
2807,2026-08-20T00:57:55.000Z,agent-14,northline-api,groceries,12199,EUR,approved,captured,ev_3eo4bh
2808,2026-08-20T01:06:19.000Z,agent-25,beacon-auth,groceries,7708,EUR,approved,captured,ev_a5l5xe
2809,2026-08-20T03:22:47.000Z,agent-08,pierstone-pay,software,10524,EUR,approved,captured,ev_c16p12
2810,2026-08-20T04:27:04.000Z,agent-22,bytehost,office,6826,EUR,approved,captured,ev_e2w9od
2811,2026-08-20T04:34:16.000Z,agent-08,pierstone-pay,domains,16430,EUR,approved,captured,ev_48g1yv
2812,2026-08-20T04:54:22.000Z,agent-06,voltage-io,groceries,12979,EUR,approved,captured,ev_7psws0
2813,2026-08-20T05:04:34.000Z,agent-33,pierstone-pay,groceries,4356,EUR,approved,captured,ev_8d351h
2814,2026-08-20T05:11:56.000Z,agent-17,pierstone-pay,travel,6220,EUR,approved,captured,ev_67m0jg
2815,2026-08-20T05:20:55.000Z,agent-28,ferrodata,advertising,16004,EUR,approved,captured,ev_9wk2ae
2816,2026-08-20T05:22:42.000Z,agent-10,meridian-cdn,domains,9292,EUR,approved,captured,ev_8qhbaq
2817,2026-08-20T05:54:29.000Z,agent-08,vellum-crm,software,9174,EUR,approved,captured,ev_1m3skr
2818,2026-08-20T05:58:37.000Z,agent-05,ferrodata,cloud,3517,EUR,approved,refunded,ev_avc1y6
2819,2026-08-20T07:27:49.000Z,agent-16,kestrel-metrics,cloud,12894,EUR,approved,captured,ev_2vhuw3
2820,2026-08-20T08:27:40.000Z,agent-26,vellum-crm,travel,4540,EUR,approved,captured,ev_n4a56
2821,2026-08-20T08:38:39.000Z,agent-39,cobblestone-dev,software,15738,EUR,approved,captured,ev_5ptvab
2822,2026-08-20T08:39:20.000Z,agent-29,granite-crm,hosting,11197,EUR,approved,captured,ev_bix7w0
2823,2026-08-20T10:18:36.000Z,agent-32,ferrodata,travel,19073,EUR,approved,captured,ev_3lvhd0
2824,2026-08-20T11:07:47.000Z,agent-24,harbor-db,travel,11522,EUR,approved,captured,ev_9vi3nu
2825,2026-08-20T11:18:47.000Z,agent-07,ferrodata,software,7217,EUR,approved,captured,ev_ea0a7j
2826,2026-08-20T11:21:30.000Z,agent-19,cobblestone-dev,hosting,4728,EUR,approved,captured,ev_bvvmqp
2827,2026-08-20T11:37:05.000Z,agent-14,ferrodata,travel,14742,EUR,approved,captured,ev_6detsf
2828,2026-08-20T11:53:09.000Z,agent-37,voltage-io,travel,4816,EUR,approved,captured,ev_fwxbkc
2829,2026-08-20T12:46:37.000Z,agent-39,meridian-cdn,hosting,7328,EUR,approved,captured,ev_2rlnnh
2830,2026-08-20T13:38:45.000Z,agent-40,meridian-cdn,hosting,4794,EUR,approved,failed,ev_7kbpkx
2831,2026-08-20T13:41:47.000Z,agent-38,ferrodata,groceries,8309,EUR,approved,captured,ev_cvu4xu
2832,2026-08-20T14:05:50.000Z,agent-16,ferrite-tools,hosting,10312,EUR,approved,captured,ev_1skq7y
2833,2026-08-20T14:18:09.000Z,agent-20,cinderstack,hosting,6464,EUR,approved,captured,ev_g39dir
2834,2026-08-20T14:26:30.000Z,agent-11,ferrodata,cloud,5244,EUR,approved,captured,ev_34q3b2
2835,2026-08-20T14:42:28.000Z,agent-32,railsgate,advertising,8318,EUR,declined,none,ev_61pdgy
2836,2026-08-20T14:54:33.000Z,agent-26,meridian-cdn,domains,11497,EUR,approved,captured,ev_b4telu
2837,2026-08-20T14:55:38.000Z,agent-35,lumen-post,groceries,10295,EUR,approved,captured,ev_22iu2x
2838,2026-08-20T15:06:53.000Z,agent-14,lumen-post,office,9056,EUR,approved,failed,ev_14mecf
2839,2026-08-20T16:00:44.000Z,agent-30,mineral-storage,hosting,6885,EUR,approved,captured,ev_djjlju
2840,2026-08-20T16:08:22.000Z,agent-09,cinderstack,domains,6336,EUR,declined,none,ev_eui5xs
2841,2026-08-20T16:09:48.000Z,agent-36,quillpress,office,11942,EUR,approved,captured,ev_cne2zy
2842,2026-08-20T17:10:42.000Z,agent-13,summit-infra,office,20077,EUR,approved,captured,ev_ib707
2843,2026-08-20T17:27:45.000Z,agent-21,cobblestone-dev,advertising,16156,EUR,approved,captured,ev_90x3na
2844,2026-08-20T17:41:04.000Z,agent-08,mineral-storage,advertising,5171,EUR,approved,captured,ev_bvp87h
2845,2026-08-20T18:06:20.000Z,agent-12,cinderstack,office,11007,EUR,approved,captured,ev_ff0zk7
2846,2026-08-20T19:11:25.000Z,agent-22,vellum-crm,domains,2330,EUR,approved,captured,ev_833xqp
2847,2026-08-20T19:18:28.000Z,agent-23,quillpress,advertising,8966,EUR,approved,captured,ev_6tnue4
2848,2026-08-20T19:44:16.000Z,agent-09,meridian-cdn,groceries,15586,EUR,approved,captured,ev_gitpaj
2849,2026-08-20T20:05:37.000Z,agent-33,quillpress,domains,6299,EUR,approved,captured,ev_5uemam
2850,2026-08-20T21:39:21.000Z,agent-34,atlas-mail,travel,5864,EUR,approved,captured,ev_54vw6u
2851,2026-08-20T21:45:41.000Z,agent-15,railsgate,software,7629,EUR,approved,captured,ev_d8wc9z
2852,2026-08-20T22:39:20.000Z,agent-25,ferrite-tools,cloud,4812,EUR,approved,captured,ev_2m2un
2853,2026-08-20T22:44:30.000Z,agent-18,cobblestone-dev,domains,16546,EUR,approved,captured,ev_adho8u
2854,2026-08-20T23:23:35.000Z,agent-09,orchid-labs,office,7478,EUR,approved,captured,ev_7pjxsj
2855,2026-08-20T23:43:46.000Z,agent-27,lumen-post,hosting,5161,EUR,approved,captured,ev_8g8vst
2856,2026-08-20T23:50:05.000Z,agent-21,pierstone-pay,advertising,13446,EUR,approved,captured,ev_1eztda
2857,2026-08-20T23:52:12.000Z,agent-23,bytehost,hosting,5600,EUR,approved,captured,ev_4fdagf
2858,2026-08-21T00:39:30.000Z,agent-31,railsgate,groceries,19736,EUR,approved,captured,ev_gf9w0p
2859,2026-08-21T00:48:10.000Z,agent-18,beacon-auth,cloud,8235,EUR,approved,captured,ev_firbvj
2860,2026-08-21T01:07:55.000Z,agent-32,mineral-storage,software,11771,EUR,approved,captured,ev_gf33q5
2861,2026-08-21T01:10:16.000Z,agent-30,cobblestone-dev,office,8507,EUR,declined,none,ev_7kmag
2862,2026-08-21T01:25:52.000Z,agent-20,pierstone-pay,hosting,6269,EUR,approved,captured,ev_3ve5gt
2863,2026-08-21T01:36:37.000Z,agent-10,pinecrest-apps,domains,7160,EUR,approved,failed,ev_11ro4f
2864,2026-08-21T02:03:15.000Z,agent-06,beacon-auth,office,7739,EUR,approved,captured,ev_dit8oz
2865,2026-08-21T02:27:34.000Z,agent-17,cobalt-cloud,groceries,7686,EUR,approved,captured,ev_ea0dwj
2866,2026-08-21T03:19:59.000Z,agent-19,arkwright-domains,advertising,19162,EUR,declined,none,ev_9y2wpy
2867,2026-08-21T04:01:39.000Z,agent-17,atlas-mail,cloud,3864,EUR,approved,captured,ev_bqbzqq
2868,2026-08-21T04:08:51.000Z,agent-07,mineral-storage,software,13192,EUR,approved,captured,ev_1mtbl5
2869,2026-08-21T04:11:24.000Z,agent-39,harbor-db,groceries,15528,EUR,approved,captured,ev_4aq9a9
2870,2026-08-21T04:51:01.000Z,agent-08,orchid-labs,travel,8630,EUR,approved,captured,ev_a5ec1s
2871,2026-08-21T04:51:04.000Z,agent-11,ferrodata,hosting,10360,EUR,approved,captured,ev_cqf9vf
2872,2026-08-21T05:25:27.000Z,agent-27,pierstone-pay,cloud,5211,EUR,approved,captured,ev_dnpiar
2873,2026-08-21T06:57:08.000Z,agent-28,orchid-labs,office,10022,EUR,approved,captured,ev_e6f5at
2874,2026-08-21T07:32:06.000Z,agent-13,meridian-cdn,software,11128,EUR,approved,captured,ev_6jpw21
2875,2026-08-21T08:19:11.000Z,agent-37,granite-crm,cloud,5503,EUR,approved,captured,ev_gc3unm
2876,2026-08-21T08:28:16.000Z,agent-05,harbor-db,groceries,8340,EUR,approved,captured,ev_2y4ac2
2877,2026-08-21T10:12:54.000Z,agent-27,ferrite-tools,travel,4816,EUR,approved,captured,ev_7sss0
2878,2026-08-21T10:22:49.000Z,agent-07,harbor-db,advertising,10953,EUR,approved,captured,ev_fxcevr
2879,2026-08-21T11:31:54.000Z,agent-35,lumen-post,hosting,4004,EUR,approved,captured,ev_4v4bt6
2880,2026-08-21T11:50:46.000Z,agent-27,railsgate,cloud,12737,EUR,approved,captured,ev_3il8gn
2881,2026-08-21T12:33:50.000Z,agent-19,harbor-db,hosting,15174,EUR,declined,none,ev_6rt66k
2882,2026-08-21T12:38:59.000Z,agent-34,harbor-db,hosting,6635,EUR,approved,captured,ev_69o6ur
2883,2026-08-21T13:00:41.000Z,agent-10,meridian-cdn,advertising,3894,EUR,approved,captured,ev_fzbkta
2884,2026-08-21T13:07:59.000Z,agent-38,ferrite-tools,advertising,13238,EUR,approved,captured,ev_d4p8b7
2885,2026-08-21T13:14:43.000Z,agent-29,cobblestone-dev,cloud,25359,EUR,approved,captured,ev_b4g2v7
2886,2026-08-21T13:33:16.000Z,agent-24,quillpress,domains,4764,EUR,approved,captured,ev_598z8y
2887,2026-08-21T13:37:31.000Z,agent-15,cinderstack,software,13819,EUR,approved,captured,ev_9cmo3p
2888,2026-08-21T13:54:19.000Z,agent-05,arkwright-domains,groceries,8448,EUR,approved,captured,ev_cgz763
2889,2026-08-21T14:04:54.000Z,agent-12,meridian-cdn,software,13267,EUR,approved,captured,ev_byx0ra
2890,2026-08-21T14:24:14.000Z,agent-37,pinecrest-apps,groceries,4571,EUR,approved,captured,ev_bq2lib
2891,2026-08-21T14:44:14.000Z,agent-26,kestrel-metrics,advertising,4621,EUR,approved,captured,ev_8eu38d
2892,2026-08-21T15:29:46.000Z,agent-09,juniper-ai,cloud,15846,EUR,approved,captured,ev_9v4sm5
2893,2026-08-21T15:43:52.000Z,agent-07,harbor-db,groceries,6163,EUR,approved,captured,ev_8dwqdk
2894,2026-08-21T16:14:59.000Z,agent-33,quillpress,advertising,6974,EUR,approved,captured,ev_cth0lj
2895,2026-08-21T16:38:27.000Z,agent-26,cinderstack,advertising,15661,EUR,approved,captured,ev_1jw3m8
2896,2026-08-21T17:21:23.000Z,agent-33,harbor-db,hosting,12060,EUR,approved,captured,ev_fpavf3
2897,2026-08-21T18:05:13.000Z,agent-10,mineral-storage,domains,20263,EUR,approved,captured,ev_40c3vk
2898,2026-08-21T18:51:25.000Z,agent-34,ferrodata,advertising,11246,EUR,approved,captured,ev_5sfss8
2899,2026-08-21T18:55:21.000Z,agent-33,summit-infra,software,9344,EUR,approved,failed,ev_20u3tf
2900,2026-08-21T19:00:58.000Z,agent-40,pinecrest-apps,software,14835,EUR,declined,none,ev_6jnh1r
2901,2026-08-21T19:10:49.000Z,agent-37,pierstone-pay,office,11630,EUR,approved,captured,ev_efl0jb
2902,2026-08-21T20:13:56.000Z,agent-21,voltage-io,office,5622,EUR,approved,captured,ev_e78xsk
2903,2026-08-21T20:37:00.000Z,agent-32,ferrite-tools,travel,9764,EUR,approved,captured,ev_44lnv6
2904,2026-08-21T21:51:12.000Z,agent-23,juniper-ai,advertising,5588,EUR,approved,captured,ev_og4hb
2905,2026-08-21T21:54:31.000Z,agent-16,pinecrest-apps,travel,16832,EUR,approved,refunded,ev_cqb1pz
2906,2026-08-21T22:04:37.000Z,agent-28,granite-crm,groceries,4445,EUR,approved,captured,ev_1l2y6r
2907,2026-08-21T22:14:23.000Z,agent-15,mineral-storage,software,6204,EUR,approved,captured,ev_2v2r1a
2908,2026-08-21T22:27:52.000Z,agent-30,kestrel-metrics,office,6980,EUR,approved,captured,ev_39fdy4
2909,2026-08-21T22:29:15.000Z,agent-14,pierstone-pay,hosting,8726,EUR,approved,captured,ev_bo5f14
2910,2026-08-21T23:04:57.000Z,agent-11,bytehost,travel,21362,EUR,approved,captured,ev_3io3lt
2911,2026-08-21T23:07:31.000Z,agent-18,cobalt-cloud,hosting,12808,EUR,approved,captured,ev_7c8k3u
2912,2026-08-21T23:43:42.000Z,agent-36,arkwright-domains,office,7134,EUR,approved,captured,ev_a2itlz
2913,2026-08-22T00:11:23.000Z,agent-14,quillpress,travel,9282,EUR,approved,captured,ev_yoaed
2914,2026-08-22T01:09:15.000Z,agent-17,kestrel-metrics,office,9494,EUR,approved,captured,ev_9eszov
2915,2026-08-22T01:25:29.000Z,agent-20,northline-api,cloud,10407,EUR,approved,captured,ev_gfhn7e
2916,2026-08-22T01:57:02.000Z,agent-22,mineral-storage,travel,4586,EUR,approved,captured,ev_8kungg
2917,2026-08-22T02:07:40.000Z,agent-25,quillpress,cloud,5575,EUR,approved,captured,ev_69h2a2
2918,2026-08-22T02:54:58.000Z,agent-28,bytehost,cloud,14026,EUR,approved,captured,ev_ghrd36
2919,2026-08-22T04:12:08.000Z,agent-37,harbor-db,advertising,7763,EUR,approved,captured,ev_5qkutu
2920,2026-08-22T04:38:18.000Z,agent-16,northline-api,advertising,5855,EUR,approved,captured,ev_c7i9m6
2921,2026-08-22T05:32:35.000Z,agent-39,ferrodata,software,7563,EUR,approved,captured,ev_5hdml3
2922,2026-08-22T05:36:36.000Z,agent-24,atlas-mail,travel,7737,EUR,approved,captured,ev_3u523k
2923,2026-08-22T06:07:17.000Z,agent-36,cobblestone-dev,software,24668,EUR,approved,captured,ev_6jxofh
2924,2026-08-22T06:35:58.000Z,agent-31,northline-api,office,10030,EUR,approved,captured,ev_cl0r7
2925,2026-08-22T07:31:11.000Z,agent-17,pinecrest-apps,cloud,5934,EUR,approved,captured,ev_9zhgw0
2926,2026-08-22T07:40:29.000Z,agent-06,granite-crm,groceries,6076,EUR,declined,none,ev_531ptu
2927,2026-08-22T08:19:54.000Z,agent-35,atlas-mail,domains,8286,EUR,approved,captured,ev_3r5od0
2928,2026-08-22T08:27:30.000Z,agent-07,mineral-storage,office,7201,EUR,declined,none,ev_74zaup
2929,2026-08-22T08:55:28.000Z,agent-27,ferrodata,hosting,6382,EUR,approved,captured,ev_omfog
2930,2026-08-22T09:28:07.000Z,agent-08,atlas-mail,hosting,11909,EUR,approved,captured,ev_6ihiwv
2931,2026-08-22T11:14:07.000Z,agent-34,railsgate,domains,6780,EUR,approved,captured,ev_1jywqz
2932,2026-08-22T12:02:34.000Z,agent-14,cobalt-cloud,office,8999,EUR,approved,failed,ev_fg7214
2933,2026-08-22T12:17:08.000Z,agent-12,pierstone-pay,office,6390,EUR,approved,captured,ev_6qico1
2934,2026-08-22T12:24:48.000Z,agent-13,voltage-io,travel,21338,EUR,approved,captured,ev_a11sxz
2935,2026-08-22T13:27:39.000Z,agent-38,meridian-cdn,cloud,13169,EUR,declined,none,ev_eeppfd
2936,2026-08-22T14:18:06.000Z,agent-27,juniper-ai,advertising,6524,EUR,approved,captured,ev_44l3fh
2937,2026-08-22T14:22:58.000Z,agent-10,harbor-db,office,13606,EUR,approved,captured,ev_dy2xsg
2938,2026-08-22T14:27:20.000Z,agent-34,mineral-storage,groceries,7350,EUR,approved,captured,ev_4jsk4k
2939,2026-08-22T14:55:44.000Z,agent-13,mineral-storage,groceries,21899,EUR,approved,captured,ev_8x4vtb
2940,2026-08-22T14:59:27.000Z,agent-26,summit-infra,office,7915,EUR,approved,captured,ev_9l8jsp
2941,2026-08-22T15:05:36.000Z,agent-08,juniper-ai,groceries,29514,EUR,approved,captured,ev_3ixuc6
2942,2026-08-22T15:18:41.000Z,agent-14,mineral-storage,software,5715,EUR,approved,captured,ev_3wb8va
2943,2026-08-22T17:01:04.000Z,agent-05,pierstone-pay,software,12017,EUR,approved,captured,ev_we682
2944,2026-08-22T18:20:35.000Z,agent-15,bytehost,software,16614,EUR,approved,failed,ev_ehyoaz
2945,2026-08-22T18:43:47.000Z,agent-29,cobalt-cloud,hosting,11631,EUR,approved,captured,ev_eup9cq
2946,2026-08-22T19:15:29.000Z,agent-25,pinecrest-apps,domains,4765,EUR,approved,captured,ev_38tf8s
2947,2026-08-22T19:44:56.000Z,agent-19,lumen-post,office,5236,EUR,approved,captured,ev_2qeznd
2948,2026-08-22T20:26:15.000Z,agent-23,railsgate,software,12805,EUR,approved,captured,ev_8h6mwo
2949,2026-08-22T20:46:50.000Z,agent-21,northline-api,hosting,13826,EUR,approved,captured,ev_86uzbk
2950,2026-08-22T21:17:09.000Z,agent-33,bytehost,cloud,13915,EUR,approved,failed,ev_57ry1v
2951,2026-08-22T21:38:28.000Z,agent-20,arkwright-domains,travel,13581,EUR,approved,captured,ev_18dgly
2952,2026-08-22T21:43:43.000Z,agent-32,cobblestone-dev,domains,14885,EUR,declined,none,ev_2e8sqp
2953,2026-08-22T22:09:06.000Z,agent-25,cinderstack,hosting,12324,EUR,approved,captured,ev_1fsq8g
2954,2026-08-22T22:09:50.000Z,agent-09,orchid-labs,travel,10593,EUR,approved,captured,ev_a7kluv
2955,2026-08-22T23:05:49.000Z,agent-24,summit-infra,advertising,4561,EUR,approved,captured,ev_7jrob0
2956,2026-08-22T23:18:31.000Z,agent-05,railsgate,office,11619,EUR,approved,captured,ev_j3vck
2957,2026-08-22T23:54:33.000Z,agent-21,kestrel-metrics,office,11586,EUR,approved,captured,ev_ans1e9
2958,2026-08-23T00:09:32.000Z,agent-40,cinderstack,software,17117,EUR,approved,captured,ev_7yjjuk
2959,2026-08-23T01:04:34.000Z,agent-30,cinderstack,travel,13463,EUR,approved,captured,ev_ae6009
2960,2026-08-23T01:33:53.000Z,agent-25,voltage-io,groceries,9568,EUR,approved,failed,ev_8a7vmx
2961,2026-08-23T01:36:48.000Z,agent-11,ferrite-tools,groceries,11881,EUR,declined,none,ev_dszrr9
2962,2026-08-23T01:58:59.000Z,agent-18,cobalt-cloud,software,5692,EUR,approved,captured,ev_fxlr90
2963,2026-08-23T03:14:15.000Z,agent-28,ferrite-tools,advertising,8065,EUR,approved,captured,ev_mj0vn
2964,2026-08-23T03:49:28.000Z,agent-07,kestrel-metrics,cloud,10946,EUR,approved,captured,ev_3tow3e
2965,2026-08-23T04:02:50.000Z,agent-24,harbor-db,groceries,5022,EUR,approved,captured,ev_ekr8bp
2966,2026-08-23T04:38:09.000Z,agent-36,lumen-post,domains,3541,EUR,approved,failed,ev_b9rizu
2967,2026-08-23T04:45:36.000Z,agent-06,lumen-post,domains,6083,EUR,approved,failed,ev_64q0b5
2968,2026-08-23T05:22:38.000Z,agent-16,ferrite-tools,domains,22706,EUR,approved,captured,ev_9ycffp
2969,2026-08-23T05:24:47.000Z,agent-29,atlas-mail,software,10829,EUR,approved,captured,ev_lsfg2
2970,2026-08-23T06:14:26.000Z,agent-05,vellum-crm,advertising,3552,EUR,approved,captured,ev_3hvgtd
2971,2026-08-23T06:21:09.000Z,agent-14,beacon-auth,travel,7832,EUR,approved,captured,ev_9smbee
2972,2026-08-23T06:58:38.000Z,agent-39,juniper-ai,cloud,9327,EUR,approved,captured,ev_1y1oke
2973,2026-08-23T07:03:33.000Z,agent-08,meridian-cdn,groceries,13615,EUR,approved,captured,ev_7g7929
2974,2026-08-23T07:04:15.000Z,agent-22,northline-api,groceries,12945,EUR,approved,captured,ev_3t6o6b
2975,2026-08-23T07:27:25.000Z,agent-13,voltage-io,groceries,4348,EUR,approved,captured,ev_9f5ztp
2976,2026-08-23T09:25:34.000Z,agent-35,ferrodata,office,5928,EUR,approved,captured,ev_4dzdpc
2977,2026-08-23T09:32:51.000Z,agent-17,vellum-crm,domains,5001,EUR,approved,captured,ev_7sz8bw
2978,2026-08-23T09:52:09.000Z,agent-31,granite-crm,office,14368,EUR,approved,captured,ev_9x4wtl
2979,2026-08-23T10:35:12.000Z,agent-23,cinderstack,travel,9045,EUR,declined,none,ev_ekullg
2980,2026-08-23T11:36:24.000Z,agent-37,lumen-post,software,3540,EUR,approved,captured,ev_5c8zr7
2981,2026-08-23T11:54:51.000Z,agent-13,kestrel-metrics,travel,5435,EUR,declined,none,ev_b6bykw
2982,2026-08-23T12:07:00.000Z,agent-20,cobalt-cloud,software,11067,EUR,approved,captured,ev_5gch6r
2983,2026-08-23T12:08:00.000Z,agent-28,summit-infra,cloud,6880,EUR,approved,captured,ev_cs6c5k
2984,2026-08-23T12:58:26.000Z,agent-16,vellum-crm,office,2907,EUR,approved,captured,ev_55v4xx
2985,2026-08-23T13:03:10.000Z,agent-21,northline-api,cloud,15405,EUR,approved,captured,ev_as3lz
2986,2026-08-23T13:41:25.000Z,agent-17,quillpress,travel,4362,EUR,approved,captured,ev_b9s42r
2987,2026-08-23T14:28:19.000Z,agent-13,harbor-db,travel,10516,EUR,approved,captured,ev_epznfp
2988,2026-08-23T15:31:45.000Z,agent-34,mineral-storage,software,4921,EUR,approved,captured,ev_1fmq2k
2989,2026-08-23T15:56:59.000Z,agent-40,bytehost,cloud,3123,EUR,approved,captured,ev_45ol23
2990,2026-08-23T16:12:36.000Z,agent-12,arkwright-domains,groceries,15437,EUR,approved,captured,ev_7ik5c7
2991,2026-08-23T16:36:28.000Z,agent-28,granite-crm,travel,9419,EUR,declined,none,ev_d62uzm
2992,2026-08-23T16:52:31.000Z,agent-38,beacon-auth,domains,11666,EUR,approved,captured,ev_54quf1
2993,2026-08-23T17:07:08.000Z,agent-15,kestrel-metrics,software,14478,EUR,approved,failed,ev_awmkdc
2994,2026-08-23T18:11:35.000Z,agent-24,northline-api,cloud,14390,EUR,approved,captured,ev_dar82u
2995,2026-08-23T19:00:26.000Z,agent-09,railsgate,hosting,11882,EUR,declined,none,ev_4jk1t1
2996,2026-08-23T19:01:58.000Z,agent-19,summit-infra,cloud,5604,EUR,approved,captured,ev_9nqgc3
2997,2026-08-23T19:22:12.000Z,agent-05,arkwright-domains,groceries,3238,EUR,approved,captured,ev_1xtjfg
2998,2026-08-23T19:25:35.000Z,agent-10,cobblestone-dev,domains,18037,EUR,approved,captured,ev_bkjwns
2999,2026-08-23T19:39:48.000Z,agent-27,harbor-db,travel,2632,EUR,approved,captured,ev_g1pncj
3000,2026-08-23T20:30:06.000Z,agent-25,beacon-auth,hosting,12174,EUR,approved,captured,ev_cx0wl1
3001,2026-08-23T20:37:22.000Z,agent-31,ferrite-tools,software,8110,EUR,approved,refunded,ev_ez2vur
3002,2026-08-23T22:18:12.000Z,agent-26,bytehost,groceries,4915,EUR,approved,captured,ev_7nzzlu
3003,2026-08-23T22:35:41.000Z,agent-18,cobblestone-dev,domains,2820,EUR,approved,failed,ev_2h3ao2
3004,2026-08-23T22:46:03.000Z,agent-11,northline-api,groceries,9127,EUR,approved,captured,ev_cxwcgu
3005,2026-08-23T23:32:00.000Z,agent-37,arkwright-domains,hosting,10454,EUR,approved,captured,ev_30lqdh
3006,2026-08-24T00:37:10.000Z,agent-30,mineral-storage,cloud,9270,EUR,approved,failed,ev_61pj7c
3007,2026-08-24T00:43:50.000Z,agent-23,quillpress,hosting,9577,EUR,approved,captured,ev_123ud7
3008,2026-08-24T01:15:47.000Z,agent-17,juniper-ai,advertising,3440,EUR,approved,captured,ev_e78p4r
3009,2026-08-24T01:35:10.000Z,agent-39,cobalt-cloud,software,10250,EUR,approved,captured,ev_fca71s
3010,2026-08-24T01:53:59.000Z,agent-13,railsgate,domains,19979,EUR,declined,none,ev_f68hf4
3011,2026-08-24T01:56:56.000Z,agent-18,bytehost,cloud,11173,EUR,approved,captured,ev_aypmw
3012,2026-08-24T02:05:20.000Z,agent-32,northline-api,advertising,9605,EUR,approved,captured,ev_8xh8qn
3013,2026-08-24T03:12:05.000Z,agent-30,pierstone-pay,software,8158,EUR,approved,captured,ev_93fwd1
3014,2026-08-24T03:16:47.000Z,agent-32,railsgate,groceries,9728,EUR,approved,captured,ev_8qt4bt
3015,2026-08-24T04:44:34.000Z,agent-26,vellum-crm,cloud,6999,EUR,approved,captured,ev_68cd5x
3016,2026-08-24T04:52:47.000Z,agent-14,northline-api,domains,17658,EUR,approved,captured,ev_25h2db
3017,2026-08-24T04:58:40.000Z,agent-36,cinderstack,travel,7260,EUR,approved,captured,ev_6zqgl3
3018,2026-08-24T05:10:10.000Z,agent-33,harbor-db,hosting,10439,EUR,approved,captured,ev_44rnp6
3019,2026-08-24T05:29:27.000Z,agent-07,summit-infra,travel,8115,EUR,approved,captured,ev_crucey
3020,2026-08-24T07:31:28.000Z,agent-08,atlas-mail,domains,6078,EUR,approved,captured,ev_4in8v3
3021,2026-08-24T07:42:53.000Z,agent-11,voltage-io,cloud,16520,EUR,approved,captured,ev_2sy2rk
3022,2026-08-24T08:05:21.000Z,agent-18,lumen-post,domains,8372,EUR,approved,failed,ev_bwcsy5
3023,2026-08-24T08:31:52.000Z,agent-31,atlas-mail,domains,8737,EUR,approved,captured,ev_5a5ci5
3024,2026-08-24T08:51:40.000Z,agent-24,arkwright-domains,cloud,3584,EUR,approved,failed,ev_9zkj7b
3025,2026-08-24T09:19:10.000Z,agent-34,quillpress,cloud,16279,EUR,approved,captured,ev_62v5bi
3026,2026-08-24T09:22:30.000Z,agent-26,mineral-storage,travel,10157,EUR,approved,captured,ev_2kkpqt
3027,2026-08-24T10:02:09.000Z,agent-06,cobalt-cloud,office,3764,EUR,approved,captured,ev_cmxyor
3028,2026-08-24T10:18:21.000Z,agent-32,vellum-crm,travel,6166,EUR,approved,captured,ev_3wl393
3029,2026-08-24T11:46:06.000Z,agent-17,northline-api,domains,17303,EUR,approved,captured,ev_5peeul
3030,2026-08-24T12:40:06.000Z,agent-40,beacon-auth,travel,22514,EUR,approved,captured,ev_rg33l
3031,2026-08-24T12:51:51.000Z,agent-09,lumen-post,office,7378,EUR,approved,captured,ev_c11sa1
3032,2026-08-24T13:02:53.000Z,agent-29,vellum-crm,advertising,5387,EUR,approved,captured,ev_da1tb2
3033,2026-08-24T13:47:21.000Z,agent-38,cinderstack,advertising,12248,EUR,approved,captured,ev_4iqsep
3034,2026-08-24T13:57:56.000Z,agent-22,atlas-mail,hosting,6181,EUR,approved,failed,ev_bhubzc
3035,2026-08-24T14:52:54.000Z,agent-35,lumen-post,cloud,13326,EUR,approved,captured,ev_g4uynb
3036,2026-08-24T15:07:39.000Z,agent-21,ferrite-tools,software,11955,EUR,approved,captured,ev_boe0jf
3037,2026-08-24T15:13:17.000Z,agent-27,bytehost,domains,21872,EUR,approved,captured,ev_1lj6gn
3038,2026-08-24T16:48:36.000Z,agent-28,cobalt-cloud,travel,10585,EUR,approved,captured,ev_5e8lwt
3039,2026-08-24T17:02:05.000Z,agent-16,pierstone-pay,domains,10546,EUR,approved,captured,ev_eu6qgp
3040,2026-08-24T17:34:51.000Z,agent-31,pierstone-pay,software,32826,EUR,declined,none,ev_2fgmm7
3041,2026-08-24T17:44:30.000Z,agent-16,cinderstack,advertising,6290,EUR,approved,captured,ev_fjgeis
3042,2026-08-24T17:56:55.000Z,agent-13,atlas-mail,office,4514,EUR,approved,captured,ev_b0pol1
3043,2026-08-24T17:59:27.000Z,agent-22,mineral-storage,cloud,7991,EUR,approved,captured,ev_be39up
3044,2026-08-24T19:03:08.000Z,agent-20,mineral-storage,cloud,14549,EUR,approved,captured,ev_djhb9b
3045,2026-08-24T19:46:32.000Z,agent-15,kestrel-metrics,software,14613,EUR,approved,captured,ev_2bhba5
3046,2026-08-24T19:48:19.000Z,agent-14,kestrel-metrics,software,6263,EUR,approved,failed,ev_g6h3hh
3047,2026-08-24T20:19:14.000Z,agent-39,arkwright-domains,cloud,5934,EUR,declined,none,ev_3i1d99
3048,2026-08-24T20:30:45.000Z,agent-06,meridian-cdn,domains,4402,EUR,approved,captured,ev_2tkwjb
3049,2026-08-24T21:08:02.000Z,agent-05,quillpress,software,8498,EUR,approved,captured,ev_5e31vm
3050,2026-08-24T21:16:09.000Z,agent-31,kestrel-metrics,office,9601,EUR,approved,captured,ev_922gbd
3051,2026-08-24T21:16:21.000Z,agent-18,cobalt-cloud,travel,20670,EUR,approved,captured,ev_bfp4on
3052,2026-08-24T21:46:45.000Z,agent-10,juniper-ai,advertising,10101,EUR,approved,captured,ev_537swg
3053,2026-08-24T21:58:01.000Z,agent-09,atlas-mail,advertising,32709,EUR,approved,captured,ev_1112rg
3054,2026-08-24T21:58:28.000Z,agent-15,lumen-post,travel,4854,EUR,approved,captured,ev_2n8epj
3055,2026-08-24T22:01:59.000Z,agent-37,ferrite-tools,office,5939,EUR,approved,refunded,ev_370jt0
3056,2026-08-24T22:41:38.000Z,agent-25,ferrodata,groceries,4180,EUR,approved,captured,ev_9cyw8i
3057,2026-08-24T22:59:13.000Z,agent-11,atlas-mail,domains,9241,EUR,approved,captured,ev_ap6o4n
3058,2026-08-24T23:18:00.000Z,agent-19,lumen-post,office,9263,EUR,approved,captured,ev_3osc6c
3059,2026-08-24T23:28:08.000Z,agent-12,atlas-mail,advertising,11353,EUR,approved,captured,ev_5mqvro
3060,2026-08-25T00:02:58.000Z,agent-26,harbor-db,domains,9587,EUR,approved,captured,ev_aawycs
3061,2026-08-25T00:38:27.000Z,agent-33,summit-infra,cloud,9889,EUR,approved,captured,ev_a729b1
3062,2026-08-25T01:22:28.000Z,agent-30,lumen-post,office,19460,EUR,approved,captured,ev_2ivz0h
3063,2026-08-25T01:24:24.000Z,agent-06,voltage-io,cloud,8246,EUR,approved,captured,ev_6s7xi0
3064,2026-08-25T01:47:29.000Z,agent-31,quillpress,groceries,4301,EUR,approved,captured,ev_fmh8wb
3065,2026-08-25T01:54:34.000Z,agent-17,ferrite-tools,software,7452,EUR,approved,captured,ev_1aizzv
3066,2026-08-25T02:18:11.000Z,agent-09,railsgate,groceries,6026,EUR,approved,captured,ev_3ik4po
3067,2026-08-25T04:00:29.000Z,agent-08,arkwright-domains,cloud,4460,EUR,approved,captured,ev_53welk
3068,2026-08-25T04:28:14.000Z,agent-36,cobalt-cloud,advertising,9570,EUR,approved,captured,ev_87q0dv
3069,2026-08-25T05:09:07.000Z,agent-07,vellum-crm,hosting,14268,EUR,declined,none,ev_3p60r9
3070,2026-08-25T05:44:30.000Z,agent-21,orchid-labs,software,21252,EUR,approved,captured,ev_aafz0o
3071,2026-08-25T06:25:16.000Z,agent-34,granite-crm,cloud,21769,EUR,approved,captured,ev_9h1ake
3072,2026-08-25T06:43:18.000Z,agent-38,ferrodata,domains,19131,EUR,approved,captured,ev_gj25qa
3073,2026-08-25T07:16:29.000Z,agent-29,kestrel-metrics,software,12419,EUR,approved,captured,ev_3mwrbd
3074,2026-08-25T07:24:30.000Z,agent-36,beacon-auth,hosting,9245,EUR,approved,captured,ev_79ga7g
3075,2026-08-25T07:35:06.000Z,agent-23,vellum-crm,advertising,8924,EUR,approved,captured,ev_3wkocq
3076,2026-08-25T08:09:04.000Z,agent-34,voltage-io,cloud,22588,EUR,approved,captured,ev_9aywue
3077,2026-08-25T10:04:37.000Z,agent-26,atlas-mail,travel,6148,EUR,approved,captured,ev_55rjqu
3078,2026-08-25T10:29:08.000Z,agent-24,ferrite-tools,domains,6740,EUR,approved,captured,ev_e9oao
3079,2026-08-25T10:37:35.000Z,agent-11,pierstone-pay,domains,7501,EUR,approved,captured,ev_8mahm
3080,2026-08-25T11:58:57.000Z,agent-22,beacon-auth,software,20125,EUR,approved,captured,ev_b5peux
3081,2026-08-25T12:20:47.000Z,agent-27,ferrite-tools,software,4909,EUR,approved,captured,ev_et5tbb
3082,2026-08-25T12:25:59.000Z,agent-19,pinecrest-apps,travel,28225,EUR,approved,captured,ev_4toxg
3083,2026-08-25T14:01:26.000Z,agent-39,railsgate,hosting,9211,EUR,approved,refunded,ev_78s1h0
3084,2026-08-25T14:29:03.000Z,agent-34,railsgate,software,15293,EUR,declined,none,ev_9lsfx
3085,2026-08-25T15:15:43.000Z,agent-17,orchid-labs,domains,14583,EUR,approved,captured,ev_2apmzh
3086,2026-08-25T15:23:03.000Z,agent-07,ferrodata,software,6928,EUR,approved,captured,ev_a839dx
3087,2026-08-25T15:53:12.000Z,agent-21,cinderstack,office,8186,EUR,approved,captured,ev_5nrxpi
3088,2026-08-25T16:51:46.000Z,agent-32,harbor-db,groceries,8296,EUR,approved,captured,ev_fnbdyc
3089,2026-08-25T17:29:13.000Z,agent-16,cinderstack,groceries,7047,EUR,approved,captured,ev_2nv39l
3090,2026-08-25T18:29:26.000Z,agent-18,bytehost,advertising,7511,EUR,approved,captured,ev_25qwq7
3091,2026-08-25T18:44:09.000Z,agent-40,pierstone-pay,hosting,8119,EUR,approved,captured,ev_9yyfu7
3092,2026-08-25T19:26:35.000Z,agent-07,juniper-ai,software,8395,EUR,approved,captured,ev_6nn6yk
3093,2026-08-25T20:30:21.000Z,agent-35,ferrodata,advertising,9789,EUR,approved,captured,ev_8riqwn
3094,2026-08-25T20:55:27.000Z,agent-15,cobblestone-dev,travel,10490,EUR,approved,captured,ev_bjnuif
3095,2026-08-25T21:06:26.000Z,agent-18,voltage-io,software,7448,EUR,approved,captured,ev_31nz94
3096,2026-08-25T21:19:29.000Z,agent-09,bytehost,domains,2720,EUR,approved,failed,ev_wd3j1
3097,2026-08-25T22:19:53.000Z,agent-37,voltage-io,office,8484,EUR,approved,refunded,ev_72ilm5
3098,2026-08-25T22:32:24.000Z,agent-06,orchid-labs,office,8459,EUR,approved,captured,ev_fui7mc
3099,2026-08-25T22:55:21.000Z,agent-23,granite-crm,travel,8230,EUR,approved,captured,ev_741wkl
3100,2026-08-25T22:59:20.000Z,agent-14,quillpress,domains,13987,EUR,approved,captured,ev_ct5ljk
3101,2026-08-25T23:34:24.000Z,agent-22,ferrodata,domains,26501,EUR,approved,captured,ev_5q6s0w
3102,2026-08-25T23:38:01.000Z,agent-13,arkwright-domains,hosting,4408,EUR,approved,captured,ev_ddnh7c
3103,2026-08-25T23:41:21.000Z,agent-10,juniper-ai,hosting,17086,EUR,approved,captured,ev_7a02uv
3104,2026-08-25T23:51:27.000Z,agent-39,beacon-auth,domains,3454,EUR,approved,captured,ev_bbqmg
3105,2026-08-26T00:28:15.000Z,agent-28,pierstone-pay,software,6206,EUR,approved,captured,ev_qvu2w
3106,2026-08-26T01:09:45.000Z,agent-17,northline-api,cloud,7587,EUR,approved,captured,ev_60p9dz
3107,2026-08-26T01:44:13.000Z,agent-31,mineral-storage,software,6485,EUR,approved,captured,ev_cuxg56
3108,2026-08-26T01:52:21.000Z,agent-22,pinecrest-apps,travel,5266,EUR,approved,captured,ev_eszfgd
3109,2026-08-26T01:53:12.000Z,agent-12,juniper-ai,office,21035,EUR,approved,captured,ev_9699tq
3110,2026-08-26T02:33:34.000Z,agent-24,meridian-cdn,domains,8721,EUR,approved,captured,ev_7eyri0
3111,2026-08-26T02:39:43.000Z,agent-20,quillpress,advertising,6658,EUR,approved,failed,ev_5jexby
3112,2026-08-26T02:44:58.000Z,agent-08,vellum-crm,travel,7039,EUR,approved,captured,ev_2n1z2f
3113,2026-08-26T02:49:07.000Z,agent-19,lumen-post,software,5034,EUR,approved,captured,ev_egam97
3114,2026-08-26T02:56:14.000Z,agent-14,ferrite-tools,groceries,10617,EUR,approved,captured,ev_bxy4h9
3115,2026-08-26T03:20:56.000Z,agent-25,cobblestone-dev,advertising,31327,EUR,approved,captured,ev_8b0bzr
3116,2026-08-26T05:18:37.000Z,agent-05,juniper-ai,domains,11759,EUR,approved,captured,ev_2i2hlj
3117,2026-08-26T05:37:01.000Z,agent-16,harbor-db,office,15678,EUR,approved,captured,ev_2zfxz7
3118,2026-08-26T05:49:40.000Z,agent-20,atlas-mail,hosting,4572,EUR,approved,captured,ev_gh85u2
3119,2026-08-26T06:11:48.000Z,agent-30,cobblestone-dev,groceries,10948,EUR,approved,failed,ev_5kjy4
3120,2026-08-26T06:33:44.000Z,agent-18,juniper-ai,travel,9161,EUR,approved,captured,ev_7pvzx0
3121,2026-08-26T06:41:02.000Z,agent-09,meridian-cdn,travel,4301,EUR,approved,captured,ev_fcj2eq
3122,2026-08-26T07:07:41.000Z,agent-29,lumen-post,cloud,10175,EUR,approved,captured,ev_5d73ny
3123,2026-08-26T07:54:12.000Z,agent-35,cobblestone-dev,groceries,6220,EUR,approved,captured,ev_4iyf51
3124,2026-08-26T08:14:21.000Z,agent-12,pierstone-pay,groceries,8154,EUR,approved,refunded,ev_g1njzo
3125,2026-08-26T08:31:05.000Z,agent-36,summit-infra,office,7188,EUR,approved,captured,ev_ch96k9
3126,2026-08-26T08:42:10.000Z,agent-21,cinderstack,advertising,5275,EUR,approved,captured,ev_313ip
3127,2026-08-26T08:58:01.000Z,agent-33,orchid-labs,advertising,4801,EUR,declined,none,ev_4hdjms
3128,2026-08-26T09:26:46.000Z,agent-28,cobblestone-dev,hosting,7039,EUR,approved,captured,ev_2ajrdw
3129,2026-08-26T09:41:15.000Z,agent-19,arkwright-domains,groceries,7239,EUR,approved,captured,ev_d407ks
3130,2026-08-26T10:02:46.000Z,agent-38,atlas-mail,travel,8597,EUR,approved,captured,ev_g1x6jv
3131,2026-08-26T10:32:29.000Z,agent-14,ferrodata,travel,13471,EUR,approved,captured,ev_eiiumn
3132,2026-08-26T10:42:59.000Z,agent-40,cobalt-cloud,software,3450,EUR,approved,captured,ev_36lv9v
3133,2026-08-26T12:21:37.000Z,agent-29,cobalt-cloud,cloud,8458,EUR,approved,captured,ev_ge4zcm
3134,2026-08-26T13:23:15.000Z,agent-16,pierstone-pay,groceries,8922,EUR,approved,captured,ev_adur2x
3135,2026-08-26T14:14:14.000Z,agent-27,summit-infra,groceries,32735,EUR,approved,captured,ev_9ir499
3136,2026-08-26T14:16:16.000Z,agent-21,juniper-ai,travel,11420,EUR,approved,captured,ev_b56koh
3137,2026-08-26T14:25:22.000Z,agent-13,bytehost,hosting,26881,EUR,approved,captured,ev_203snh
3138,2026-08-26T14:28:08.000Z,agent-40,atlas-mail,groceries,10490,EUR,approved,captured,ev_61ejqi
3139,2026-08-26T14:40:55.000Z,agent-26,granite-crm,office,3728,EUR,approved,captured,ev_1dqagx
3140,2026-08-26T15:00:36.000Z,agent-07,railsgate,hosting,9942,EUR,approved,captured,ev_ccodxs
3141,2026-08-26T15:27:58.000Z,agent-37,quillpress,travel,10696,EUR,approved,captured,ev_5vilv8
3142,2026-08-26T15:59:14.000Z,agent-11,meridian-cdn,cloud,7160,EUR,approved,captured,ev_84rrf4
3143,2026-08-26T16:49:21.000Z,agent-34,quillpress,groceries,15283,EUR,approved,captured,ev_fb8p5v
3144,2026-08-26T16:59:46.000Z,agent-05,arkwright-domains,advertising,2871,EUR,approved,captured,ev_aikuv6
3145,2026-08-26T17:02:42.000Z,agent-25,harbor-db,hosting,11409,EUR,approved,captured,ev_gcg7lz
3146,2026-08-26T17:15:29.000Z,agent-08,ferrite-tools,software,10594,EUR,approved,failed,ev_d0bsam
3147,2026-08-26T17:56:18.000Z,agent-20,voltage-io,office,14611,EUR,approved,captured,ev_3vek46
3148,2026-08-26T18:47:55.000Z,agent-20,pinecrest-apps,office,7668,EUR,approved,captured,ev_4b1ajq
3149,2026-08-26T19:24:42.000Z,agent-22,pierstone-pay,cloud,13011,EUR,approved,captured,ev_2x0nfg
3150,2026-08-26T19:56:09.000Z,agent-17,ferrite-tools,hosting,6334,EUR,approved,captured,ev_2i8j4f
3151,2026-08-26T20:03:12.000Z,agent-05,voltage-io,software,6097,EUR,approved,failed,ev_2rgpn0
3152,2026-08-26T20:24:06.000Z,agent-14,pierstone-pay,office,3984,EUR,approved,captured,ev_77nhm
3153,2026-08-26T20:40:27.000Z,agent-23,pinecrest-apps,domains,16816,EUR,approved,captured,ev_cjtivz
3154,2026-08-26T20:57:23.000Z,agent-39,meridian-cdn,hosting,5090,EUR,approved,captured,ev_9xditd
3155,2026-08-26T21:03:51.000Z,agent-31,mineral-storage,advertising,10625,EUR,approved,captured,ev_gfko78
3156,2026-08-26T21:10:00.000Z,agent-07,northline-api,advertising,13278,EUR,approved,captured,ev_9ikl0d
3157,2026-08-26T21:31:56.000Z,agent-20,pierstone-pay,travel,3977,EUR,approved,captured,ev_61cfy2
3158,2026-08-26T21:47:59.000Z,agent-27,ferrite-tools,software,18825,EUR,approved,captured,ev_98ox4l
3159,2026-08-26T22:17:47.000Z,agent-35,pierstone-pay,domains,8415,EUR,approved,captured,ev_d2m8zv
3160,2026-08-26T22:36:06.000Z,agent-32,cobblestone-dev,cloud,11023,EUR,approved,captured,ev_5mi5ko
3161,2026-08-26T22:44:19.000Z,agent-23,railsgate,domains,8746,EUR,approved,captured,ev_e18pmt
3162,2026-08-26T23:13:11.000Z,agent-10,voltage-io,groceries,8043,EUR,approved,captured,ev_5d9umb
3163,2026-08-26T23:20:08.000Z,agent-15,harbor-db,travel,5604,EUR,approved,captured,ev_5iewoo
3164,2026-08-26T23:33:13.000Z,agent-29,harbor-db,hosting,11124,EUR,approved,captured,ev_at4pst
3165,2026-08-26T23:49:53.000Z,agent-06,pierstone-pay,domains,15729,EUR,approved,captured,ev_7e7e8e
3166,2026-08-27T00:28:29.000Z,agent-25,kestrel-metrics,hosting,10414,EUR,approved,captured,ev_at1vso
3167,2026-08-27T00:35:43.000Z,agent-08,ferrite-tools,hosting,7018,EUR,approved,captured,ev_416jdh
3168,2026-08-27T00:43:36.000Z,agent-12,juniper-ai,domains,10759,EUR,approved,captured,ev_52gqjs
3169,2026-08-27T02:35:42.000Z,agent-30,orchid-labs,groceries,19404,EUR,declined,none,ev_cl9jze
3170,2026-08-27T02:56:43.000Z,agent-24,juniper-ai,travel,5462,EUR,approved,captured,ev_8ljmt4
3171,2026-08-27T03:22:16.000Z,agent-21,ferrite-tools,software,6949,EUR,approved,captured,ev_br4cr
3172,2026-08-27T04:11:07.000Z,agent-18,lumen-post,software,14260,EUR,approved,captured,ev_mipsm
3173,2026-08-27T05:25:24.000Z,agent-06,bytehost,advertising,2221,EUR,approved,captured,ev_f10lys
3174,2026-08-27T05:33:27.000Z,agent-16,quillpress,hosting,13398,EUR,approved,captured,ev_4iy4v3
3175,2026-08-27T07:08:25.000Z,agent-38,bytehost,software,4264,EUR,approved,captured,ev_fmd992
3176,2026-08-27T07:31:41.000Z,agent-32,northline-api,groceries,8920,EUR,approved,captured,ev_87384c
3177,2026-08-27T07:35:11.000Z,agent-15,orchid-labs,domains,17354,EUR,approved,captured,ev_3mh540
3178,2026-08-27T08:10:31.000Z,agent-29,vellum-crm,cloud,13029,EUR,approved,captured,ev_4p5npt
3179,2026-08-27T08:10:52.000Z,agent-05,quillpress,office,4467,EUR,approved,captured,ev_eo91a5
3180,2026-08-27T09:03:06.000Z,agent-39,kestrel-metrics,domains,19072,EUR,declined,none,ev_42dpds
3181,2026-08-27T09:16:07.000Z,agent-28,railsgate,advertising,7459,EUR,approved,captured,ev_nww6s
3182,2026-08-27T10:23:02.000Z,agent-19,juniper-ai,groceries,9454,EUR,approved,captured,ev_dmxtcd
3183,2026-08-27T10:39:46.000Z,agent-24,pinecrest-apps,cloud,3187,EUR,approved,captured,ev_4k40ix
3184,2026-08-27T10:56:29.000Z,agent-26,lumen-post,cloud,22615,EUR,declined,none,ev_clkqji
3185,2026-08-27T12:13:46.000Z,agent-11,voltage-io,cloud,12770,EUR,approved,captured,ev_f7sz6f
3186,2026-08-27T12:28:23.000Z,agent-10,arkwright-domains,office,7365,EUR,approved,captured,ev_fl2ccl
3187,2026-08-27T13:02:06.000Z,agent-34,meridian-cdn,cloud,7493,EUR,approved,captured,ev_cgyv20
3188,2026-08-27T13:46:05.000Z,agent-18,atlas-mail,groceries,10067,EUR,approved,captured,ev_9c25ky
3189,2026-08-27T14:01:32.000Z,agent-23,harbor-db,office,27264,EUR,approved,captured,ev_f7rr4d
3190,2026-08-27T14:03:21.000Z,agent-14,ferrodata,travel,8722,EUR,declined,none,ev_axdcff
3191,2026-08-27T14:44:13.000Z,agent-09,railsgate,travel,6625,EUR,approved,captured,ev_8kqwtl
3192,2026-08-27T14:59:24.000Z,agent-08,juniper-ai,advertising,7625,EUR,approved,captured,ev_5hokvw
3193,2026-08-27T15:40:30.000Z,agent-29,orchid-labs,groceries,11952,EUR,approved,captured,ev_3z87dq
3194,2026-08-27T16:01:55.000Z,agent-36,pierstone-pay,travel,7102,EUR,approved,captured,ev_72wkno
3195,2026-08-27T16:07:17.000Z,agent-33,cobalt-cloud,groceries,10600,EUR,approved,captured,ev_52d2ms
3196,2026-08-27T16:24:55.000Z,agent-40,northline-api,groceries,6721,EUR,approved,captured,ev_ekkm7u
3197,2026-08-27T16:29:26.000Z,agent-37,ferrodata,office,12588,EUR,approved,captured,ev_6g8htv
3198,2026-08-27T17:22:03.000Z,agent-40,northline-api,groceries,11331,EUR,approved,captured,ev_bddc8y
3199,2026-08-27T17:46:02.000Z,agent-28,beacon-auth,domains,9959,EUR,approved,captured,ev_1te1k7
3200,2026-08-27T18:08:56.000Z,agent-18,lumen-post,travel,7509,EUR,approved,captured,ev_ayillz
3201,2026-08-27T18:33:54.000Z,agent-13,juniper-ai,advertising,8957,EUR,approved,captured,ev_g4q71f
3202,2026-08-27T18:38:06.000Z,agent-21,ferrodata,advertising,19249,EUR,approved,captured,ev_biji78
3203,2026-08-27T18:54:53.000Z,agent-31,cobblestone-dev,travel,8707,EUR,approved,captured,ev_eb9ud
3204,2026-08-27T19:18:28.000Z,agent-15,quillpress,office,9615,EUR,approved,captured,ev_dmg30e
3205,2026-08-27T20:16:12.000Z,agent-20,orchid-labs,travel,32073,EUR,approved,captured,ev_g41mid
3206,2026-08-27T20:29:52.000Z,agent-16,cobalt-cloud,travel,10668,EUR,approved,captured,ev_1wrluq
3207,2026-08-27T21:09:46.000Z,agent-38,beacon-auth,office,7012,EUR,approved,captured,ev_37fn0e
3208,2026-08-27T21:16:02.000Z,agent-27,arkwright-domains,office,6110,EUR,approved,captured,ev_ejxb6p
3209,2026-08-27T21:42:53.000Z,agent-17,cobblestone-dev,cloud,18583,EUR,approved,captured,ev_3rbkx8
3210,2026-08-27T21:59:13.000Z,agent-25,harbor-db,office,11740,EUR,approved,captured,ev_63vve6
3211,2026-08-27T22:12:14.000Z,agent-30,granite-crm,office,9061,EUR,approved,captured,ev_5oaovk
3212,2026-08-27T23:03:50.000Z,agent-39,mineral-storage,software,7725,EUR,approved,captured,ev_5t6o1p
3213,2026-08-27T23:07:49.000Z,agent-13,harbor-db,advertising,9634,EUR,approved,captured,ev_5wqbv8
3214,2026-08-27T23:25:38.000Z,agent-12,cinderstack,travel,13187,EUR,approved,captured,ev_d14yht
3215,2026-08-27T23:36:49.000Z,agent-38,northline-api,advertising,7254,EUR,approved,captured,ev_bgg22z
3216,2026-08-28T00:08:28.000Z,agent-22,ferrodata,advertising,4234,EUR,approved,captured,ev_fo7yg2
3217,2026-08-28T00:43:29.000Z,agent-30,harbor-db,domains,5676,EUR,declined,none,ev_7eakk3
3218,2026-08-28T01:56:27.000Z,agent-25,summit-infra,domains,13229,EUR,approved,captured,ev_a6j5nj
3219,2026-08-28T02:23:29.000Z,agent-17,ferrodata,advertising,19698,EUR,approved,captured,ev_6bytw
3220,2026-08-28T03:21:44.000Z,agent-35,kestrel-metrics,advertising,9543,EUR,approved,captured,ev_9it7an
3221,2026-08-28T03:23:19.000Z,agent-07,quillpress,advertising,19548,EUR,approved,captured,ev_3fyr3y
3222,2026-08-28T03:46:35.000Z,agent-17,pinecrest-apps,software,20598,EUR,approved,captured,ev_3nko2h
3223,2026-08-28T03:57:49.000Z,agent-38,juniper-ai,software,12118,EUR,approved,captured,ev_dl1300
3224,2026-08-28T04:17:57.000Z,agent-19,atlas-mail,domains,8966,EUR,approved,captured,ev_e79sth
3225,2026-08-28T04:46:09.000Z,agent-39,quillpress,cloud,32632,EUR,approved,captured,ev_58abjs
3226,2026-08-28T05:49:24.000Z,agent-26,bytehost,groceries,17288,EUR,approved,captured,ev_6pqs1
3227,2026-08-28T05:50:51.000Z,agent-29,cobblestone-dev,hosting,13446,EUR,approved,captured,ev_9k2awi
3228,2026-08-28T05:53:43.000Z,agent-06,quillpress,travel,2999,EUR,approved,captured,ev_60pjzh
3229,2026-08-28T06:18:30.000Z,agent-10,mineral-storage,travel,5658,EUR,approved,captured,ev_6cs1cf
3230,2026-08-28T06:20:02.000Z,agent-34,atlas-mail,hosting,7364,EUR,approved,captured,ev_8laepq
3231,2026-08-28T06:59:05.000Z,agent-33,kestrel-metrics,cloud,5050,EUR,approved,failed,ev_618ndi
3232,2026-08-28T07:24:25.000Z,agent-05,pinecrest-apps,hosting,15855,EUR,approved,captured,ev_ba7g4b
3233,2026-08-28T07:41:07.000Z,agent-32,northline-api,software,9272,EUR,approved,captured,ev_fkujin
3234,2026-08-28T07:58:33.000Z,agent-11,meridian-cdn,cloud,6783,EUR,approved,captured,ev_b7wmx6
3235,2026-08-28T08:29:49.000Z,agent-08,pierstone-pay,groceries,16643,EUR,approved,captured,ev_6khj0y
3236,2026-08-28T09:10:16.000Z,agent-11,harbor-db,advertising,17755,EUR,approved,captured,ev_1htwuc
3237,2026-08-28T09:13:35.000Z,agent-21,bytehost,cloud,16193,EUR,approved,captured,ev_fv80zn
3238,2026-08-28T10:43:24.000Z,agent-05,granite-crm,groceries,8523,EUR,approved,captured,ev_f0fnp6
3239,2026-08-28T10:47:41.000Z,agent-33,pierstone-pay,office,12964,EUR,approved,captured,ev_4vzkib
3240,2026-08-28T10:58:22.000Z,agent-23,kestrel-metrics,groceries,13263,EUR,approved,captured,ev_f4jy0z
3241,2026-08-28T11:04:45.000Z,agent-19,bytehost,travel,3820,EUR,approved,captured,ev_b8karx
3242,2026-08-28T12:31:21.000Z,agent-20,summit-infra,hosting,2861,EUR,approved,captured,ev_o46zn
3243,2026-08-28T12:43:26.000Z,agent-30,cobalt-cloud,hosting,18630,EUR,approved,captured,ev_bo59dy
3244,2026-08-28T12:49:37.000Z,agent-24,vellum-crm,groceries,2159,EUR,approved,captured,ev_4h70sa
3245,2026-08-28T13:05:42.000Z,agent-32,juniper-ai,travel,6307,EUR,approved,captured,ev_3pj0xy
3246,2026-08-28T13:36:51.000Z,agent-37,orchid-labs,office,4204,EUR,approved,captured,ev_eg78u1
3247,2026-08-28T13:49:22.000Z,agent-39,cinderstack,advertising,23570,EUR,declined,none,ev_8nrzm6
3248,2026-08-28T14:20:20.000Z,agent-31,bytehost,cloud,5474,EUR,approved,captured,ev_53erj1
3249,2026-08-28T15:07:14.000Z,agent-36,granite-crm,domains,13597,EUR,approved,captured,ev_eojwfz
3250,2026-08-28T16:45:02.000Z,agent-24,pierstone-pay,hosting,19267,EUR,approved,captured,ev_awol71
3251,2026-08-28T17:12:14.000Z,agent-09,vellum-crm,domains,17010,EUR,approved,captured,ev_blbu5a
3252,2026-08-28T17:19:46.000Z,agent-39,bytehost,hosting,3421,EUR,approved,captured,ev_f8ahjk
3253,2026-08-28T17:33:23.000Z,agent-08,summit-infra,hosting,5609,EUR,approved,captured,ev_6pmy9h
3254,2026-08-28T18:22:22.000Z,agent-18,pinecrest-apps,advertising,12776,EUR,approved,captured,ev_3mytf1
3255,2026-08-28T18:36:12.000Z,agent-25,granite-crm,groceries,11400,EUR,approved,refunded,ev_fasahg
3256,2026-08-28T18:36:18.000Z,agent-16,mineral-storage,travel,10425,EUR,approved,captured,ev_ac2oa5
3257,2026-08-28T18:59:54.000Z,agent-23,ferrodata,domains,11872,EUR,approved,captured,ev_b0hd9a
3258,2026-08-28T19:16:37.000Z,agent-29,arkwright-domains,hosting,4368,EUR,declined,none,ev_563gdb
3259,2026-08-28T19:36:59.000Z,agent-27,cobblestone-dev,travel,13391,EUR,approved,captured,ev_1xk75p
3260,2026-08-28T20:18:42.000Z,agent-35,summit-infra,software,2500,EUR,approved,captured,ev_arahqm
3261,2026-08-28T20:48:23.000Z,agent-38,cobalt-cloud,advertising,5498,EUR,approved,captured,ev_chbm5e
3262,2026-08-28T21:37:28.000Z,agent-14,cobblestone-dev,office,6837,EUR,approved,captured,ev_f0c1n9
3263,2026-08-28T21:47:08.000Z,agent-15,mineral-storage,groceries,7016,EUR,approved,captured,ev_9cxgl0
3264,2026-08-28T21:58:09.000Z,agent-40,kestrel-metrics,hosting,9084,EUR,approved,captured,ev_7u661w
3265,2026-08-28T22:15:29.000Z,agent-34,cobalt-cloud,domains,2945,EUR,approved,failed,ev_50tkr7
3266,2026-08-28T22:22:20.000Z,agent-37,harbor-db,travel,9326,EUR,approved,captured,ev_9jzzji
3267,2026-08-28T22:28:47.000Z,agent-28,ferrodata,advertising,5568,EUR,approved,captured,ev_bvqwno
3268,2026-08-28T23:33:39.000Z,agent-27,cobalt-cloud,travel,7959,EUR,approved,captured,ev_22n3vk
3269,2026-08-29T00:20:27.000Z,agent-35,granite-crm,hosting,3801,EUR,approved,captured,ev_7mlubz
3270,2026-08-29T01:13:45.000Z,agent-21,pierstone-pay,office,8190,EUR,approved,captured,ev_6rmp2j
3271,2026-08-29T02:05:11.000Z,agent-05,ferrodata,office,11542,EUR,approved,failed,ev_8cjg4l
3272,2026-08-29T02:17:50.000Z,agent-40,beacon-auth,travel,13549,EUR,approved,captured,ev_8uw48r
3273,2026-08-29T02:49:50.000Z,agent-35,cinderstack,hosting,3098,EUR,declined,none,ev_fr30kk
3274,2026-08-29T03:28:50.000Z,agent-13,pierstone-pay,hosting,3864,EUR,approved,captured,ev_7wk7i
3275,2026-08-29T04:32:52.000Z,agent-39,bytehost,software,5361,EUR,declined,none,ev_au5odv
3276,2026-08-29T04:45:45.000Z,agent-07,bytehost,domains,3416,EUR,approved,captured,ev_102zkp
3277,2026-08-29T05:34:32.000Z,agent-06,lumen-post,groceries,4379,EUR,approved,captured,ev_9d7w5z
3278,2026-08-29T05:35:25.000Z,agent-26,summit-infra,advertising,23035,EUR,approved,captured,ev_crlha8
3279,2026-08-29T05:49:23.000Z,agent-14,meridian-cdn,domains,8133,EUR,approved,captured,ev_1gaxem
3280,2026-08-29T05:55:25.000Z,agent-33,summit-infra,software,2938,EUR,approved,captured,ev_dhxxlv
3281,2026-08-29T06:35:08.000Z,agent-22,arkwright-domains,travel,18967,EUR,approved,captured,ev_2fx8za
3282,2026-08-29T07:06:04.000Z,agent-12,bytehost,office,23179,EUR,approved,captured,ev_44r6nu
3283,2026-08-29T07:14:30.000Z,agent-24,lumen-post,office,7678,EUR,approved,captured,ev_bvk5du
3284,2026-08-29T07:17:08.000Z,agent-13,harbor-db,domains,9544,EUR,approved,captured,ev_9vqtsg
3285,2026-08-29T08:00:09.000Z,agent-32,lumen-post,travel,11735,EUR,declined,none,ev_7fn9wa
3286,2026-08-29T08:40:24.000Z,agent-23,cinderstack,office,1941,EUR,approved,captured,ev_fffkbf
3287,2026-08-29T08:46:12.000Z,agent-39,juniper-ai,office,16903,EUR,approved,captured,ev_gigshj
3288,2026-08-29T08:54:49.000Z,agent-05,mineral-storage,office,5209,EUR,approved,captured,ev_dvqkka
3289,2026-08-29T09:56:52.000Z,agent-11,lumen-post,hosting,8048,EUR,approved,captured,ev_ezgivr
3290,2026-08-29T10:22:44.000Z,agent-25,cobalt-cloud,cloud,24864,EUR,approved,captured,ev_4sbx4i
3291,2026-08-29T11:05:12.000Z,agent-17,cobblestone-dev,domains,9588,EUR,approved,captured,ev_g9mw5l
3292,2026-08-29T11:27:24.000Z,agent-10,granite-crm,hosting,7184,EUR,approved,captured,ev_gg2i6t
3293,2026-08-29T11:38:07.000Z,agent-20,harbor-db,office,6707,EUR,approved,captured,ev_anp67m
3294,2026-08-29T13:04:31.000Z,agent-38,cinderstack,software,8574,EUR,approved,captured,ev_608xub
3295,2026-08-29T15:19:54.000Z,agent-34,beacon-auth,advertising,21038,EUR,approved,captured,ev_2c4ylt
3296,2026-08-29T15:48:52.000Z,agent-07,arkwright-domains,cloud,3573,EUR,approved,captured,ev_2eekeh
3297,2026-08-29T16:03:29.000Z,agent-30,summit-infra,office,11073,EUR,approved,captured,ev_afqhfc
3298,2026-08-29T16:04:12.000Z,agent-15,cinderstack,office,3781,EUR,approved,captured,ev_cxmwoi
3299,2026-08-29T16:11:29.000Z,agent-40,ferrite-tools,travel,6985,EUR,approved,captured,ev_ekdy7b
3300,2026-08-29T16:36:28.000Z,agent-37,pinecrest-apps,cloud,11923,EUR,approved,captured,ev_bwzx0l
3301,2026-08-29T16:44:15.000Z,agent-15,northline-api,software,12382,EUR,approved,captured,ev_a3lk1d
3302,2026-08-29T16:49:25.000Z,agent-31,voltage-io,hosting,2564,EUR,approved,captured,ev_1wckoj
3303,2026-08-29T16:51:10.000Z,agent-19,juniper-ai,advertising,12294,EUR,approved,captured,ev_c47is7
3304,2026-08-29T17:14:55.000Z,agent-08,northline-api,domains,15559,EUR,approved,captured,ev_ak4nc2
3305,2026-08-29T17:55:51.000Z,agent-10,atlas-mail,software,4729,EUR,declined,none,ev_9ivduw
3306,2026-08-29T18:09:08.000Z,agent-06,orchid-labs,groceries,12396,EUR,approved,captured,ev_6js1ow
3307,2026-08-29T19:02:17.000Z,agent-15,ferrite-tools,cloud,7001,EUR,approved,captured,ev_4o1mdp
3308,2026-08-29T19:25:33.000Z,agent-32,arkwright-domains,travel,4230,EUR,approved,captured,ev_f26056
3309,2026-08-29T20:58:24.000Z,agent-16,cobblestone-dev,office,8357,EUR,approved,captured,ev_8kc6jc
3310,2026-08-29T21:04:51.000Z,agent-13,beacon-auth,advertising,5233,EUR,approved,captured,ev_1bhl79
3311,2026-08-29T21:40:17.000Z,agent-36,ferrodata,groceries,3487,EUR,approved,captured,ev_am1j80
3312,2026-08-29T21:42:30.000Z,agent-27,arkwright-domains,hosting,6504,EUR,approved,captured,ev_beo239
3313,2026-08-29T23:03:38.000Z,agent-12,cinderstack,domains,7555,EUR,approved,captured,ev_amp3il
3314,2026-08-29T23:24:10.000Z,agent-09,arkwright-domains,cloud,9858,EUR,approved,captured,ev_dem8m5
3315,2026-08-30T00:21:20.000Z,agent-25,cinderstack,domains,6770,EUR,approved,captured,ev_47qdpr
3316,2026-08-30T00:43:15.000Z,agent-36,bytehost,travel,4590,EUR,approved,failed,ev_ceei5t
3317,2026-08-30T01:18:21.000Z,agent-22,harbor-db,software,9410,EUR,approved,refunded,ev_4hx3gp
3318,2026-08-30T01:24:54.000Z,agent-18,kestrel-metrics,office,16317,EUR,approved,captured,ev_310l99
3319,2026-08-30T02:06:27.000Z,agent-17,arkwright-domains,groceries,10846,EUR,approved,captured,ev_cmd7vx
3320,2026-08-30T02:42:51.000Z,agent-29,pierstone-pay,advertising,19219,EUR,approved,captured,ev_894t2u
3321,2026-08-30T02:51:31.000Z,agent-24,ferrodata,domains,6283,EUR,approved,captured,ev_29aw2a
3322,2026-08-30T03:15:08.000Z,agent-08,beacon-auth,office,4808,EUR,approved,captured,ev_48gqh8
3323,2026-08-30T03:36:03.000Z,agent-30,cinderstack,hosting,17392,EUR,approved,captured,ev_eznv8h
3324,2026-08-30T04:40:25.000Z,agent-31,cobblestone-dev,advertising,7257,EUR,approved,captured,ev_3j9vr1
3325,2026-08-30T04:44:36.000Z,agent-28,arkwright-domains,groceries,25135,EUR,approved,captured,ev_ecm4rm
3326,2026-08-30T05:24:23.000Z,agent-21,railsgate,office,9659,EUR,approved,captured,ev_6yjj4u
3327,2026-08-30T05:26:39.000Z,agent-07,pierstone-pay,domains,10043,EUR,approved,captured,ev_2h1yx8
3328,2026-08-30T06:06:51.000Z,agent-32,beacon-auth,office,5767,EUR,approved,captured,ev_2b6ssc
3329,2026-08-30T06:07:30.000Z,agent-15,ferrite-tools,software,18610,EUR,approved,captured,ev_e7nnuj
3330,2026-08-30T06:10:34.000Z,agent-37,summit-infra,cloud,9043,EUR,approved,captured,ev_a7eq89
3331,2026-08-30T06:12:34.000Z,agent-35,arkwright-domains,travel,4917,EUR,approved,captured,ev_azizas
3332,2026-08-30T06:30:51.000Z,agent-21,cobblestone-dev,domains,14476,EUR,approved,captured,ev_4q2jhk
3333,2026-08-30T06:39:58.000Z,agent-09,northline-api,travel,17021,EUR,approved,captured,ev_9zr7qy
3334,2026-08-30T07:06:04.000Z,agent-31,cobalt-cloud,groceries,15195,EUR,approved,captured,ev_bl3kq5
3335,2026-08-30T07:15:25.000Z,agent-32,bytehost,advertising,9979,EUR,approved,captured,ev_95cob9
3336,2026-08-30T07:41:36.000Z,agent-40,lumen-post,groceries,10625,EUR,approved,captured,ev_bl9em1
3337,2026-08-30T08:42:10.000Z,agent-15,railsgate,domains,11046,EUR,approved,captured,ev_3lgx0a
3338,2026-08-30T09:04:46.000Z,agent-39,vellum-crm,office,17148,EUR,approved,captured,ev_1uw011
3339,2026-08-30T09:11:16.000Z,agent-14,meridian-cdn,advertising,12357,EUR,approved,captured,ev_6rto0f
3340,2026-08-30T09:26:16.000Z,agent-38,orchid-labs,domains,7587,EUR,approved,captured,ev_6b2v43
3341,2026-08-30T09:53:11.000Z,agent-20,voltage-io,office,7362,EUR,approved,captured,ev_9jznww
3342,2026-08-30T10:16:55.000Z,agent-16,quillpress,advertising,6782,EUR,approved,captured,ev_1egplq
3343,2026-08-30T10:44:09.000Z,agent-10,voltage-io,software,2999,EUR,approved,captured,ev_3m2mf6
3344,2026-08-30T11:19:33.000Z,agent-19,pierstone-pay,groceries,10881,EUR,approved,captured,ev_bbmftp
3345,2026-08-30T11:35:35.000Z,agent-26,cobalt-cloud,software,3929,EUR,approved,captured,ev_1arln2
3346,2026-08-30T11:50:40.000Z,agent-16,harbor-db,office,11877,EUR,approved,captured,ev_dt4z8f
3347,2026-08-30T12:01:11.000Z,agent-30,northline-api,advertising,20315,EUR,approved,captured,ev_3iip43
3348,2026-08-30T12:19:40.000Z,agent-12,juniper-ai,cloud,9426,EUR,approved,captured,ev_crp085
3349,2026-08-30T12:55:23.000Z,agent-33,mineral-storage,travel,9014,EUR,approved,captured,ev_d6wfcw
3350,2026-08-30T13:20:57.000Z,agent-30,harbor-db,groceries,40908,EUR,approved,captured,ev_20ubw7
3351,2026-08-30T13:40:22.000Z,agent-13,orchid-labs,hosting,9564,EUR,approved,captured,ev_83djed
3352,2026-08-30T14:01:35.000Z,agent-05,ferrite-tools,domains,5177,EUR,approved,refunded,ev_76f8k4
3353,2026-08-30T15:14:42.000Z,agent-07,voltage-io,cloud,8286,EUR,approved,captured,ev_9xf7h0
3354,2026-08-30T15:21:37.000Z,agent-32,cobalt-cloud,hosting,16379,EUR,approved,captured,ev_cer4ie
3355,2026-08-30T15:30:52.000Z,agent-35,pierstone-pay,travel,5475,EUR,approved,captured,ev_7pys2a
3356,2026-08-30T15:31:09.000Z,agent-36,atlas-mail,office,16527,EUR,approved,failed,ev_19hd9n
3357,2026-08-30T16:03:18.000Z,agent-20,vellum-crm,hosting,35392,EUR,approved,captured,ev_dl6d47
3358,2026-08-30T16:40:40.000Z,agent-06,vellum-crm,groceries,11598,EUR,approved,captured,ev_64df2l
3359,2026-08-30T16:57:29.000Z,agent-23,voltage-io,cloud,11000,EUR,approved,captured,ev_2mn7ym
3360,2026-08-30T17:03:10.000Z,agent-24,meridian-cdn,domains,11530,EUR,approved,captured,ev_2yr6k0
3361,2026-08-30T17:34:18.000Z,agent-11,mineral-storage,cloud,3718,EUR,approved,captured,ev_g9idmv
3362,2026-08-30T18:23:34.000Z,agent-38,voltage-io,cloud,7017,EUR,approved,captured,ev_ds7m3h
3363,2026-08-30T18:51:05.000Z,agent-31,ferrodata,office,12179,EUR,approved,captured,ev_1l4uzi
3364,2026-08-30T19:27:05.000Z,agent-37,cobalt-cloud,domains,13561,EUR,approved,captured,ev_481fjt
3365,2026-08-30T19:29:09.000Z,agent-34,ferrodata,travel,6638,EUR,declined,none,ev_g7xb65
3366,2026-08-30T19:52:46.000Z,agent-05,vellum-crm,travel,33513,EUR,approved,captured,ev_dj2x29
3367,2026-08-30T20:24:28.000Z,agent-19,lumen-post,groceries,13938,EUR,approved,captured,ev_d0nxi7
3368,2026-08-30T21:19:50.000Z,agent-25,lumen-post,software,20863,EUR,approved,captured,ev_dqingv
3369,2026-08-30T22:35:51.000Z,agent-18,vellum-crm,cloud,16390,EUR,approved,captured,ev_1eyd62
3370,2026-08-30T23:54:24.000Z,agent-26,beacon-auth,domains,13867,EUR,approved,captured,ev_g7xbux
3371,2026-08-31T00:46:02.000Z,agent-07,bytehost,advertising,9644,EUR,approved,captured,ev_7gwd5a
3372,2026-08-31T01:03:51.000Z,agent-29,kestrel-metrics,groceries,8705,EUR,approved,captured,ev_d7pnuf
3373,2026-08-31T01:38:58.000Z,agent-36,northline-api,office,14345,EUR,approved,failed,ev_5tx31w
3374,2026-08-31T03:35:38.000Z,agent-05,atlas-mail,groceries,5288,EUR,approved,captured,ev_8l3hmf
3375,2026-08-31T03:58:27.000Z,agent-38,summit-infra,domains,6822,EUR,approved,captured,ev_fuk2oo
3376,2026-08-31T04:03:11.000Z,agent-27,beacon-auth,advertising,5734,EUR,approved,captured,ev_136qyu
3377,2026-08-31T04:25:24.000Z,agent-09,meridian-cdn,travel,10824,EUR,approved,captured,ev_78h9ii
3378,2026-08-31T05:17:26.000Z,agent-28,cobblestone-dev,advertising,5657,EUR,approved,captured,ev_6vr7l7
3379,2026-08-31T05:49:03.000Z,agent-24,cobalt-cloud,hosting,6732,EUR,approved,captured,ev_x4xcb
3380,2026-08-31T06:56:11.000Z,agent-31,ferrite-tools,cloud,14485,EUR,approved,captured,ev_8r0k8c
3381,2026-08-31T07:00:22.000Z,agent-33,orchid-labs,cloud,4694,EUR,approved,captured,ev_db7jvz
3382,2026-08-31T07:17:15.000Z,agent-12,beacon-auth,software,6167,EUR,approved,captured,ev_fb6fhy
3383,2026-08-31T07:20:46.000Z,agent-35,atlas-mail,advertising,15750,EUR,approved,captured,ev_bwiq4f
3384,2026-08-31T07:53:13.000Z,agent-21,mineral-storage,advertising,9344,EUR,approved,captured,ev_cssnlw
3385,2026-08-31T08:07:39.000Z,agent-14,bytehost,travel,19045,EUR,approved,captured,ev_alnn3c
3386,2026-08-31T08:11:55.000Z,agent-06,beacon-auth,groceries,5265,EUR,approved,captured,ev_e2l4ih
3387,2026-08-31T08:20:28.000Z,agent-39,ferrodata,advertising,14928,EUR,approved,captured,ev_4lg51p
3388,2026-08-31T08:48:50.000Z,agent-08,harbor-db,advertising,16506,EUR,approved,captured,ev_4yd0ji
3389,2026-08-31T08:54:48.000Z,agent-18,cobblestone-dev,advertising,5263,EUR,approved,captured,ev_6wkee8
3390,2026-08-31T09:02:11.000Z,agent-22,pierstone-pay,hosting,3842,EUR,approved,captured,ev_a9aky4
3391,2026-08-31T10:01:03.000Z,agent-17,orchid-labs,groceries,7478,EUR,approved,captured,ev_53oguf
3392,2026-08-31T10:08:41.000Z,agent-33,cobalt-cloud,office,9213,EUR,approved,captured,ev_81mw2q
3393,2026-08-31T10:14:45.000Z,agent-11,orchid-labs,advertising,5543,EUR,declined,none,ev_7bru5d
3394,2026-08-31T10:16:41.000Z,agent-15,lumen-post,software,5298,EUR,approved,captured,ev_1mkulm
3395,2026-08-31T10:33:53.000Z,agent-35,pierstone-pay,cloud,12055,EUR,approved,captured,ev_dddhb7
3396,2026-08-31T11:05:27.000Z,agent-40,mineral-storage,software,4207,EUR,approved,captured,ev_f7944l
3397,2026-08-31T12:29:27.000Z,agent-39,orchid-labs,software,13899,EUR,approved,failed,ev_97nirf
3398,2026-08-31T14:29:59.000Z,agent-30,summit-infra,office,8810,EUR,approved,captured,ev_15tvav
3399,2026-08-31T14:30:25.000Z,agent-32,summit-infra,groceries,13114,EUR,approved,captured,ev_g0bts3
3400,2026-08-31T14:35:56.000Z,agent-16,juniper-ai,groceries,8973,EUR,approved,captured,ev_ccklu
3401,2026-08-31T14:56:11.000Z,agent-19,cobblestone-dev,cloud,3961,EUR,approved,captured,ev_exzsum
3402,2026-08-31T15:15:32.000Z,agent-14,orchid-labs,hosting,9290,EUR,approved,refunded,ev_dy78s2
3403,2026-08-31T16:27:32.000Z,agent-13,mineral-storage,groceries,6496,EUR,approved,failed,ev_3oic3h
3404,2026-08-31T16:35:03.000Z,agent-23,cobalt-cloud,office,11201,EUR,approved,captured,ev_2ahuyj
3405,2026-08-31T17:06:31.000Z,agent-31,harbor-db,groceries,6141,EUR,approved,captured,ev_4vrb33
3406,2026-08-31T17:35:57.000Z,agent-20,cobblestone-dev,advertising,4080,EUR,approved,captured,ev_ax1r8w
3407,2026-08-31T18:00:55.000Z,agent-10,harbor-db,groceries,10465,EUR,approved,captured,ev_5o3xpn
3408,2026-08-31T18:10:44.000Z,agent-37,atlas-mail,cloud,3502,EUR,approved,captured,ev_3vk80o
3409,2026-08-31T18:26:56.000Z,agent-25,ferrodata,cloud,3415,EUR,approved,captured,ev_l4tm6
3410,2026-08-31T18:57:34.000Z,agent-11,northline-api,domains,19811,EUR,approved,captured,ev_417a7i
3411,2026-08-31T19:03:26.000Z,agent-38,cobblestone-dev,travel,5434,EUR,approved,captured,ev_11i8a9
3412,2026-08-31T19:22:35.000Z,agent-37,bytehost,travel,5997,EUR,approved,captured,ev_cd490c
3413,2026-08-31T19:27:22.000Z,agent-07,vellum-crm,advertising,10085,EUR,approved,refunded,ev_6dongh
3414,2026-08-31T19:36:06.000Z,agent-14,mineral-storage,software,3237,EUR,approved,captured,ev_bdmtfz
3415,2026-08-31T19:59:05.000Z,agent-21,pierstone-pay,office,6699,EUR,approved,refunded,ev_fhmn3w
3416,2026-08-31T20:21:53.000Z,agent-14,bytehost,cloud,6270,EUR,approved,captured,ev_b2vup3
3417,2026-08-31T21:15:37.000Z,agent-12,cobalt-cloud,travel,4631,EUR,approved,captured,ev_1zmfzj
3418,2026-08-31T21:17:37.000Z,agent-17,ferrite-tools,advertising,12265,EUR,approved,captured,ev_9dskpk
3419,2026-08-31T21:30:53.000Z,agent-22,voltage-io,advertising,11731,EUR,approved,captured,ev_a9fn0z
3420,2026-08-31T21:55:12.000Z,agent-26,pierstone-pay,cloud,7476,EUR,approved,captured,ev_brj5b
3421,2026-08-31T22:16:05.000Z,agent-34,orchid-labs,travel,5710,EUR,declined,none,ev_3xuvd7
3422,2026-08-31T23:13:06.000Z,agent-28,juniper-ai,groceries,8191,EUR,approved,captured,ev_dzd8x9
3423,2026-08-31T23:15:04.000Z,agent-16,mineral-storage,advertising,11954,EUR,approved,captured,ev_9vbeu7
3424,2026-08-31T23:53:38.000Z,agent-26,cobalt-cloud,travel,5493,EUR,approved,captured,ev_6ggq5y
3425,2026-09-01T01:38:27.000Z,agent-08,vellum-crm,travel,13718,EUR,approved,captured,ev_4lntd
3426,2026-09-01T01:46:30.000Z,agent-13,vellum-crm,groceries,11848,EUR,approved,captured,ev_c5k1uj
3427,2026-09-01T02:24:14.000Z,agent-29,pierstone-pay,groceries,4788,EUR,approved,captured,ev_32f7xs
3428,2026-09-01T02:43:45.000Z,agent-05,lumen-post,hosting,5189,EUR,approved,captured,ev_f3z5bv
3429,2026-09-01T03:51:11.000Z,agent-39,pierstone-pay,travel,6026,EUR,approved,captured,ev_auvnz0
3430,2026-09-01T04:06:22.000Z,agent-36,beacon-auth,travel,8179,EUR,approved,captured,ev_fvteb1
3431,2026-09-01T05:23:47.000Z,agent-18,summit-infra,software,14592,EUR,approved,captured,ev_e1sii4
3432,2026-09-01T05:43:52.000Z,agent-19,granite-crm,domains,8680,EUR,approved,captured,ev_a9u6tl
3433,2026-09-01T06:19:48.000Z,agent-36,granite-crm,hosting,6138,EUR,approved,captured,ev_fka90n
3434,2026-09-01T06:37:10.000Z,agent-13,kestrel-metrics,domains,18081,EUR,approved,captured,ev_cxvx0r
3435,2026-09-01T07:27:41.000Z,agent-31,atlas-mail,office,7375,EUR,approved,captured,ev_88t6q2
3436,2026-09-01T07:46:24.000Z,agent-27,quillpress,software,20326,EUR,approved,captured,ev_ce4zm5
3437,2026-09-01T08:25:13.000Z,agent-08,cobalt-cloud,travel,10968,EUR,approved,captured,ev_8ubi7c
3438,2026-09-01T08:32:16.000Z,agent-09,bytehost,travel,5836,EUR,approved,captured,ev_cls1mk
3439,2026-09-01T10:21:32.000Z,agent-23,quillpress,office,13020,EUR,approved,captured,ev_48gf04
3440,2026-09-01T10:55:27.000Z,agent-31,summit-infra,domains,6085,EUR,approved,captured,ev_bpc4xs
3441,2026-09-01T11:16:55.000Z,agent-40,beacon-auth,software,5384,EUR,approved,captured,ev_941shr
3442,2026-09-01T11:31:45.000Z,agent-24,railsgate,advertising,3562,EUR,approved,refunded,ev_60jma2
3443,2026-09-01T12:17:32.000Z,agent-15,juniper-ai,cloud,6961,EUR,declined,none,ev_72v0xk
3444,2026-09-01T13:02:49.000Z,agent-08,bytehost,hosting,4883,EUR,approved,captured,ev_2wcx4x
3445,2026-09-01T13:33:19.000Z,agent-33,harbor-db,groceries,8565,EUR,approved,refunded,ev_6whkne
3446,2026-09-01T14:09:10.000Z,agent-14,cobalt-cloud,advertising,10945,EUR,approved,captured,ev_36ptoj
3447,2026-09-01T14:11:02.000Z,agent-17,arkwright-domains,advertising,28518,EUR,approved,captured,ev_ac2j0b
3448,2026-09-01T14:46:16.000Z,agent-37,vellum-crm,hosting,14926,EUR,approved,captured,ev_64jd0q
3449,2026-09-01T15:20:25.000Z,agent-05,pierstone-pay,travel,7738,EUR,approved,captured,ev_58thpz
3450,2026-09-01T15:24:38.000Z,agent-06,beacon-auth,cloud,3823,EUR,approved,captured,ev_5szkmp
3451,2026-09-01T15:55:03.000Z,agent-35,arkwright-domains,advertising,12407,EUR,approved,captured,ev_7d018x
3452,2026-09-01T16:53:27.000Z,agent-10,beacon-auth,advertising,13219,EUR,approved,captured,ev_7a06w3
3453,2026-09-01T16:59:52.000Z,agent-39,pinecrest-apps,software,6862,EUR,approved,captured,ev_8d05r7
3454,2026-09-01T17:28:41.000Z,agent-25,quillpress,hosting,4016,EUR,approved,captured,ev_5f7ysg
3455,2026-09-01T17:30:44.000Z,agent-11,northline-api,cloud,9428,EUR,approved,captured,ev_c8erjy
3456,2026-09-01T18:27:45.000Z,agent-21,beacon-auth,groceries,12056,EUR,approved,failed,ev_c2d1wb
3457,2026-09-01T18:28:06.000Z,agent-16,arkwright-domains,domains,6947,EUR,approved,refunded,ev_dn5uft
3458,2026-09-01T18:28:32.000Z,agent-32,juniper-ai,advertising,20693,EUR,approved,captured,ev_2y4lu8
3459,2026-09-01T18:35:42.000Z,agent-36,summit-infra,travel,18044,EUR,approved,captured,ev_7ekhem
3460,2026-09-01T18:39:15.000Z,agent-33,arkwright-domains,travel,3864,EUR,approved,captured,ev_65b8gy
3461,2026-09-01T19:07:36.000Z,agent-10,juniper-ai,travel,14308,EUR,approved,captured,ev_5rbwh4
3462,2026-09-01T19:16:52.000Z,agent-37,lumen-post,travel,11242,EUR,approved,captured,ev_d0xusr
3463,2026-09-01T19:45:17.000Z,agent-21,orchid-labs,advertising,17503,EUR,approved,captured,ev_bmr50m
3464,2026-09-01T20:48:09.000Z,agent-38,railsgate,office,5291,EUR,approved,captured,ev_4ecfl1
3465,2026-09-01T21:09:58.000Z,agent-36,quillpress,hosting,12234,EUR,approved,captured,ev_2xb80k
3466,2026-09-01T21:19:17.000Z,agent-32,juniper-ai,travel,19534,EUR,approved,captured,ev_8icpy6
3467,2026-09-01T21:51:27.000Z,agent-30,voltage-io,office,10539,EUR,approved,refunded,ev_5cjtan
3468,2026-09-01T21:52:10.000Z,agent-12,kestrel-metrics,advertising,17024,EUR,approved,captured,ev_4bg4fe
3469,2026-09-01T22:34:16.000Z,agent-20,summit-infra,hosting,8604,EUR,approved,captured,ev_3d5tmq
3470,2026-09-01T23:33:16.000Z,agent-07,arkwright-domains,advertising,9773,EUR,approved,captured,ev_82q4md
3471,2026-09-01T23:41:52.000Z,agent-06,beacon-auth,software,7157,EUR,approved,captured,ev_fzc46d
3472,2026-09-02T00:29:46.000Z,agent-19,pinecrest-apps,groceries,22994,EUR,approved,captured,ev_1hj6ev
3473,2026-09-02T00:37:30.000Z,agent-34,meridian-cdn,groceries,8564,EUR,approved,captured,ev_1in81i
3474,2026-09-02T01:00:35.000Z,agent-31,granite-crm,advertising,24261,EUR,approved,captured,ev_caxuod
3475,2026-09-02T01:07:26.000Z,agent-11,bytehost,hosting,13641,EUR,approved,captured,ev_fd0oyt
3476,2026-09-02T02:00:59.000Z,agent-38,juniper-ai,advertising,3807,EUR,approved,refunded,ev_6zmgx0
3477,2026-09-02T04:04:51.000Z,agent-13,pierstone-pay,domains,13228,EUR,approved,refunded,ev_eq8522
3478,2026-09-02T04:43:43.000Z,agent-22,atlas-mail,software,8589,EUR,approved,captured,ev_crh70g
3479,2026-09-02T05:06:20.000Z,agent-26,kestrel-metrics,advertising,28830,EUR,approved,captured,ev_c2xg2z
3480,2026-09-02T05:20:53.000Z,agent-11,pierstone-pay,office,5505,EUR,approved,captured,ev_bcf4wx
3481,2026-09-02T06:13:54.000Z,agent-28,beacon-auth,travel,7836,EUR,approved,captured,ev_7pqku3
3482,2026-09-02T06:18:49.000Z,agent-17,vellum-crm,travel,18864,EUR,approved,captured,ev_bhfapx
3483,2026-09-02T06:26:17.000Z,agent-29,arkwright-domains,domains,4634,EUR,approved,captured,ev_ytife
3484,2026-09-02T06:49:11.000Z,agent-12,beacon-auth,groceries,7386,EUR,approved,captured,ev_2zjagq
3485,2026-09-02T07:13:21.000Z,agent-18,ferrodata,cloud,11985,EUR,approved,captured,ev_3chpdh
3486,2026-09-02T07:57:58.000Z,agent-33,lumen-post,domains,4442,EUR,approved,captured,ev_1ub05o
3487,2026-09-02T08:35:22.000Z,agent-28,orchid-labs,advertising,7143,EUR,approved,captured,ev_4npsfp
3488,2026-09-02T08:52:07.000Z,agent-08,lumen-post,groceries,15478,EUR,approved,refunded,ev_bccunx
3489,2026-09-02T08:57:12.000Z,agent-07,northline-api,domains,5658,EUR,approved,captured,ev_9j4xl
3490,2026-09-02T10:08:18.000Z,agent-27,cobalt-cloud,domains,8015,EUR,approved,captured,ev_3krkt9
3491,2026-09-02T10:22:02.000Z,agent-14,granite-crm,groceries,6833,EUR,approved,captured,ev_aykqp4
3492,2026-09-02T10:23:30.000Z,agent-40,cobalt-cloud,hosting,6744,EUR,approved,captured,ev_a02w36
3493,2026-09-02T11:26:54.000Z,agent-20,harbor-db,advertising,15618,EUR,approved,captured,ev_7rskte
3494,2026-09-02T11:32:22.000Z,agent-39,arkwright-domains,software,4371,EUR,approved,captured,ev_29a1hj
3495,2026-09-02T11:56:29.000Z,agent-09,pinecrest-apps,cloud,7811,EUR,approved,captured,ev_e37cti
3496,2026-09-02T13:21:17.000Z,agent-05,granite-crm,groceries,10880,EUR,approved,captured,ev_c1o29a
3497,2026-09-02T13:30:09.000Z,agent-07,harbor-db,advertising,6713,EUR,approved,captured,ev_ea0tfm
3498,2026-09-02T13:44:08.000Z,agent-10,harbor-db,travel,4079,EUR,approved,captured,ev_5d8xk9
3499,2026-09-02T14:23:28.000Z,agent-15,meridian-cdn,travel,11712,EUR,approved,captured,ev_ck1cue
3500,2026-09-02T14:30:29.000Z,agent-20,orchid-labs,cloud,4731,EUR,approved,captured,ev_6i3e2v
3501,2026-09-02T14:41:13.000Z,agent-38,vellum-crm,advertising,14292,EUR,approved,captured,ev_6hdyhp
3502,2026-09-02T14:47:07.000Z,agent-06,arkwright-domains,hosting,9077,EUR,approved,captured,ev_4p8n03
3503,2026-09-02T15:03:03.000Z,agent-35,pinecrest-apps,hosting,4858,EUR,approved,captured,ev_cuaszx
3504,2026-09-02T15:18:42.000Z,agent-25,quillpress,advertising,7572,EUR,approved,captured,ev_51zij6
3505,2026-09-02T16:03:09.000Z,agent-34,pierstone-pay,travel,7601,EUR,approved,captured,ev_52pmx
3506,2026-09-02T16:49:24.000Z,agent-30,bytehost,software,4641,EUR,approved,captured,ev_a518be
3507,2026-09-02T17:48:52.000Z,agent-24,granite-crm,groceries,8122,EUR,approved,captured,ev_36p8cj
3508,2026-09-02T17:53:31.000Z,agent-35,kestrel-metrics,office,4311,EUR,declined,none,ev_b95toj
3509,2026-09-02T18:16:12.000Z,agent-40,railsgate,cloud,9484,EUR,approved,captured,ev_v19w0
3510,2026-09-02T18:33:26.000Z,agent-23,cobblestone-dev,cloud,13285,EUR,approved,captured,ev_29ge6h
3511,2026-09-02T18:58:44.000Z,agent-18,northline-api,travel,11115,EUR,approved,captured,ev_fz8dw5
3512,2026-09-02T19:36:46.000Z,agent-16,northline-api,cloud,14299,EUR,approved,captured,ev_cfoq4o
3513,2026-09-02T19:40:33.000Z,agent-22,arkwright-domains,groceries,10400,EUR,approved,captured,ev_1c6jxa
3514,2026-09-02T19:55:09.000Z,agent-21,atlas-mail,cloud,7755,EUR,approved,captured,ev_14wj8
3515,2026-09-02T19:56:56.000Z,agent-06,arkwright-domains,office,6320,EUR,approved,captured,ev_2kr5c2
3516,2026-09-02T20:10:29.000Z,agent-29,voltage-io,software,8063,EUR,declined,none,ev_f5d43m
3517,2026-09-02T20:29:19.000Z,agent-26,cobblestone-dev,advertising,10626,EUR,approved,captured,ev_ajxcq5
3518,2026-09-02T21:22:21.000Z,agent-19,kestrel-metrics,travel,19215,EUR,approved,captured,ev_ccll0y
3519,2026-09-02T21:46:39.000Z,agent-08,voltage-io,software,12539,EUR,approved,captured,ev_cup4sh
3520,2026-09-02T21:57:52.000Z,agent-40,arkwright-domains,advertising,8628,EUR,approved,captured,ev_35low7
3521,2026-09-02T22:20:19.000Z,agent-09,beacon-auth,advertising,8124,EUR,approved,captured,ev_f76uu2
3522,2026-09-02T23:08:45.000Z,agent-08,quillpress,travel,6629,EUR,approved,captured,ev_czmamb
3523,2026-09-02T23:24:07.000Z,agent-40,cobblestone-dev,travel,14467,EUR,approved,captured,ev_aijwpd
3524,2026-09-03T00:51:46.000Z,agent-37,pinecrest-apps,travel,7312,EUR,approved,captured,ev_5uwz5m
3525,2026-09-03T01:01:59.000Z,agent-32,bytehost,advertising,12881,EUR,approved,captured,ev_buhjxt
3526,2026-09-03T01:35:29.000Z,agent-34,beacon-auth,domains,7502,EUR,approved,captured,ev_fnle16
3527,2026-09-03T01:49:05.000Z,agent-15,atlas-mail,travel,8193,EUR,approved,captured,ev_5mk4p6
3528,2026-09-03T03:38:08.000Z,agent-36,cobalt-cloud,office,11960,EUR,approved,captured,ev_abff67
3529,2026-09-03T03:41:16.000Z,agent-13,vellum-crm,advertising,13776,EUR,approved,captured,ev_3yksd7
3530,2026-09-03T04:31:58.000Z,agent-40,ferrite-tools,software,11524,EUR,approved,captured,ev_8ny9d1
3531,2026-09-03T05:05:50.000Z,agent-35,cinderstack,hosting,3796,EUR,approved,captured,ev_8r07jp
3532,2026-09-03T05:36:22.000Z,agent-17,meridian-cdn,software,10957,EUR,approved,captured,ev_214fig
3533,2026-09-03T05:53:58.000Z,agent-38,vellum-crm,software,8446,EUR,approved,captured,ev_ctlqtd
3534,2026-09-03T06:32:49.000Z,agent-23,beacon-auth,groceries,4013,EUR,approved,captured,ev_8bauz3
3535,2026-09-03T07:30:45.000Z,agent-31,summit-infra,software,11018,EUR,approved,captured,ev_fftkgd
3536,2026-09-03T07:35:11.000Z,agent-07,juniper-ai,travel,6523,EUR,approved,captured,ev_7lugvo
3537,2026-09-03T07:51:22.000Z,agent-18,northline-api,advertising,6956,EUR,approved,refunded,ev_5wcr6c
3538,2026-09-03T08:54:41.000Z,agent-36,pierstone-pay,travel,20918,EUR,approved,captured,ev_37wu7m
3539,2026-09-03T09:21:47.000Z,agent-29,mineral-storage,groceries,8768,EUR,approved,captured,ev_1z8kps
3540,2026-09-03T09:22:55.000Z,agent-10,mineral-storage,hosting,3002,EUR,approved,captured,ev_fus3gc
3541,2026-09-03T09:35:24.000Z,agent-14,granite-crm,advertising,9002,EUR,approved,captured,ev_2kjl7r
3542,2026-09-03T10:40:50.000Z,agent-20,pierstone-pay,domains,34914,EUR,approved,captured,ev_f6te98
3543,2026-09-03T11:08:54.000Z,agent-11,cobalt-cloud,office,16630,EUR,approved,failed,ev_szxaq
3544,2026-09-03T11:14:02.000Z,agent-33,lumen-post,groceries,3963,EUR,approved,captured,ev_gc5hym
3545,2026-09-03T11:29:14.000Z,agent-28,summit-infra,domains,6947,EUR,approved,captured,ev_6z0xjr
3546,2026-09-03T11:32:00.000Z,agent-13,vellum-crm,travel,21248,EUR,approved,captured,ev_5h29z3
3547,2026-09-03T11:55:52.000Z,agent-17,juniper-ai,travel,15130,EUR,approved,captured,ev_3j1r43
3548,2026-09-03T12:02:18.000Z,agent-38,vellum-crm,advertising,5054,EUR,approved,captured,ev_5ii2ue
3549,2026-09-03T12:46:17.000Z,agent-34,arkwright-domains,groceries,10156,EUR,approved,captured,ev_237ld1
3550,2026-09-03T13:23:33.000Z,agent-27,vellum-crm,cloud,6477,EUR,approved,captured,ev_9ya3ji
3551,2026-09-03T13:25:01.000Z,agent-33,ferrite-tools,advertising,15148,EUR,approved,captured,ev_dork3h
3552,2026-09-03T13:28:07.000Z,agent-16,pinecrest-apps,groceries,5062,EUR,approved,captured,ev_7ofukf
3553,2026-09-03T13:33:52.000Z,agent-12,cobalt-cloud,office,5106,EUR,approved,captured,ev_5lvsjx
3554,2026-09-03T13:54:47.000Z,agent-35,juniper-ai,travel,15217,EUR,approved,captured,ev_27ex2o
3555,2026-09-03T14:00:30.000Z,agent-39,orchid-labs,travel,5804,EUR,approved,captured,ev_2g6xgv
3556,2026-09-03T15:08:52.000Z,agent-40,ferrite-tools,groceries,11492,EUR,approved,captured,ev_bq67yj
3557,2026-09-03T16:09:15.000Z,agent-24,ferrodata,travel,10257,EUR,approved,captured,ev_epjrx4
3558,2026-09-03T16:17:15.000Z,agent-19,orchid-labs,domains,4939,EUR,approved,captured,ev_uqr50
3559,2026-09-03T17:16:54.000Z,agent-40,ferrite-tools,advertising,5404,EUR,approved,captured,ev_6tw6md
3560,2026-09-03T17:25:01.000Z,agent-31,mineral-storage,travel,11546,EUR,approved,captured,ev_f9kic1
3561,2026-09-03T17:51:00.000Z,agent-25,granite-crm,travel,5508,EUR,declined,none,ev_gcfeg
3562,2026-09-03T17:51:31.000Z,agent-24,railsgate,advertising,1880,EUR,approved,captured,ev_94w4w6
3563,2026-09-03T18:35:09.000Z,agent-23,voltage-io,hosting,6879,EUR,declined,none,ev_ab4g9d
3564,2026-09-03T18:38:06.000Z,agent-06,atlas-mail,domains,2348,EUR,approved,captured,ev_6tk3t9
3565,2026-09-03T18:43:16.000Z,agent-05,mineral-storage,travel,14974,EUR,approved,captured,ev_45z558
3566,2026-09-03T18:45:45.000Z,agent-28,arkwright-domains,advertising,10881,EUR,approved,captured,ev_edpri2
3567,2026-09-03T18:50:20.000Z,agent-15,juniper-ai,cloud,8377,EUR,approved,captured,ev_7cnj9u
3568,2026-09-03T18:53:00.000Z,agent-35,juniper-ai,travel,11400,EUR,approved,captured,ev_e8bc4c
3569,2026-09-03T19:00:32.000Z,agent-30,bytehost,advertising,4633,EUR,approved,failed,ev_8bo6nb
3570,2026-09-03T19:39:14.000Z,agent-05,harbor-db,groceries,14137,EUR,approved,captured,ev_dlrz86
3571,2026-09-03T19:41:39.000Z,agent-09,atlas-mail,domains,10510,EUR,approved,captured,ev_amovyl
3572,2026-09-03T19:46:10.000Z,agent-29,bytehost,hosting,5779,EUR,approved,failed,ev_9ustaf
3573,2026-09-03T21:50:40.000Z,agent-21,northline-api,office,12541,EUR,approved,captured,ev_3xksyy
3574,2026-09-03T21:55:07.000Z,agent-34,mineral-storage,domains,11776,EUR,approved,captured,ev_1fkidw
3575,2026-09-03T22:19:45.000Z,agent-22,bytehost,groceries,7203,EUR,approved,captured,ev_a38d17
3576,2026-09-03T22:47:01.000Z,agent-26,cobblestone-dev,cloud,14202,EUR,approved,captured,ev_14ko2n
3577,2026-09-03T23:37:51.000Z,agent-11,quillpress,cloud,7597,EUR,approved,captured,ev_7tge1x
3578,2026-09-03T23:41:09.000Z,agent-15,ferrodata,office,14033,EUR,approved,captured,ev_40ylgs
3579,2026-09-04T01:12:40.000Z,agent-13,ferrite-tools,hosting,7177,EUR,declined,none,ev_5gv7q6
3580,2026-09-04T01:44:11.000Z,agent-05,pinecrest-apps,travel,8844,EUR,approved,captured,ev_4tuia2
3581,2026-09-04T02:24:30.000Z,agent-12,voltage-io,office,7985,EUR,approved,captured,ev_d5kdmx
3582,2026-09-04T02:43:15.000Z,agent-21,pierstone-pay,office,6524,EUR,approved,captured,ev_diujb9
3583,2026-09-04T03:31:42.000Z,agent-17,voltage-io,office,5966,EUR,approved,captured,ev_1jcfbi
3584,2026-09-04T03:34:40.000Z,agent-19,vellum-crm,software,10161,EUR,approved,captured,ev_5v2co3
3585,2026-09-04T04:22:32.000Z,agent-08,summit-infra,office,7513,EUR,declined,none,ev_4cl5l4
3586,2026-09-04T04:25:24.000Z,agent-31,cobalt-cloud,travel,11898,EUR,approved,captured,ev_11ugcm
3587,2026-09-04T05:01:28.000Z,agent-07,granite-crm,software,10246,EUR,approved,captured,ev_bevo1w
3588,2026-09-04T05:12:24.000Z,agent-29,arkwright-domains,hosting,31448,EUR,approved,captured,ev_enkh0o
3589,2026-09-04T05:33:33.000Z,agent-20,ferrite-tools,software,12482,EUR,approved,captured,ev_1pku21
3590,2026-09-04T05:51:03.000Z,agent-32,orchid-labs,travel,11125,EUR,approved,captured,ev_3j0wj8
3591,2026-09-04T07:34:19.000Z,agent-30,ferrodata,hosting,5895,EUR,approved,captured,ev_59zsku
3592,2026-09-04T08:02:49.000Z,agent-19,meridian-cdn,cloud,12167,EUR,approved,captured,ev_b50ivz
3593,2026-09-04T08:16:18.000Z,agent-37,juniper-ai,office,5840,EUR,approved,captured,ev_b7pt3f
3594,2026-09-04T09:42:53.000Z,agent-18,bytehost,advertising,6692,EUR,approved,captured,ev_8obn21
3595,2026-09-04T10:03:03.000Z,agent-10,railsgate,travel,7447,EUR,approved,captured,ev_1qt3zn
3596,2026-09-04T10:50:35.000Z,agent-17,atlas-mail,office,6336,EUR,approved,captured,ev_fy4esn
3597,2026-09-04T11:04:28.000Z,agent-09,quillpress,hosting,18849,EUR,approved,captured,ev_ao1q3b
3598,2026-09-04T11:06:09.000Z,agent-11,juniper-ai,cloud,7209,EUR,approved,captured,ev_yrl4a
3599,2026-09-04T11:11:54.000Z,agent-14,cobblestone-dev,groceries,20334,EUR,approved,captured,ev_90q7gz
3600,2026-09-04T11:17:47.000Z,agent-29,beacon-auth,advertising,4463,EUR,approved,captured,ev_3ymjo6
3601,2026-09-04T11:18:55.000Z,agent-16,arkwright-domains,advertising,12208,EUR,approved,captured,ev_aabzto
3602,2026-09-04T12:23:19.000Z,agent-28,bytehost,office,3438,EUR,approved,captured,ev_bm9tcb
3603,2026-09-04T13:07:57.000Z,agent-17,orchid-labs,office,15051,EUR,approved,captured,ev_dwyw69
3604,2026-09-04T14:35:14.000Z,agent-38,pinecrest-apps,domains,8844,EUR,approved,captured,ev_exwydp
3605,2026-09-04T14:40:49.000Z,agent-33,granite-crm,cloud,11967,EUR,approved,captured,ev_6ws8vq
3606,2026-09-04T15:17:03.000Z,agent-36,summit-infra,travel,9419,EUR,approved,captured,ev_8zggj0
3607,2026-09-04T15:18:01.000Z,agent-19,cobblestone-dev,hosting,31409,EUR,approved,captured,ev_8ac40z
3608,2026-09-04T16:25:15.000Z,agent-05,railsgate,hosting,7796,EUR,approved,captured,ev_77xm5u
3609,2026-09-04T16:46:09.000Z,agent-24,meridian-cdn,office,9672,EUR,approved,captured,ev_ap5jrc
3610,2026-09-04T16:57:53.000Z,agent-27,railsgate,groceries,5226,EUR,approved,captured,ev_bho9pj
3611,2026-09-04T16:59:16.000Z,agent-21,juniper-ai,advertising,5599,EUR,approved,captured,ev_en736i
3612,2026-09-04T17:34:45.000Z,agent-22,quillpress,office,15500,EUR,approved,captured,ev_1y962b
3613,2026-09-04T17:38:01.000Z,agent-07,vellum-crm,office,6989,EUR,approved,captured,ev_23dhal
3614,2026-09-04T17:39:35.000Z,agent-11,bytehost,groceries,8763,EUR,approved,captured,ev_dnpsy5
3615,2026-09-04T18:29:13.000Z,agent-40,arkwright-domains,software,13444,EUR,approved,captured,ev_f8csi3
3616,2026-09-04T18:37:20.000Z,agent-15,harbor-db,software,12472,EUR,approved,captured,ev_fu0bmu
3617,2026-09-04T19:46:58.000Z,agent-08,arkwright-domains,travel,6251,EUR,approved,captured,ev_dq3otx
3618,2026-09-04T19:51:31.000Z,agent-23,lumen-post,travel,6512,EUR,approved,captured,ev_35mahd
3619,2026-09-04T20:16:22.000Z,agent-13,railsgate,advertising,2596,EUR,approved,captured,ev_ee1ua4
3620,2026-09-04T20:17:32.000Z,agent-06,northline-api,office,12885,EUR,approved,captured,ev_ia25a
3621,2026-09-04T20:20:41.000Z,agent-32,ferrite-tools,software,10629,EUR,approved,captured,ev_5f6fys
3622,2026-09-04T20:29:16.000Z,agent-20,quillpress,hosting,9339,EUR,approved,failed,ev_1uxyt7
3623,2026-09-04T20:38:56.000Z,agent-12,cobalt-cloud,advertising,4616,EUR,approved,captured,ev_7cffc3
3624,2026-09-04T21:14:44.000Z,agent-18,northline-api,cloud,14231,EUR,approved,captured,ev_ftje0c
3625,2026-09-04T21:33:21.000Z,agent-39,quillpress,advertising,4478,EUR,approved,refunded,ev_14llwe
3626,2026-09-04T21:58:58.000Z,agent-31,vellum-crm,groceries,15460,EUR,approved,captured,ev_f5kegr
3627,2026-09-04T22:06:40.000Z,agent-25,lumen-post,cloud,10935,EUR,approved,captured,ev_c9w0l4
3628,2026-09-04T22:53:32.000Z,agent-06,summit-infra,software,9966,EUR,approved,captured,ev_1k5gsr
3629,2026-09-04T23:35:23.000Z,agent-34,granite-crm,office,25500,EUR,approved,captured,ev_9hwaeu
3630,2026-09-04T23:48:14.000Z,agent-11,atlas-mail,software,7580,EUR,approved,captured,ev_126pjb
3631,2026-09-05T00:01:31.000Z,agent-23,granite-crm,domains,7738,EUR,approved,captured,ev_1w2zk5
3632,2026-09-05T00:04:00.000Z,agent-19,northline-api,software,8433,EUR,approved,captured,ev_8uhrd5
3633,2026-09-05T00:32:26.000Z,agent-10,vellum-crm,software,3293,EUR,declined,none,ev_2k4im9
3634,2026-09-05T00:49:51.000Z,agent-35,beacon-auth,domains,13895,EUR,approved,failed,ev_7l6qzi
3635,2026-09-05T01:32:07.000Z,agent-37,quillpress,groceries,8444,EUR,approved,captured,ev_eu8sph
3636,2026-09-05T01:40:33.000Z,agent-06,ferrite-tools,travel,7893,EUR,declined,none,ev_9ijsy1
3637,2026-09-05T01:55:36.000Z,agent-29,beacon-auth,travel,8644,EUR,approved,captured,ev_5xiln9
3638,2026-09-05T01:57:17.000Z,agent-17,granite-crm,travel,9506,EUR,approved,captured,ev_3gxj7z
3639,2026-09-05T02:49:31.000Z,agent-11,ferrite-tools,travel,3841,EUR,approved,captured,ev_fc30ct
3640,2026-09-05T03:11:00.000Z,agent-09,ferrite-tools,office,14958,EUR,approved,failed,ev_amjy7z
3641,2026-09-05T03:52:59.000Z,agent-28,pinecrest-apps,groceries,7750,EUR,approved,captured,ev_e2mtzw
3642,2026-09-05T04:22:22.000Z,agent-12,beacon-auth,groceries,13314,EUR,declined,none,ev_c01hjc
3643,2026-09-05T05:10:49.000Z,agent-13,mineral-storage,groceries,8983,EUR,approved,captured,ev_44stdw
3644,2026-09-05T05:20:18.000Z,agent-40,pierstone-pay,advertising,31324,EUR,approved,captured,ev_bqsf6c
3645,2026-09-05T05:36:15.000Z,agent-26,cobalt-cloud,advertising,8887,EUR,approved,refunded,ev_b8dexp
3646,2026-09-05T06:25:14.000Z,agent-29,northline-api,cloud,10093,EUR,approved,captured,ev_4arcnb
3647,2026-09-05T06:44:20.000Z,agent-25,railsgate,hosting,3121,EUR,approved,captured,ev_g4fo56
3648,2026-09-05T08:22:43.000Z,agent-30,northline-api,groceries,16660,EUR,approved,failed,ev_8xzucj
3649,2026-09-05T09:05:22.000Z,agent-06,lumen-post,travel,4574,EUR,approved,captured,ev_8h6wkx
3650,2026-09-05T09:29:05.000Z,agent-20,harbor-db,domains,9673,EUR,approved,captured,ev_223rqu
3651,2026-09-05T09:53:37.000Z,agent-29,cobblestone-dev,travel,25224,EUR,approved,captured,ev_bw5axt
3652,2026-09-05T10:51:55.000Z,agent-22,mineral-storage,domains,9271,EUR,approved,captured,ev_61hajy
3653,2026-09-05T11:08:56.000Z,agent-36,voltage-io,cloud,13643,EUR,approved,captured,ev_5cvxk7
3654,2026-09-05T11:14:49.000Z,agent-21,vellum-crm,software,9645,EUR,approved,captured,ev_2o2rb2
3655,2026-09-05T11:20:02.000Z,agent-09,cinderstack,office,14209,EUR,approved,captured,ev_7jiv5f
3656,2026-09-05T11:44:12.000Z,agent-11,beacon-auth,cloud,8106,EUR,approved,failed,ev_djdxlz
3657,2026-09-05T12:24:29.000Z,agent-28,bytehost,domains,7181,EUR,approved,captured,ev_pbutz
3658,2026-09-05T12:35:28.000Z,agent-07,northline-api,travel,13559,EUR,approved,captured,ev_7tary9
3659,2026-09-05T12:41:59.000Z,agent-14,kestrel-metrics,hosting,6949,EUR,approved,captured,ev_cubemx
3660,2026-09-05T12:54:06.000Z,agent-12,atlas-mail,software,8125,EUR,approved,captured,ev_d2ixhi
3661,2026-09-05T13:41:27.000Z,agent-16,northline-api,hosting,11251,EUR,approved,captured,ev_7np3df
3662,2026-09-05T14:36:50.000Z,agent-05,meridian-cdn,cloud,17097,EUR,approved,captured,ev_3bjj0d
3663,2026-09-05T14:43:44.000Z,agent-36,lumen-post,travel,2884,EUR,approved,captured,ev_cvlnvx
3664,2026-09-05T15:55:07.000Z,agent-39,cobblestone-dev,domains,17929,EUR,approved,captured,ev_46y9b1
3665,2026-09-05T16:54:45.000Z,agent-38,summit-infra,office,7692,EUR,approved,captured,ev_7bi8l8
3666,2026-09-05T17:01:56.000Z,agent-32,bytehost,travel,4611,EUR,approved,captured,ev_8hwn3z
3667,2026-09-05T17:04:42.000Z,agent-40,railsgate,software,9035,EUR,approved,captured,ev_6aprji
3668,2026-09-05T17:41:08.000Z,agent-10,mineral-storage,groceries,4753,EUR,approved,refunded,ev_cpiby1
3669,2026-09-05T18:00:14.000Z,agent-23,orchid-labs,hosting,8042,EUR,approved,captured,ev_5pnc0u
3670,2026-09-05T19:32:15.000Z,agent-19,meridian-cdn,groceries,11637,EUR,approved,captured,ev_7lh784
3671,2026-09-05T19:40:00.000Z,agent-32,cobalt-cloud,domains,6392,EUR,declined,none,ev_51bsgr
3672,2026-09-05T20:31:56.000Z,agent-27,railsgate,cloud,5680,EUR,approved,captured,ev_3olu6v
3673,2026-09-05T20:59:56.000Z,agent-24,railsgate,office,7331,EUR,approved,captured,ev_e11lj1
3674,2026-09-05T21:16:54.000Z,agent-14,orchid-labs,office,7685,EUR,approved,captured,ev_4xiz8b
3675,2026-09-05T21:24:11.000Z,agent-18,pierstone-pay,cloud,10477,EUR,approved,captured,ev_4p4ibc
3676,2026-09-05T21:47:51.000Z,agent-26,summit-infra,office,7820,EUR,approved,captured,ev_69syd6
3677,2026-09-05T21:56:19.000Z,agent-33,atlas-mail,groceries,4941,EUR,approved,captured,ev_2vtse2
3678,2026-09-05T23:32:43.000Z,agent-29,arkwright-domains,groceries,8032,EUR,approved,captured,ev_fummkx
3679,2026-09-06T00:06:58.000Z,agent-32,harbor-db,cloud,18972,EUR,approved,captured,ev_4wfj6h
3680,2026-09-06T00:41:20.000Z,agent-21,meridian-cdn,software,10593,EUR,approved,captured,ev_irp4
3681,2026-09-06T01:26:41.000Z,agent-11,beacon-auth,groceries,7875,EUR,approved,captured,ev_21auaw
3682,2026-09-06T02:43:48.000Z,agent-06,quillpress,hosting,4960,EUR,approved,captured,ev_7vj0l6
3683,2026-09-06T02:51:35.000Z,agent-15,lumen-post,software,11568,EUR,approved,captured,ev_5dnu5e
3684,2026-09-06T04:00:18.000Z,agent-08,northline-api,domains,6657,EUR,approved,captured,ev_5d3k8k
3685,2026-09-06T04:00:47.000Z,agent-20,lumen-post,hosting,3133,EUR,approved,captured,ev_c3ue0t
3686,2026-09-06T04:31:24.000Z,agent-34,meridian-cdn,software,11624,EUR,approved,captured,ev_bkx1bq
3687,2026-09-06T05:00:17.000Z,agent-31,mineral-storage,travel,16061,EUR,approved,captured,ev_576qe6
3688,2026-09-06T05:38:36.000Z,agent-16,quillpress,advertising,2678,EUR,approved,captured,ev_ahnlva
3689,2026-09-06T06:09:28.000Z,agent-25,railsgate,travel,5787,EUR,approved,captured,ev_e873s4
3690,2026-09-06T06:18:20.000Z,agent-36,pinecrest-apps,groceries,18442,EUR,approved,captured,ev_79mgpi
3691,2026-09-06T06:49:11.000Z,agent-13,meridian-cdn,advertising,15649,EUR,approved,captured,ev_76jopm
3692,2026-09-06T06:57:04.000Z,agent-35,summit-infra,groceries,23150,EUR,approved,captured,ev_aypazo
3693,2026-09-06T07:23:37.000Z,agent-11,pinecrest-apps,advertising,6274,EUR,approved,captured,ev_e7wbu9
3694,2026-09-06T08:04:34.000Z,agent-37,pierstone-pay,hosting,4131,EUR,approved,captured,ev_9yvf50
3695,2026-09-06T08:22:45.000Z,agent-17,summit-infra,hosting,8781,EUR,approved,captured,ev_3o9d68
3696,2026-09-06T11:18:30.000Z,agent-11,mineral-storage,advertising,11886,EUR,declined,none,ev_7vdjdx
3697,2026-09-06T12:02:37.000Z,agent-10,northline-api,advertising,9368,EUR,approved,captured,ev_f2o6xg
3698,2026-09-06T12:27:56.000Z,agent-07,cinderstack,advertising,4472,EUR,approved,captured,ev_76xrjs
3699,2026-09-06T12:54:00.000Z,agent-19,pinecrest-apps,advertising,10034,EUR,declined,none,ev_acm5bh
3700,2026-09-06T13:11:22.000Z,agent-05,railsgate,office,35746,EUR,approved,captured,ev_4dh8n5
3701,2026-09-06T13:16:12.000Z,agent-33,kestrel-metrics,domains,39795,EUR,approved,captured,ev_dv3t4r
3702,2026-09-06T13:48:09.000Z,agent-28,granite-crm,travel,13723,EUR,approved,captured,ev_e90mh7
3703,2026-09-06T14:23:43.000Z,agent-12,ferrite-tools,software,7580,EUR,approved,captured,ev_8t7v45
3704,2026-09-06T15:26:21.000Z,agent-30,quillpress,travel,14189,EUR,approved,captured,ev_8anxjr
3705,2026-09-06T17:00:01.000Z,agent-40,quillpress,travel,15025,EUR,approved,captured,ev_a8spaq
3706,2026-09-06T17:00:57.000Z,agent-23,pinecrest-apps,software,13900,EUR,approved,refunded,ev_21z69o
3707,2026-09-06T17:53:14.000Z,agent-23,arkwright-domains,software,4706,EUR,approved,captured,ev_e66blj
3708,2026-09-06T18:05:00.000Z,agent-22,granite-crm,office,14788,EUR,approved,captured,ev_3dpxxa
3709,2026-09-06T18:28:09.000Z,agent-09,beacon-auth,software,6938,EUR,approved,captured,ev_1zpyzb
3710,2026-09-06T21:15:25.000Z,agent-13,beacon-auth,software,4652,EUR,declined,none,ev_6t4d88
3711,2026-09-06T21:22:16.000Z,agent-26,orchid-labs,travel,10532,EUR,approved,captured,ev_a8c3x3
3712,2026-09-06T21:40:32.000Z,agent-29,harbor-db,advertising,9432,EUR,approved,captured,ev_woyu6
3713,2026-09-06T21:40:49.000Z,agent-36,ferrite-tools,domains,14972,EUR,approved,captured,ev_9c5c7g
3714,2026-09-06T21:45:56.000Z,agent-23,ferrite-tools,office,19725,EUR,approved,captured,ev_6hder0
3715,2026-09-06T22:42:12.000Z,agent-37,ferrite-tools,cloud,4398,EUR,approved,captured,ev_agrkue
3716,2026-09-06T22:43:49.000Z,agent-25,pinecrest-apps,groceries,16428,EUR,approved,captured,ev_6avtg7
3717,2026-09-06T22:47:59.000Z,agent-39,bytehost,office,8226,EUR,approved,captured,ev_dg9ysa
3718,2026-09-06T23:29:36.000Z,agent-14,bytehost,hosting,16032,EUR,approved,refunded,ev_a74q5
3719,2026-09-06T23:38:58.000Z,agent-12,orchid-labs,software,4445,EUR,approved,refunded,ev_7lopsn
3720,2026-09-06T23:52:40.000Z,agent-31,kestrel-metrics,cloud,6050,EUR,approved,captured,ev_elgxvi
3721,2026-09-07T00:06:57.000Z,agent-18,harbor-db,domains,6526,EUR,approved,captured,ev_3wmu3r
3722,2026-09-07T00:25:09.000Z,agent-12,summit-infra,hosting,10000,EUR,approved,captured,ev_fgkw3h
3723,2026-09-07T00:39:36.000Z,agent-35,northline-api,office,24040,EUR,approved,captured,ev_ezxpei
3724,2026-09-07T01:04:54.000Z,agent-38,granite-crm,hosting,8094,EUR,approved,captured,ev_fd3ctb
3725,2026-09-07T01:05:12.000Z,agent-27,ferrite-tools,advertising,12849,EUR,approved,failed,ev_4dzax6
3726,2026-09-07T01:43:43.000Z,agent-23,cobblestone-dev,domains,4433,EUR,approved,captured,ev_61du5a
3727,2026-09-07T01:53:03.000Z,agent-40,mineral-storage,groceries,12806,EUR,approved,captured,ev_3dgdvs
3728,2026-09-07T02:18:10.000Z,agent-12,bytehost,software,2764,EUR,approved,captured,ev_fging0
3729,2026-09-07T02:26:12.000Z,agent-24,bytehost,domains,24262,EUR,approved,captured,ev_dpxud8
3730,2026-09-07T03:26:23.000Z,agent-16,beacon-auth,hosting,29470,EUR,approved,captured,ev_5zxj47
3731,2026-09-07T04:03:58.000Z,agent-12,harbor-db,office,12729,EUR,approved,captured,ev_7cz0fe
3732,2026-09-07T04:21:59.000Z,agent-30,northline-api,domains,21996,EUR,approved,captured,ev_3zxxgc
3733,2026-09-07T04:34:16.000Z,agent-08,summit-infra,travel,9985,EUR,approved,captured,ev_4lao9t
3734,2026-09-07T04:34:16.000Z,agent-23,vellum-crm,software,16552,EUR,approved,captured,ev_afhsbx
3735,2026-09-07T04:37:53.000Z,agent-15,atlas-mail,advertising,9894,EUR,approved,captured,ev_42z6cm
3736,2026-09-07T04:42:14.000Z,agent-21,lumen-post,advertising,12425,EUR,approved,captured,ev_f85s94
3737,2026-09-07T05:04:27.000Z,agent-34,harbor-db,domains,12032,EUR,approved,captured,ev_4t2fyt
3738,2026-09-07T05:23:54.000Z,agent-25,lumen-post,office,8878,EUR,approved,captured,ev_7z70zn
3739,2026-09-07T06:37:34.000Z,agent-06,vellum-crm,travel,3748,EUR,approved,captured,ev_epbvfn
3740,2026-09-07T06:58:31.000Z,agent-32,northline-api,hosting,12887,EUR,approved,refunded,ev_bfmv4n
3741,2026-09-07T07:22:48.000Z,agent-10,bytehost,office,27164,EUR,approved,captured,ev_4gmqag
3742,2026-09-07T07:31:43.000Z,agent-24,atlas-mail,advertising,12045,EUR,approved,refunded,ev_ct2e6g
3743,2026-09-07T08:00:46.000Z,agent-11,mineral-storage,travel,5419,EUR,approved,refunded,ev_8lroql
3744,2026-09-07T08:11:45.000Z,agent-25,cobblestone-dev,hosting,9461,EUR,approved,captured,ev_d42kaa
3745,2026-09-07T09:19:00.000Z,agent-19,arkwright-domains,groceries,6643,EUR,declined,none,ev_8h8c5t
3746,2026-09-07T09:28:24.000Z,agent-29,atlas-mail,travel,15112,EUR,approved,captured,ev_g96hzh
3747,2026-09-07T10:05:37.000Z,agent-26,railsgate,advertising,4516,EUR,approved,captured,ev_2frsdw
3748,2026-09-07T10:57:19.000Z,agent-18,atlas-mail,domains,12249,EUR,approved,captured,ev_3hqpol
3749,2026-09-07T11:22:41.000Z,agent-11,harbor-db,cloud,11929,EUR,approved,captured,ev_d3tcai
3750,2026-09-07T11:34:43.000Z,agent-20,lumen-post,groceries,16823,EUR,approved,captured,ev_e0kzh6
3751,2026-09-07T11:41:52.000Z,agent-27,quillpress,cloud,6425,EUR,approved,captured,ev_1w40l2
3752,2026-09-07T12:54:53.000Z,agent-40,cinderstack,travel,14733,EUR,approved,captured,ev_1tlqcn
3753,2026-09-07T13:23:09.000Z,agent-05,cinderstack,travel,14437,EUR,approved,captured,ev_f028lj
3754,2026-09-07T13:46:00.000Z,agent-12,harbor-db,software,16351,EUR,approved,captured,ev_vqyck
3755,2026-09-07T13:50:10.000Z,agent-25,northline-api,travel,12979,EUR,approved,captured,ev_frqvly
3756,2026-09-07T13:55:00.000Z,agent-28,atlas-mail,groceries,20811,EUR,approved,captured,ev_eivmqn
3757,2026-09-07T14:25:55.000Z,agent-26,quillpress,software,16730,EUR,approved,captured,ev_1ojfd2
3758,2026-09-07T14:55:42.000Z,agent-18,cobalt-cloud,hosting,9879,EUR,approved,captured,ev_3ndzxn
3759,2026-09-07T15:22:30.000Z,agent-36,northline-api,groceries,4871,EUR,approved,captured,ev_dpb0pm
3760,2026-09-07T15:28:05.000Z,agent-27,kestrel-metrics,travel,10725,EUR,approved,captured,ev_57t0x
3761,2026-09-07T15:34:35.000Z,agent-13,pierstone-pay,travel,17281,EUR,approved,captured,ev_8zxq20
3762,2026-09-07T15:47:21.000Z,agent-21,summit-infra,cloud,11007,EUR,approved,captured,ev_7ok2bx
3763,2026-09-07T15:54:52.000Z,agent-12,quillpress,cloud,9409,EUR,approved,captured,ev_58l6ss
3764,2026-09-07T15:58:14.000Z,agent-07,harbor-db,office,7653,EUR,approved,captured,ev_1m0sd9
3765,2026-09-07T16:22:00.000Z,agent-17,meridian-cdn,software,12135,EUR,approved,captured,ev_6m09uk
3766,2026-09-07T17:29:04.000Z,agent-35,northline-api,groceries,12017,EUR,approved,refunded,ev_8tkmwi
3767,2026-09-07T17:59:32.000Z,agent-33,cobblestone-dev,travel,5351,EUR,approved,captured,ev_e2dlvw
3768,2026-09-07T18:01:02.000Z,agent-22,kestrel-metrics,office,14827,EUR,approved,captured,ev_a2ndl6
3769,2026-09-07T18:10:48.000Z,agent-38,juniper-ai,advertising,13012,EUR,approved,captured,ev_deodsf
3770,2026-09-07T18:47:24.000Z,agent-09,kestrel-metrics,advertising,12848,EUR,approved,refunded,ev_26083g
3771,2026-09-07T19:03:41.000Z,agent-31,ferrite-tools,groceries,10650,EUR,approved,captured,ev_btrymy
3772,2026-09-07T19:34:25.000Z,agent-14,atlas-mail,software,9572,EUR,approved,captured,ev_frf8mn
3773,2026-09-07T19:54:53.000Z,agent-37,summit-infra,groceries,15110,EUR,approved,captured,ev_3vfzm8
3774,2026-09-07T21:10:24.000Z,agent-15,cobalt-cloud,domains,10896,EUR,approved,captured,ev_3ygn1
3775,2026-09-07T21:21:50.000Z,agent-09,cobblestone-dev,office,19776,EUR,approved,failed,ev_ceso61
3776,2026-09-07T21:47:55.000Z,agent-06,juniper-ai,travel,8777,EUR,approved,captured,ev_dvnfn7
3777,2026-09-07T21:50:50.000Z,agent-38,northline-api,advertising,5556,EUR,approved,captured,ev_6s3p2c
3778,2026-09-07T22:44:13.000Z,agent-22,summit-infra,cloud,8238,EUR,approved,captured,ev_a5nr81
3779,2026-09-08T00:14:50.000Z,agent-08,cobblestone-dev,groceries,22918,EUR,approved,captured,ev_efwbdg
3780,2026-09-08T01:20:39.000Z,agent-28,vellum-crm,software,9276,EUR,approved,captured,ev_2eodvg
3781,2026-09-08T04:01:57.000Z,agent-25,mineral-storage,hosting,8711,EUR,approved,captured,ev_a1tqq9
3782,2026-09-08T04:18:15.000Z,agent-39,vellum-crm,travel,51361,EUR,approved,captured,ev_a4qrko
3783,2026-09-08T04:28:10.000Z,agent-40,pinecrest-apps,advertising,3552,EUR,approved,captured,ev_42f5k
3784,2026-09-08T04:51:07.000Z,agent-05,granite-crm,advertising,15653,EUR,declined,none,ev_8rupxr
3785,2026-09-08T05:05:12.000Z,agent-34,ferrite-tools,software,3547,EUR,approved,captured,ev_3v7yft
3786,2026-09-08T05:37:23.000Z,agent-23,atlas-mail,groceries,10348,EUR,approved,failed,ev_4n7s3p
3787,2026-09-08T06:01:52.000Z,agent-21,mineral-storage,office,13346,EUR,approved,captured,ev_8ohknd
3788,2026-09-08T06:04:52.000Z,agent-28,lumen-post,travel,6576,EUR,approved,captured,ev_eqvizp
3789,2026-09-08T06:29:07.000Z,agent-16,orchid-labs,advertising,4630,EUR,approved,captured,ev_calbkh
3790,2026-09-08T06:30:20.000Z,agent-15,quillpress,domains,17002,EUR,declined,none,ev_egjn5c
3791,2026-09-08T06:45:01.000Z,agent-17,pierstone-pay,hosting,14385,EUR,approved,captured,ev_5hncmq
3792,2026-09-08T07:57:04.000Z,agent-30,voltage-io,hosting,6596,EUR,approved,captured,ev_c938fj
3793,2026-09-08T08:34:14.000Z,agent-38,lumen-post,hosting,8204,EUR,approved,captured,ev_4l952g
3794,2026-09-08T08:48:28.000Z,agent-19,northline-api,advertising,5239,EUR,approved,refunded,ev_dq48vp
3795,2026-09-08T09:27:24.000Z,agent-36,pinecrest-apps,advertising,13613,EUR,approved,captured,ev_49h30z
3796,2026-09-08T09:54:15.000Z,agent-10,juniper-ai,advertising,6214,EUR,approved,captured,ev_7iw6nw
3797,2026-09-08T09:59:29.000Z,agent-24,cobblestone-dev,travel,7963,EUR,approved,captured,ev_7de79b
3798,2026-09-08T11:14:03.000Z,agent-32,atlas-mail,hosting,17666,EUR,approved,captured,ev_abrljw
3799,2026-09-08T12:38:51.000Z,agent-11,meridian-cdn,domains,6399,EUR,approved,captured,ev_9hk7xq
3800,2026-09-08T12:42:50.000Z,agent-29,railsgate,advertising,8837,EUR,approved,captured,ev_2g8bti
3801,2026-09-08T13:09:58.000Z,agent-16,cobblestone-dev,advertising,6508,EUR,approved,captured,ev_cbvirz
3802,2026-09-08T13:10:16.000Z,agent-34,harbor-db,cloud,4190,EUR,approved,captured,ev_ak9fzs
3803,2026-09-08T13:58:53.000Z,agent-12,granite-crm,advertising,4612,EUR,declined,none,ev_b8syj6
3804,2026-09-08T14:20:46.000Z,agent-10,voltage-io,office,9730,EUR,approved,captured,ev_es0t0u
3805,2026-09-08T14:44:36.000Z,agent-39,pierstone-pay,domains,5726,EUR,approved,captured,ev_82tfoi
3806,2026-09-08T14:49:20.000Z,agent-38,ferrite-tools,cloud,18160,EUR,approved,captured,ev_4qd1t0
3807,2026-09-08T14:50:03.000Z,agent-31,ferrodata,travel,4778,EUR,approved,captured,ev_ew62z6
3808,2026-09-08T15:11:09.000Z,agent-14,lumen-post,office,11693,EUR,approved,captured,ev_29njcm
3809,2026-09-08T15:11:27.000Z,agent-30,beacon-auth,office,6495,EUR,approved,captured,ev_e1aqx9
3810,2026-09-08T15:47:12.000Z,agent-18,harbor-db,office,5628,EUR,approved,refunded,ev_82umyl
3811,2026-09-08T16:06:28.000Z,agent-20,meridian-cdn,hosting,16917,EUR,approved,captured,ev_7vpl2
3812,2026-09-08T16:40:07.000Z,agent-33,orchid-labs,domains,19858,EUR,approved,captured,ev_2rzpei
3813,2026-09-08T17:12:30.000Z,agent-26,pierstone-pay,hosting,6217,EUR,approved,captured,ev_3iwscb
3814,2026-09-08T19:10:32.000Z,agent-05,cobalt-cloud,groceries,36237,EUR,approved,captured,ev_f26khp
3815,2026-09-08T19:44:59.000Z,agent-09,cobalt-cloud,domains,10658,EUR,approved,captured,ev_c5845j
3816,2026-09-08T20:35:04.000Z,agent-20,northline-api,cloud,15685,EUR,approved,captured,ev_a9uuzh
3817,2026-09-08T21:26:28.000Z,agent-27,quillpress,groceries,13678,EUR,approved,captured,ev_7k4l7o
3818,2026-09-08T21:26:33.000Z,agent-25,mineral-storage,cloud,21036,EUR,approved,failed,ev_bj2xwe
3819,2026-09-08T21:29:40.000Z,agent-40,granite-crm,advertising,7352,EUR,approved,captured,ev_c3lyxl
3820,2026-09-08T21:36:21.000Z,agent-08,summit-infra,hosting,5840,EUR,approved,captured,ev_7y2yy7
3821,2026-09-08T21:43:09.000Z,agent-13,voltage-io,cloud,28865,EUR,approved,captured,ev_5dnwjg
3822,2026-09-08T22:40:25.000Z,agent-16,pierstone-pay,office,9469,EUR,approved,captured,ev_cf2hbz
3823,2026-09-08T22:50:02.000Z,agent-23,northline-api,software,9089,EUR,approved,captured,ev_dqr95u
3824,2026-09-08T22:58:20.000Z,agent-35,harbor-db,groceries,6089,EUR,approved,captured,ev_a1qa9v
3825,2026-09-08T23:30:12.000Z,agent-07,cinderstack,domains,12237,EUR,approved,captured,ev_9owy0b
3826,2026-09-08T23:34:54.000Z,agent-14,voltage-io,domains,10712,EUR,approved,captured,ev_ejdoxq
3827,2026-09-09T00:01:58.000Z,agent-40,voltage-io,groceries,6203,EUR,approved,captured,ev_7wyl80
3828,2026-09-09T00:02:52.000Z,agent-11,granite-crm,groceries,13234,EUR,approved,failed,ev_adgvr
3829,2026-09-09T00:31:48.000Z,agent-16,atlas-mail,hosting,15803,EUR,approved,captured,ev_b3834z
3830,2026-09-09T00:40:38.000Z,agent-39,harbor-db,domains,8931,EUR,approved,captured,ev_xpkyj
3831,2026-09-09T00:50:16.000Z,agent-24,quillpress,hosting,21825,EUR,approved,captured,ev_96eps6
3832,2026-09-09T01:08:33.000Z,agent-34,meridian-cdn,cloud,11681,EUR,approved,captured,ev_a65svz
3833,2026-09-09T01:23:06.000Z,agent-06,lumen-post,cloud,11404,EUR,approved,captured,ev_29jtep
3834,2026-09-09T01:43:26.000Z,agent-28,summit-infra,office,16758,EUR,approved,captured,ev_6pffl1
3835,2026-09-09T03:09:21.000Z,agent-37,beacon-auth,advertising,8674,EUR,declined,none,ev_fdwlab
3836,2026-09-09T03:14:02.000Z,agent-28,lumen-post,cloud,8217,EUR,approved,captured,ev_comhf0
3837,2026-09-09T04:49:28.000Z,agent-20,orchid-labs,office,2153,EUR,approved,captured,ev_30fhx2
3838,2026-09-09T05:04:56.000Z,agent-22,mineral-storage,advertising,5192,EUR,approved,failed,ev_a4kxlx
3839,2026-09-09T05:15:51.000Z,agent-19,pierstone-pay,hosting,8180,EUR,approved,captured,ev_1u4qmy
3840,2026-09-09T05:25:09.000Z,agent-11,arkwright-domains,hosting,7684,EUR,approved,captured,ev_fa3ap4
3841,2026-09-09T06:32:15.000Z,agent-15,northline-api,domains,5497,EUR,approved,captured,ev_e9omyf
3842,2026-09-09T06:42:12.000Z,agent-26,cobblestone-dev,travel,3971,EUR,approved,captured,ev_dgctb9
3843,2026-09-09T07:20:47.000Z,agent-17,juniper-ai,groceries,11817,EUR,approved,captured,ev_4hkuaz
3844,2026-09-09T07:43:30.000Z,agent-29,harbor-db,travel,6815,EUR,approved,captured,ev_38yb1v
3845,2026-09-09T08:02:21.000Z,agent-25,kestrel-metrics,advertising,9969,EUR,approved,captured,ev_fyebdf
3846,2026-09-09T08:19:24.000Z,agent-37,arkwright-domains,advertising,2336,EUR,approved,captured,ev_4mgotk
3847,2026-09-09T08:52:15.000Z,agent-21,kestrel-metrics,hosting,6111,EUR,approved,captured,ev_do0uip
3848,2026-09-09T10:24:39.000Z,agent-23,pinecrest-apps,travel,8682,EUR,approved,captured,ev_f1gw2r
3849,2026-09-09T11:00:32.000Z,agent-30,ferrodata,domains,14118,EUR,declined,none,ev_cd2qv2
3850,2026-09-09T12:08:06.000Z,agent-31,northline-api,cloud,9879,EUR,approved,captured,ev_4l1g54
3851,2026-09-09T13:10:59.000Z,agent-23,ferrodata,software,7827,EUR,approved,captured,ev_6h737y
3852,2026-09-09T13:21:30.000Z,agent-31,cobblestone-dev,domains,8147,EUR,approved,captured,ev_9e9q34
3853,2026-09-09T13:34:33.000Z,agent-17,summit-infra,groceries,8558,EUR,approved,captured,ev_54xr57
3854,2026-09-09T14:16:22.000Z,agent-36,beacon-auth,travel,13932,EUR,approved,captured,ev_1l5d3f
3855,2026-09-09T14:37:28.000Z,agent-30,vellum-crm,groceries,10407,EUR,approved,captured,ev_dtou6i
3856,2026-09-09T14:43:32.000Z,agent-33,granite-crm,cloud,12132,EUR,approved,captured,ev_7cef9z
3857,2026-09-09T15:46:22.000Z,agent-38,orchid-labs,cloud,10937,EUR,approved,captured,ev_bcvl81
3858,2026-09-09T15:52:04.000Z,agent-11,northline-api,advertising,16949,EUR,approved,captured,ev_6ljils
3859,2026-09-09T16:57:38.000Z,agent-32,atlas-mail,cloud,3445,EUR,approved,captured,ev_24lppb
3860,2026-09-09T17:05:06.000Z,agent-05,bytehost,cloud,5655,EUR,approved,captured,ev_7ngwq6
3861,2026-09-09T17:41:05.000Z,agent-12,cobblestone-dev,software,4183,EUR,approved,captured,ev_ce90rk
3862,2026-09-09T17:52:16.000Z,agent-09,summit-infra,cloud,5542,EUR,approved,failed,ev_4ltssk
3863,2026-09-09T18:57:25.000Z,agent-20,lumen-post,hosting,6850,EUR,approved,captured,ev_7hwg4j
3864,2026-09-09T19:05:20.000Z,agent-10,voltage-io,software,10056,EUR,approved,captured,ev_49ubwl
3865,2026-09-09T20:24:45.000Z,agent-18,northline-api,hosting,9138,EUR,approved,captured,ev_g2ttx1
3866,2026-09-09T20:42:19.000Z,agent-27,kestrel-metrics,hosting,14876,EUR,approved,captured,ev_cic0iq
3867,2026-09-09T21:26:14.000Z,agent-21,beacon-auth,travel,7550,EUR,approved,captured,ev_e13y3a
3868,2026-09-09T21:31:26.000Z,agent-09,lumen-post,travel,14223,EUR,approved,captured,ev_9zafno
3869,2026-09-09T22:54:59.000Z,agent-31,bytehost,travel,10070,EUR,approved,captured,ev_ebrvr8
3870,2026-09-09T23:12:00.000Z,agent-05,arkwright-domains,hosting,2723,EUR,approved,captured,ev_cr8um6
3871,2026-09-09T23:14:43.000Z,agent-36,arkwright-domains,advertising,6515,EUR,approved,captured,ev_56zoj4
3872,2026-09-09T23:19:10.000Z,agent-24,granite-crm,software,18355,EUR,approved,failed,ev_8awyqz
3873,2026-09-09T23:24:18.000Z,agent-08,meridian-cdn,travel,10693,EUR,approved,captured,ev_9ecqzl
3874,2026-09-09T23:47:49.000Z,agent-39,meridian-cdn,travel,15892,EUR,approved,captured,ev_20ol63
3875,2026-09-10T00:24:15.000Z,agent-16,voltage-io,advertising,18714,EUR,approved,captured,ev_fotm63
3876,2026-09-10T00:36:45.000Z,agent-18,railsgate,software,5671,EUR,approved,captured,ev_ali77v
3877,2026-09-10T01:03:33.000Z,agent-40,cinderstack,groceries,7073,EUR,declined,none,ev_a6j12b
3878,2026-09-10T01:03:52.000Z,agent-34,granite-crm,domains,11541,EUR,approved,captured,ev_6ut29z
3879,2026-09-10T01:15:21.000Z,agent-06,harbor-db,software,11257,EUR,approved,captured,ev_pchwn
3880,2026-09-10T01:31:47.000Z,agent-26,juniper-ai,groceries,10237,EUR,declined,none,ev_1dr49l
3881,2026-09-10T01:52:24.000Z,agent-22,kestrel-metrics,software,6275,EUR,approved,captured,ev_77tliq
3882,2026-09-10T01:58:08.000Z,agent-13,juniper-ai,hosting,3506,EUR,declined,none,ev_86iux3
3883,2026-09-10T01:58:11.000Z,agent-14,meridian-cdn,hosting,9154,EUR,approved,captured,ev_3zsm4w
3884,2026-09-10T02:39:03.000Z,agent-13,voltage-io,travel,16719,EUR,declined,none,ev_1hyslq
3885,2026-09-10T02:51:36.000Z,agent-33,cobalt-cloud,office,12680,EUR,approved,captured,ev_cg77r3
3886,2026-09-10T03:17:10.000Z,agent-21,atlas-mail,groceries,15315,EUR,approved,captured,ev_fn4l7g
3887,2026-09-10T04:02:53.000Z,agent-38,cinderstack,groceries,7163,EUR,approved,captured,ev_926us0
3888,2026-09-10T04:39:58.000Z,agent-07,harbor-db,groceries,4036,EUR,approved,captured,ev_bt4sqt
3889,2026-09-10T04:52:46.000Z,agent-10,beacon-auth,cloud,9692,EUR,approved,captured,ev_clbxmk
3890,2026-09-10T05:25:40.000Z,agent-09,cinderstack,software,6638,EUR,approved,captured,ev_enotwd
3891,2026-09-10T05:30:29.000Z,agent-07,vellum-crm,hosting,10796,EUR,approved,captured,ev_7fd3fw
3892,2026-09-10T05:33:44.000Z,agent-35,voltage-io,cloud,25293,EUR,approved,captured,ev_37m3ph
3893,2026-09-10T05:38:43.000Z,agent-30,voltage-io,travel,4212,EUR,approved,captured,ev_bk6kgk
3894,2026-09-10T06:54:25.000Z,agent-15,juniper-ai,hosting,12084,EUR,approved,captured,ev_7znvky
3895,2026-09-10T07:03:46.000Z,agent-39,meridian-cdn,hosting,6634,EUR,approved,captured,ev_2bkaqp
3896,2026-09-10T07:32:17.000Z,agent-25,atlas-mail,travel,8575,EUR,approved,captured,ev_9pw1jn
3897,2026-09-10T08:18:30.000Z,agent-07,cobblestone-dev,advertising,14466,EUR,declined,none,ev_azbuba
3898,2026-09-10T08:33:08.000Z,agent-18,mineral-storage,travel,8446,EUR,declined,none,ev_bw6i2y
3899,2026-09-10T08:44:29.000Z,agent-27,railsgate,groceries,9393,EUR,approved,captured,ev_cp564y
3900,2026-09-10T09:00:14.000Z,agent-19,ferrite-tools,office,3966,EUR,approved,captured,ev_7gfizp
3901,2026-09-10T09:21:45.000Z,agent-10,meridian-cdn,travel,12466,EUR,approved,captured,ev_61tjef
3902,2026-09-10T09:30:57.000Z,agent-32,summit-infra,travel,5289,EUR,approved,captured,ev_62ls5c
3903,2026-09-10T10:01:36.000Z,agent-11,ferrodata,travel,7403,EUR,approved,captured,ev_5a67ks
3904,2026-09-10T10:40:36.000Z,agent-28,juniper-ai,groceries,5114,EUR,approved,captured,ev_7pbu9c
3905,2026-09-10T11:00:34.000Z,agent-06,cobblestone-dev,office,25123,EUR,approved,captured,ev_98jc0l
3906,2026-09-10T11:04:07.000Z,agent-21,pierstone-pay,office,6674,EUR,approved,refunded,ev_yqfiv
3907,2026-09-10T11:11:47.000Z,agent-29,beacon-auth,cloud,6084,EUR,approved,failed,ev_7fabcq
3908,2026-09-10T12:08:21.000Z,agent-11,pinecrest-apps,groceries,11367,EUR,approved,captured,ev_636iv1
3909,2026-09-10T12:35:21.000Z,agent-15,ferrodata,advertising,6761,EUR,approved,refunded,ev_91v9k2
3910,2026-09-10T13:57:00.000Z,agent-23,cobblestone-dev,cloud,5226,EUR,approved,captured,ev_6hrzmv
3911,2026-09-10T14:23:24.000Z,agent-37,pierstone-pay,cloud,7587,EUR,approved,captured,ev_972cfj
3912,2026-09-10T14:34:09.000Z,agent-35,juniper-ai,office,6408,EUR,approved,captured,ev_5327td
3913,2026-09-10T14:51:59.000Z,agent-16,pinecrest-apps,software,6946,EUR,approved,captured,ev_g9vwfm
3914,2026-09-10T16:41:43.000Z,agent-10,ferrite-tools,office,10539,EUR,approved,captured,ev_dlfef9
3915,2026-09-10T17:54:55.000Z,agent-18,ferrodata,groceries,15485,EUR,declined,none,ev_g7b2u5
3916,2026-09-10T18:21:14.000Z,agent-30,beacon-auth,groceries,5747,EUR,approved,captured,ev_blsvr3
3917,2026-09-10T20:24:13.000Z,agent-17,atlas-mail,hosting,10782,EUR,approved,captured,ev_8sfaqr
3918,2026-09-10T20:55:37.000Z,agent-39,lumen-post,hosting,3595,EUR,approved,captured,ev_9jbacg
3919,2026-09-10T21:29:19.000Z,agent-25,railsgate,groceries,7203,EUR,approved,captured,ev_fsms5y
3920,2026-09-10T23:04:09.000Z,agent-12,northline-api,domains,10684,EUR,approved,refunded,ev_uofy0
3921,2026-09-10T23:05:35.000Z,agent-35,quillpress,domains,11936,EUR,approved,captured,ev_bex8ab
3922,2026-09-10T23:22:32.000Z,agent-26,vellum-crm,office,13125,EUR,approved,captured,ev_82us38
3923,2026-09-10T23:57:44.000Z,agent-20,ferrite-tools,groceries,18647,EUR,approved,captured,ev_fk6tom
3924,2026-09-11T00:06:41.000Z,agent-26,quillpress,hosting,16882,EUR,approved,captured,ev_4mjsbw
3925,2026-09-11T00:09:36.000Z,agent-36,harbor-db,travel,11817,EUR,approved,captured,ev_dq13nb
3926,2026-09-11T00:29:19.000Z,agent-33,quillpress,hosting,17679,EUR,approved,captured,ev_blqej6
3927,2026-09-11T00:31:12.000Z,agent-21,harbor-db,groceries,5028,EUR,approved,captured,ev_1doroe
3928,2026-09-11T00:36:27.000Z,agent-08,juniper-ai,office,9793,EUR,approved,captured,ev_68klae
3929,2026-09-11T01:20:22.000Z,agent-31,arkwright-domains,office,28450,EUR,approved,captured,ev_86etp2
3930,2026-09-11T02:05:16.000Z,agent-09,northline-api,hosting,6647,EUR,approved,captured,ev_d4vgsf
3931,2026-09-11T02:32:06.000Z,agent-34,mineral-storage,domains,7863,EUR,approved,captured,ev_7rd9wz
3932,2026-09-11T02:40:13.000Z,agent-29,voltage-io,software,5648,EUR,approved,failed,ev_3lln3o
3933,2026-09-11T02:47:44.000Z,agent-40,cinderstack,advertising,23933,EUR,approved,captured,ev_4cmk6i
3934,2026-09-11T03:17:02.000Z,agent-23,railsgate,office,9424,EUR,approved,captured,ev_3yq6zl
3935,2026-09-11T03:18:28.000Z,agent-05,pierstone-pay,office,4015,EUR,approved,captured,ev_a04f8w
3936,2026-09-11T04:25:16.000Z,agent-20,kestrel-metrics,hosting,7954,EUR,approved,captured,ev_13zird
3937,2026-09-11T04:40:56.000Z,agent-14,railsgate,hosting,8474,EUR,approved,captured,ev_a2naom
3938,2026-09-11T04:41:30.000Z,agent-07,kestrel-metrics,advertising,7873,EUR,approved,captured,ev_dboay8
3939,2026-09-11T04:48:15.000Z,agent-24,atlas-mail,groceries,7225,EUR,approved,captured,ev_bgvlrs
3940,2026-09-11T05:34:29.000Z,agent-13,bytehost,office,10467,EUR,approved,captured,ev_4w1hko
3941,2026-09-11T06:03:22.000Z,agent-28,mineral-storage,travel,18726,EUR,approved,captured,ev_4642ja
3942,2026-09-11T06:17:00.000Z,agent-22,ferrodata,hosting,4801,EUR,approved,captured,ev_bn7wmj
3943,2026-09-11T06:44:10.000Z,agent-33,harbor-db,hosting,10744,EUR,approved,captured,ev_f0ihka
3944,2026-09-11T07:44:54.000Z,agent-08,kestrel-metrics,domains,11266,EUR,declined,none,ev_e6qzu6
3945,2026-09-11T08:41:22.000Z,agent-29,ferrite-tools,hosting,16892,EUR,approved,captured,ev_4r5sb1
3946,2026-09-11T08:53:33.000Z,agent-27,lumen-post,cloud,8610,EUR,approved,captured,ev_br2zih
3947,2026-09-11T08:56:33.000Z,agent-09,pinecrest-apps,hosting,17727,EUR,approved,captured,ev_43qtmn
3948,2026-09-11T08:59:06.000Z,agent-15,meridian-cdn,hosting,20716,EUR,approved,captured,ev_gfegnj
3949,2026-09-11T09:37:25.000Z,agent-39,ferrodata,cloud,14127,EUR,approved,captured,ev_90ovrl
3950,2026-09-11T10:06:44.000Z,agent-07,bytehost,software,13568,EUR,approved,captured,ev_et4vt3
3951,2026-09-11T10:16:41.000Z,agent-30,railsgate,office,4157,EUR,approved,captured,ev_a3e2zn
3952,2026-09-11T10:28:10.000Z,agent-35,pinecrest-apps,travel,15928,EUR,approved,captured,ev_6qbw0p
3953,2026-09-11T10:31:24.000Z,agent-25,bytehost,domains,10154,EUR,approved,captured,ev_6972s2
3954,2026-09-11T10:55:28.000Z,agent-28,bytehost,cloud,5298,EUR,approved,captured,ev_97y1ot
3955,2026-09-11T11:06:03.000Z,agent-33,cobalt-cloud,cloud,10355,EUR,approved,captured,ev_dx8515
3956,2026-09-11T11:39:02.000Z,agent-38,juniper-ai,travel,6467,EUR,approved,captured,ev_1ps0ny
3957,2026-09-11T12:28:02.000Z,agent-05,pierstone-pay,groceries,5564,EUR,approved,captured,ev_805w4n
3958,2026-09-11T12:39:40.000Z,agent-11,harbor-db,travel,5566,EUR,approved,captured,ev_4ova69
3959,2026-09-11T13:11:47.000Z,agent-13,beacon-auth,cloud,4198,EUR,approved,refunded,ev_501e3n
3960,2026-09-11T14:36:45.000Z,agent-29,juniper-ai,advertising,10905,EUR,approved,captured,ev_3dc1tf
3961,2026-09-11T14:55:09.000Z,agent-19,meridian-cdn,hosting,9378,EUR,declined,none,ev_a8dapp
3962,2026-09-11T15:11:29.000Z,agent-06,ferrodata,software,5752,EUR,approved,captured,ev_3stuc
3963,2026-09-11T15:40:05.000Z,agent-28,northline-api,groceries,2459,EUR,approved,captured,ev_9rvsrp
3964,2026-09-11T15:44:39.000Z,agent-32,northline-api,groceries,11781,EUR,approved,captured,ev_6zjbjv
3965,2026-09-11T16:33:24.000Z,agent-10,cinderstack,hosting,13956,EUR,approved,captured,ev_g82gir
3966,2026-09-11T17:09:04.000Z,agent-14,granite-crm,software,6867,EUR,approved,captured,ev_acao85
3967,2026-09-11T17:54:24.000Z,agent-10,lumen-post,groceries,7649,EUR,approved,captured,ev_2xl9lj
3968,2026-09-11T18:18:06.000Z,agent-23,quillpress,hosting,14026,EUR,approved,captured,ev_3tf82n
3969,2026-09-11T18:48:54.000Z,agent-38,quillpress,cloud,40529,EUR,approved,captured,ev_87koe2
3970,2026-09-11T19:11:13.000Z,agent-17,pinecrest-apps,office,8161,EUR,approved,captured,ev_3t4iql
3971,2026-09-11T19:53:49.000Z,agent-40,beacon-auth,advertising,11492,EUR,approved,failed,ev_8toyws
3972,2026-09-11T20:31:57.000Z,agent-05,northline-api,office,15062,EUR,approved,captured,ev_c97w2t
3973,2026-09-11T20:37:02.000Z,agent-24,pinecrest-apps,travel,8227,EUR,approved,captured,ev_23ta54
3974,2026-09-11T20:38:57.000Z,agent-37,railsgate,hosting,23839,EUR,approved,captured,ev_bi5nza
3975,2026-09-11T21:07:52.000Z,agent-19,quillpress,hosting,3267,EUR,approved,captured,ev_ah0ij1
3976,2026-09-11T21:19:53.000Z,agent-14,quillpress,software,5437,EUR,approved,captured,ev_1fzeju
3977,2026-09-11T22:22:36.000Z,agent-18,harbor-db,hosting,13209,EUR,approved,captured,ev_2acbyj
3978,2026-09-11T22:47:47.000Z,agent-16,ferrite-tools,hosting,8690,EUR,approved,captured,ev_g5v36c
3979,2026-09-11T22:52:05.000Z,agent-17,vellum-crm,advertising,10915,EUR,approved,captured,ev_jb2ep
3980,2026-09-11T23:04:18.000Z,agent-31,railsgate,groceries,9788,EUR,approved,captured,ev_gas7v8
3981,2026-09-11T23:55:15.000Z,agent-07,atlas-mail,domains,5904,EUR,approved,captured,ev_991anm
3982,2026-09-12T00:09:13.000Z,agent-39,railsgate,groceries,7273,EUR,approved,captured,ev_4weien
3983,2026-09-12T00:18:17.000Z,agent-25,northline-api,software,9442,EUR,approved,failed,ev_416kkc
3984,2026-09-12T01:29:59.000Z,agent-05,cinderstack,cloud,6122,EUR,approved,captured,ev_83hofa
3985,2026-09-12T01:45:34.000Z,agent-25,voltage-io,advertising,18116,EUR,declined,none,ev_cvq417
3986,2026-09-12T01:58:08.000Z,agent-08,lumen-post,office,6362,EUR,approved,captured,ev_a4m3y0
3987,2026-09-12T02:13:48.000Z,agent-34,mineral-storage,groceries,8338,EUR,approved,captured,ev_ew014a
3988,2026-09-12T02:14:27.000Z,agent-36,beacon-auth,hosting,4950,EUR,approved,refunded,ev_1tsjjm
3989,2026-09-12T02:30:41.000Z,agent-35,atlas-mail,domains,10768,EUR,approved,captured,ev_4kg0of
3990,2026-09-12T02:38:52.000Z,agent-20,beacon-auth,hosting,3925,EUR,approved,captured,ev_3u2wum
3991,2026-09-12T02:54:48.000Z,agent-12,voltage-io,domains,4545,EUR,approved,captured,ev_a92kgc
3992,2026-09-12T03:10:15.000Z,agent-19,cobblestone-dev,software,14667,EUR,declined,none,ev_97r7v8
3993,2026-09-12T03:56:12.000Z,agent-26,northline-api,hosting,14729,EUR,approved,captured,ev_7eknbz
3994,2026-09-12T04:45:38.000Z,agent-05,summit-infra,cloud,11371,EUR,approved,failed,ev_3gedw2
3995,2026-09-12T04:48:48.000Z,agent-35,quillpress,groceries,2587,EUR,approved,captured,ev_8v9agv
3996,2026-09-12T06:13:13.000Z,agent-21,orchid-labs,cloud,13307,EUR,approved,captured,ev_2fa4td
3997,2026-09-12T06:20:13.000Z,agent-39,atlas-mail,advertising,13324,EUR,approved,captured,ev_4lc2kw
3998,2026-09-12T06:55:17.000Z,agent-10,lumen-post,domains,10303,EUR,approved,captured,ev_4fzchg
3999,2026-09-12T07:49:10.000Z,agent-15,orchid-labs,domains,6122,EUR,approved,captured,ev_3vjty3
4000,2026-09-12T08:10:41.000Z,agent-11,arkwright-domains,software,12148,EUR,approved,captured,ev_93e1c0
4001,2026-09-12T09:34:09.000Z,agent-13,kestrel-metrics,hosting,8981,EUR,approved,captured,ev_6g0tru
4002,2026-09-12T09:34:45.000Z,agent-29,vellum-crm,software,10880,EUR,approved,captured,ev_5sjfb
4003,2026-09-12T10:29:07.000Z,agent-15,lumen-post,travel,9851,EUR,approved,captured,ev_91epux
4004,2026-09-12T10:55:22.000Z,agent-22,pierstone-pay,software,15171,EUR,approved,captured,ev_3jnxg3
4005,2026-09-12T11:38:48.000Z,agent-09,mineral-storage,software,13934,EUR,approved,captured,ev_7j62bm
4006,2026-09-12T12:04:43.000Z,agent-26,pinecrest-apps,hosting,9945,EUR,approved,captured,ev_6s3nn6
4007,2026-09-12T12:09:27.000Z,agent-40,lumen-post,groceries,5742,EUR,approved,captured,ev_ccfddi
4008,2026-09-12T12:54:22.000Z,agent-26,voltage-io,groceries,7250,EUR,approved,captured,ev_73xi2g
4009,2026-09-12T13:27:29.000Z,agent-17,northline-api,hosting,5139,EUR,approved,captured,ev_15j1jm
4010,2026-09-12T13:59:08.000Z,agent-33,atlas-mail,advertising,2929,EUR,approved,captured,ev_44j2hy
4011,2026-09-12T15:00:54.000Z,agent-30,pierstone-pay,advertising,7129,EUR,approved,captured,ev_foyhel
4012,2026-09-12T15:16:04.000Z,agent-27,mineral-storage,office,9155,EUR,approved,captured,ev_xy0jo
4013,2026-09-12T15:30:42.000Z,agent-14,railsgate,advertising,6275,EUR,approved,captured,ev_ea6yep
4014,2026-09-12T15:32:47.000Z,agent-32,voltage-io,cloud,13171,EUR,approved,captured,ev_8dgnnk
4015,2026-09-12T15:40:19.000Z,agent-29,voltage-io,groceries,15665,EUR,approved,captured,ev_7tz5pf
4016,2026-09-12T15:41:24.000Z,agent-31,bytehost,travel,8010,EUR,approved,captured,ev_6j03mh
4017,2026-09-12T16:57:52.000Z,agent-20,harbor-db,cloud,11772,EUR,approved,captured,ev_1n7xoz
4018,2026-09-12T18:49:31.000Z,agent-11,vellum-crm,software,6813,EUR,approved,captured,ev_ayqvh4
4019,2026-09-12T19:26:28.000Z,agent-12,beacon-auth,office,8553,EUR,approved,captured,ev_2h2bu0
4020,2026-09-12T20:09:55.000Z,agent-37,beacon-auth,travel,4302,EUR,approved,refunded,ev_84z05b
4021,2026-09-12T20:10:32.000Z,agent-30,lumen-post,software,10197,EUR,approved,captured,ev_axagge
4022,2026-09-12T20:26:41.000Z,agent-13,voltage-io,travel,16767,EUR,approved,captured,ev_ajbofg
4023,2026-09-12T20:45:44.000Z,agent-40,railsgate,domains,67727,EUR,approved,captured,ev_a4vlqn
4024,2026-09-12T20:59:12.000Z,agent-06,bytehost,groceries,7332,EUR,approved,captured,ev_cs9nhq
4025,2026-09-12T21:28:28.000Z,agent-28,northline-api,hosting,12789,EUR,approved,captured,ev_dy3g6t
4026,2026-09-12T21:36:46.000Z,agent-25,pinecrest-apps,office,4375,EUR,approved,captured,ev_fc739z
4027,2026-09-12T21:37:27.000Z,agent-23,bytehost,groceries,5150,EUR,approved,captured,ev_b5qsge
4028,2026-09-12T21:56:22.000Z,agent-36,harbor-db,travel,4020,EUR,approved,captured,ev_7ftse4
4029,2026-09-12T22:46:18.000Z,agent-09,summit-infra,travel,7515,EUR,approved,captured,ev_24yw9v
4030,2026-09-12T22:47:42.000Z,agent-24,juniper-ai,advertising,14898,EUR,approved,captured,ev_5p2nnh
4031,2026-09-12T23:01:58.000Z,agent-38,kestrel-metrics,software,6375,EUR,declined,none,ev_96hyfv
4032,2026-09-12T23:07:17.000Z,agent-07,atlas-mail,hosting,21837,EUR,approved,captured,ev_g3r7pb
4033,2026-09-13T00:01:55.000Z,agent-16,granite-crm,travel,8370,EUR,approved,captured,ev_6t2tj8
4034,2026-09-13T02:26:56.000Z,agent-17,cobblestone-dev,software,15611,EUR,approved,captured,ev_g19yfi
4035,2026-09-13T02:30:22.000Z,agent-07,beacon-auth,office,9717,EUR,approved,captured,ev_g7hwt8
4036,2026-09-13T02:39:11.000Z,agent-37,quillpress,cloud,23207,EUR,approved,captured,ev_2fouxf
4037,2026-09-13T02:41:43.000Z,agent-27,orchid-labs,hosting,5025,EUR,approved,refunded,ev_7gigke
4038,2026-09-13T02:49:15.000Z,agent-38,summit-infra,groceries,8228,EUR,approved,captured,ev_fn1zlq
4039,2026-09-13T03:43:57.000Z,agent-22,lumen-post,office,54466,EUR,approved,captured,ev_6cn81g
4040,2026-09-13T04:04:41.000Z,agent-21,kestrel-metrics,groceries,23547,EUR,approved,captured,ev_7e3dh9
4041,2026-09-13T04:28:19.000Z,agent-07,mineral-storage,software,18612,EUR,approved,captured,ev_cre6nf
4042,2026-09-13T04:50:03.000Z,agent-22,orchid-labs,cloud,16808,EUR,declined,none,ev_u9fnj
4043,2026-09-13T04:50:22.000Z,agent-31,voltage-io,cloud,4736,EUR,approved,captured,ev_1a11sd
4044,2026-09-13T05:32:28.000Z,agent-08,quillpress,travel,6252,EUR,approved,captured,ev_bstreh
4045,2026-09-13T06:03:43.000Z,agent-33,mineral-storage,groceries,7168,EUR,approved,captured,ev_59y9hd
4046,2026-09-13T06:31:50.000Z,agent-18,cobblestone-dev,domains,11237,EUR,approved,captured,ev_1c4jt1
4047,2026-09-13T07:19:09.000Z,agent-22,railsgate,advertising,15303,EUR,approved,captured,ev_4oqux4
4048,2026-09-13T07:22:46.000Z,agent-05,quillpress,domains,5716,EUR,approved,captured,ev_1w9t9e
4049,2026-09-13T08:35:38.000Z,agent-12,summit-infra,advertising,10757,EUR,approved,captured,ev_4mh1qy
4050,2026-09-13T08:36:00.000Z,agent-34,lumen-post,hosting,21804,EUR,approved,captured,ev_1qj9hu
4051,2026-09-13T09:16:09.000Z,agent-27,bytehost,advertising,8528,EUR,approved,captured,ev_8u1r9c
4052,2026-09-13T09:26:11.000Z,agent-15,bytehost,advertising,10616,EUR,approved,captured,ev_3ec1vf
4053,2026-09-13T09:33:46.000Z,agent-36,cobalt-cloud,groceries,7738,EUR,approved,captured,ev_e07p6a
4054,2026-09-13T11:06:49.000Z,agent-19,harbor-db,groceries,6737,EUR,approved,captured,ev_cags93
4055,2026-09-13T11:18:47.000Z,agent-25,kestrel-metrics,hosting,6008,EUR,approved,captured,ev_3x1eee
4056,2026-09-13T11:34:35.000Z,agent-12,pierstone-pay,software,8598,EUR,approved,captured,ev_41bcfj
4057,2026-09-13T11:36:50.000Z,agent-14,cobblestone-dev,groceries,9358,EUR,approved,captured,ev_1jb35x
4058,2026-09-13T11:44:47.000Z,agent-29,pierstone-pay,office,15553,EUR,declined,none,ev_56sc26
4059,2026-09-13T13:01:27.000Z,agent-35,summit-infra,domains,9421,EUR,approved,captured,ev_98emf8
4060,2026-09-13T13:24:10.000Z,agent-39,juniper-ai,software,7096,EUR,approved,captured,ev_cx815u
4061,2026-09-13T13:38:43.000Z,agent-10,arkwright-domains,travel,11912,EUR,approved,captured,ev_fpi65p
4062,2026-09-13T13:45:32.000Z,agent-06,beacon-auth,advertising,14768,EUR,approved,captured,ev_acp07q
4063,2026-09-13T13:45:41.000Z,agent-38,cobalt-cloud,software,8357,EUR,declined,none,ev_g3x226
4064,2026-09-13T14:13:26.000Z,agent-16,harbor-db,hosting,13388,EUR,approved,captured,ev_1rv690
4065,2026-09-13T16:09:28.000Z,agent-37,bytehost,office,10118,EUR,approved,captured,ev_a4wop8
4066,2026-09-13T16:14:50.000Z,agent-07,railsgate,hosting,20240,EUR,approved,captured,ev_avrqsa
4067,2026-09-13T16:27:58.000Z,agent-33,harbor-db,software,15315,EUR,approved,captured,ev_dn715q
4068,2026-09-13T17:19:04.000Z,agent-32,quillpress,cloud,19714,EUR,approved,captured,ev_fdlo6j
4069,2026-09-13T17:30:30.000Z,agent-39,pinecrest-apps,hosting,9806,EUR,approved,captured,ev_cr7d5g
4070,2026-09-13T18:01:12.000Z,agent-38,northline-api,software,7340,EUR,approved,captured,ev_7yttsk
4071,2026-09-13T18:03:56.000Z,agent-10,quillpress,groceries,8393,EUR,declined,none,ev_a5ugyr
4072,2026-09-13T18:17:46.000Z,agent-13,atlas-mail,advertising,25482,EUR,approved,captured,ev_e15xza
4073,2026-09-13T18:31:38.000Z,agent-28,northline-api,advertising,5019,EUR,approved,captured,ev_146ad7
4074,2026-09-13T19:33:32.000Z,agent-26,harbor-db,domains,38370,EUR,declined,none,ev_3byjz0
4075,2026-09-13T20:29:34.000Z,agent-17,atlas-mail,advertising,10732,EUR,approved,captured,ev_6mc7ix
4076,2026-09-13T20:35:29.000Z,agent-28,voltage-io,advertising,5118,EUR,approved,captured,ev_20j9nw
4077,2026-09-13T20:48:21.000Z,agent-22,pinecrest-apps,hosting,7774,EUR,approved,captured,ev_3kgo7c
4078,2026-09-13T20:52:38.000Z,agent-32,mineral-storage,travel,8975,EUR,approved,captured,ev_b3sf2n
4079,2026-09-13T21:02:35.000Z,agent-30,beacon-auth,travel,4907,EUR,approved,captured,ev_5a3q50
4080,2026-09-13T21:28:19.000Z,agent-20,meridian-cdn,software,6433,EUR,approved,captured,ev_1e4s62
4081,2026-09-13T22:19:44.000Z,agent-11,ferrite-tools,cloud,20856,EUR,approved,captured,ev_adtoxt
4082,2026-09-13T22:27:01.000Z,agent-24,cinderstack,groceries,11440,EUR,approved,captured,ev_emkjnz
4083,2026-09-13T22:43:39.000Z,agent-19,lumen-post,cloud,6888,EUR,approved,captured,ev_8p6cf3
4084,2026-09-13T22:55:23.000Z,agent-23,bytehost,travel,8506,EUR,approved,captured,ev_22v2vx
4085,2026-09-13T23:39:57.000Z,agent-06,atlas-mail,cloud,3961,EUR,approved,failed,ev_2r25b9
4086,2026-09-14T00:27:02.000Z,agent-07,atlas-mail,cloud,6157,EUR,declined,none,ev_g86l1q
4087,2026-09-14T00:37:04.000Z,agent-31,cinderstack,travel,13095,EUR,approved,captured,ev_b9kdal
4088,2026-09-14T00:54:04.000Z,agent-34,pinecrest-apps,travel,5012,EUR,approved,captured,ev_6wcrty
4089,2026-09-14T01:01:01.000Z,agent-40,pierstone-pay,domains,5633,EUR,approved,captured,ev_8mzjzs
4090,2026-09-14T01:33:37.000Z,agent-18,vellum-crm,domains,5819,EUR,approved,captured,ev_f7vpz1
4091,2026-09-14T01:37:41.000Z,agent-37,vellum-crm,travel,16353,EUR,approved,captured,ev_foxqh1
4092,2026-09-14T02:34:35.000Z,agent-05,pierstone-pay,travel,6494,EUR,approved,captured,ev_8e03zr
4093,2026-09-14T05:08:00.000Z,agent-23,railsgate,advertising,14232,EUR,approved,captured,ev_4pcmor
4094,2026-09-14T05:31:09.000Z,agent-08,pinecrest-apps,office,12103,EUR,approved,captured,ev_ep9vaj
4095,2026-09-14T06:51:02.000Z,agent-27,harbor-db,hosting,9547,EUR,approved,captured,ev_48639j
4096,2026-09-14T06:51:24.000Z,agent-09,pierstone-pay,hosting,6982,EUR,declined,none,ev_bic8jk
4097,2026-09-14T07:21:41.000Z,agent-36,pinecrest-apps,groceries,10768,EUR,approved,captured,ev_10638p
4098,2026-09-14T07:48:12.000Z,agent-40,arkwright-domains,software,8016,EUR,approved,captured,ev_egh78l
4099,2026-09-14T09:26:24.000Z,agent-21,voltage-io,software,15168,EUR,approved,captured,ev_3lo8lw
4100,2026-09-14T09:54:07.000Z,agent-09,pinecrest-apps,groceries,8331,EUR,approved,captured,ev_3goxqm
4101,2026-09-14T10:19:55.000Z,agent-25,cobblestone-dev,travel,2798,EUR,approved,captured,ev_5d3uzl
4102,2026-09-14T11:25:02.000Z,agent-33,northline-api,groceries,21908,EUR,approved,captured,ev_1x2gpw
4103,2026-09-14T11:29:45.000Z,agent-31,ferrite-tools,advertising,6150,EUR,approved,captured,ev_euoj3y
4104,2026-09-14T12:04:52.000Z,agent-15,juniper-ai,advertising,5965,EUR,approved,captured,ev_3f5rwf
4105,2026-09-14T12:21:06.000Z,agent-07,ferrite-tools,cloud,14152,EUR,approved,captured,ev_86ozca
4106,2026-09-14T13:22:14.000Z,agent-11,juniper-ai,travel,18389,EUR,approved,failed,ev_auff5g
4107,2026-09-14T13:31:24.000Z,agent-30,cobblestone-dev,groceries,11582,EUR,approved,captured,ev_fgulir
4108,2026-09-14T14:37:13.000Z,agent-17,cobalt-cloud,office,5867,EUR,approved,captured,ev_3jtz9m
4109,2026-09-14T14:58:47.000Z,agent-14,vellum-crm,groceries,10049,EUR,declined,none,ev_eq8unj
4110,2026-09-14T15:52:42.000Z,agent-12,atlas-mail,advertising,5429,EUR,approved,captured,ev_2chreh
4111,2026-09-14T15:55:09.000Z,agent-06,granite-crm,hosting,4858,EUR,approved,captured,ev_dkzcky
4112,2026-09-14T16:20:33.000Z,agent-39,juniper-ai,advertising,8980,EUR,approved,refunded,ev_5x5chg
4113,2026-09-14T16:26:57.000Z,agent-28,cobalt-cloud,groceries,6930,EUR,declined,none,ev_6unebz
4114,2026-09-14T16:41:13.000Z,agent-19,cobalt-cloud,cloud,16044,EUR,approved,captured,ev_4sgztm
4115,2026-09-14T16:59:36.000Z,agent-08,granite-crm,groceries,5918,EUR,approved,captured,ev_dinzlb
4116,2026-09-14T17:19:20.000Z,agent-23,arkwright-domains,advertising,4349,EUR,approved,captured,ev_7elz86
4117,2026-09-14T18:21:19.000Z,agent-21,railsgate,hosting,26294,EUR,approved,captured,ev_3b1nk1
4118,2026-09-14T19:18:20.000Z,agent-35,northline-api,software,10318,EUR,approved,captured,ev_3u70ry
4119,2026-09-14T19:37:17.000Z,agent-22,meridian-cdn,travel,8269,EUR,approved,captured,ev_3ylg5r
4120,2026-09-14T19:38:31.000Z,agent-29,kestrel-metrics,office,8175,EUR,approved,captured,ev_8eplns
4121,2026-09-14T21:38:08.000Z,agent-16,cobblestone-dev,travel,32035,EUR,approved,captured,ev_cjpnqy
4122,2026-09-14T21:47:18.000Z,agent-05,juniper-ai,cloud,10276,EUR,approved,captured,ev_4yjf9s
4123,2026-09-14T22:51:26.000Z,agent-10,juniper-ai,office,3841,EUR,approved,failed,ev_7yuvc3
4124,2026-09-14T22:54:23.000Z,agent-32,pinecrest-apps,cloud,3589,EUR,approved,captured,ev_du7m53
4125,2026-09-14T23:17:46.000Z,agent-11,meridian-cdn,software,11539,EUR,approved,captured,ev_ek309v
4126,2026-09-14T23:59:40.000Z,agent-05,bytehost,software,12080,EUR,approved,refunded,ev_9k9xs5
4127,2026-09-15T00:02:07.000Z,agent-07,cinderstack,office,17138,EUR,approved,captured,ev_u28qh
4128,2026-09-15T00:27:12.000Z,agent-28,vellum-crm,office,4248,EUR,approved,captured,ev_alicce
4129,2026-09-15T01:10:20.000Z,agent-38,vellum-crm,advertising,11415,EUR,approved,captured,ev_9j929e
4130,2026-09-15T01:11:50.000Z,agent-26,pinecrest-apps,hosting,7912,EUR,approved,captured,ev_8hft4k
4131,2026-09-15T01:59:18.000Z,agent-13,granite-crm,cloud,5187,EUR,approved,captured,ev_6w6umf
4132,2026-09-15T02:05:02.000Z,agent-20,cobalt-cloud,travel,4647,EUR,approved,captured,ev_eo3oam
4133,2026-09-15T02:29:22.000Z,agent-26,northline-api,software,8536,EUR,approved,captured,ev_2i6cx2
4134,2026-09-15T02:33:24.000Z,agent-24,summit-infra,hosting,9761,EUR,approved,captured,ev_76otws
4135,2026-09-15T03:07:27.000Z,agent-35,lumen-post,cloud,9731,EUR,approved,captured,ev_1fek4b
4136,2026-09-15T04:18:17.000Z,agent-23,vellum-crm,advertising,4298,EUR,approved,captured,ev_6r4xi6
4137,2026-09-15T04:32:24.000Z,agent-31,vellum-crm,cloud,7352,EUR,approved,captured,ev_dcfseq
4138,2026-09-15T04:37:07.000Z,agent-37,orchid-labs,software,1880,EUR,approved,failed,ev_a9icvr
4139,2026-09-15T05:03:26.000Z,agent-33,cinderstack,office,6501,EUR,approved,failed,ev_bhq9nb
4140,2026-09-15T05:06:21.000Z,agent-34,vellum-crm,domains,12383,EUR,approved,captured,ev_3d0ku3
4141,2026-09-15T05:14:07.000Z,agent-36,juniper-ai,cloud,8955,EUR,approved,captured,ev_1ad37u
4142,2026-09-15T06:10:12.000Z,agent-10,bytehost,advertising,15057,EUR,approved,captured,ev_10exh2
4143,2026-09-15T06:15:56.000Z,agent-28,voltage-io,travel,15898,EUR,approved,captured,ev_fjndru
4144,2026-09-15T06:26:30.000Z,agent-17,lumen-post,domains,47643,EUR,approved,captured,ev_8vd2sc
4145,2026-09-15T07:23:00.000Z,agent-40,granite-crm,advertising,11435,EUR,approved,captured,ev_3luy2v
4146,2026-09-15T07:24:05.000Z,agent-34,quillpress,groceries,15029,EUR,approved,captured,ev_2qyd3k
4147,2026-09-15T07:45:22.000Z,agent-18,arkwright-domains,travel,7328,EUR,approved,captured,ev_cef36t
4148,2026-09-15T07:50:11.000Z,agent-22,northline-api,hosting,7711,EUR,approved,captured,ev_819ae2
4149,2026-09-15T08:50:11.000Z,agent-22,pierstone-pay,advertising,4396,EUR,approved,captured,ev_zz6l3
4150,2026-09-15T08:53:29.000Z,agent-26,quillpress,travel,15624,EUR,approved,captured,ev_6p9b42
4151,2026-09-15T09:19:50.000Z,agent-08,summit-infra,hosting,21136,EUR,approved,captured,ev_84loit
4152,2026-09-15T09:41:24.000Z,agent-27,voltage-io,groceries,10518,EUR,approved,captured,ev_22id12
4153,2026-09-15T10:40:36.000Z,agent-33,beacon-auth,travel,2746,EUR,approved,captured,ev_68h6yz
4154,2026-09-15T11:01:20.000Z,agent-09,cobblestone-dev,advertising,3293,EUR,approved,captured,ev_didz2f
4155,2026-09-15T11:05:34.000Z,agent-12,harbor-db,travel,4230,EUR,approved,captured,ev_4d21hk
4156,2026-09-15T11:23:15.000Z,agent-17,mineral-storage,domains,9785,EUR,approved,captured,ev_fkdz36
4157,2026-09-15T11:53:31.000Z,agent-22,cobalt-cloud,office,3203,EUR,approved,captured,ev_6hvr0l
4158,2026-09-15T12:07:22.000Z,agent-26,cinderstack,software,8682,EUR,approved,captured,ev_dmcaac
4159,2026-09-15T12:55:05.000Z,agent-13,atlas-mail,domains,4877,EUR,approved,captured,ev_1i899c
4160,2026-09-15T14:14:55.000Z,agent-39,kestrel-metrics,advertising,8658,EUR,approved,captured,ev_7wrqef
4161,2026-09-15T14:44:36.000Z,agent-15,vellum-crm,advertising,12888,EUR,approved,captured,ev_c5kibo
4162,2026-09-15T16:05:12.000Z,agent-31,mineral-storage,office,17882,EUR,approved,captured,ev_2xaqr1
4163,2026-09-15T16:09:23.000Z,agent-23,cobblestone-dev,hosting,22816,EUR,approved,captured,ev_526gi4
4164,2026-09-15T16:16:47.000Z,agent-25,vellum-crm,software,10383,EUR,approved,captured,ev_fa7il2
4165,2026-09-15T16:31:26.000Z,agent-06,harbor-db,travel,15711,EUR,approved,captured,ev_7z6x4z
4166,2026-09-15T16:46:55.000Z,agent-32,cobblestone-dev,software,15029,EUR,approved,captured,ev_57cb89
4167,2026-09-15T17:26:56.000Z,agent-34,railsgate,travel,15587,EUR,approved,captured,ev_awm8hp
4168,2026-09-15T18:37:10.000Z,agent-11,meridian-cdn,cloud,5137,EUR,approved,refunded,ev_dt77t
4169,2026-09-15T18:53:11.000Z,agent-07,granite-crm,software,8278,EUR,approved,captured,ev_7n0kjb
4170,2026-09-15T19:59:25.000Z,agent-30,bytehost,hosting,8447,EUR,approved,captured,ev_5hizif
4171,2026-09-15T20:01:55.000Z,agent-29,mineral-storage,software,20242,EUR,approved,captured,ev_8vxlf2
4172,2026-09-15T20:17:46.000Z,agent-21,mineral-storage,office,15244,EUR,declined,none,ev_3nojxa
4173,2026-09-15T20:41:59.000Z,agent-35,granite-crm,domains,13123,EUR,approved,captured,ev_g1pbfb
4174,2026-09-15T21:15:19.000Z,agent-14,ferrodata,domains,18351,EUR,declined,none,ev_w6obs
4175,2026-09-15T21:22:50.000Z,agent-25,quillpress,cloud,13295,EUR,approved,captured,ev_2xlbxp
4176,2026-09-15T22:13:04.000Z,agent-15,quillpress,domains,15577,EUR,approved,captured,ev_66ay1i
4177,2026-09-15T22:21:35.000Z,agent-19,vellum-crm,advertising,31566,EUR,approved,captured,ev_dkzby4
4178,2026-09-15T23:07:07.000Z,agent-40,harbor-db,software,9281,EUR,approved,captured,ev_cfysvt
4179,2026-09-15T23:09:25.000Z,agent-26,ferrodata,domains,25778,EUR,approved,captured,ev_46lh3f
4180,2026-09-16T00:17:44.000Z,agent-05,cinderstack,hosting,7269,EUR,approved,captured,ev_10idjj
4181,2026-09-16T00:43:15.000Z,agent-14,quillpress,office,8553,EUR,approved,captured,ev_5kwvup
4182,2026-09-16T01:39:38.000Z,agent-33,railsgate,advertising,8655,EUR,declined,none,ev_a0fspn
4183,2026-09-16T01:39:45.000Z,agent-20,kestrel-metrics,groceries,2060,EUR,approved,captured,ev_cd8un0
4184,2026-09-16T01:50:40.000Z,agent-16,beacon-auth,cloud,3410,EUR,approved,captured,ev_4c8oq9
4185,2026-09-16T02:14:32.000Z,agent-37,bytehost,domains,27843,EUR,approved,captured,ev_b8wro6
4186,2026-09-16T02:24:26.000Z,agent-19,meridian-cdn,hosting,8082,EUR,approved,captured,ev_au06ct
4187,2026-09-16T03:13:28.000Z,agent-34,vellum-crm,hosting,28092,EUR,approved,captured,ev_6x74st
4188,2026-09-16T03:20:34.000Z,agent-35,beacon-auth,travel,9354,EUR,approved,captured,ev_fagghm
4189,2026-09-16T04:06:43.000Z,agent-29,vellum-crm,hosting,6310,EUR,approved,captured,ev_en19l2
4190,2026-09-16T05:33:11.000Z,agent-19,arkwright-domains,office,12797,EUR,approved,captured,ev_7498ad
4191,2026-09-16T05:51:19.000Z,agent-10,ferrite-tools,cloud,3559,EUR,approved,captured,ev_f22kkz
4192,2026-09-16T06:42:39.000Z,agent-15,ferrodata,advertising,20632,EUR,approved,failed,ev_a9tfc0
4193,2026-09-16T06:50:21.000Z,agent-38,granite-crm,hosting,5909,EUR,approved,failed,ev_1xd30n
4194,2026-09-16T07:08:34.000Z,agent-17,juniper-ai,travel,4998,EUR,approved,captured,ev_8hebdj
4195,2026-09-16T07:10:48.000Z,agent-24,mineral-storage,software,23268,EUR,approved,captured,ev_8qtmen
4196,2026-09-16T07:30:31.000Z,agent-12,railsgate,travel,23295,EUR,approved,captured,ev_d39nrr
4197,2026-09-16T07:57:42.000Z,agent-05,cobblestone-dev,office,4681,EUR,approved,captured,ev_1r1osi
4198,2026-09-16T08:05:39.000Z,agent-28,granite-crm,office,11741,EUR,approved,captured,ev_dt1ynn
4199,2026-09-16T09:01:11.000Z,agent-13,arkwright-domains,advertising,28459,EUR,approved,captured,ev_5abbnt
4200,2026-09-16T09:53:19.000Z,agent-08,meridian-cdn,travel,3496,EUR,approved,captured,ev_1vngs2
4201,2026-09-16T10:05:20.000Z,agent-25,ferrodata,advertising,13877,EUR,approved,captured,ev_1a34md
4202,2026-09-16T10:05:41.000Z,agent-22,northline-api,software,8454,EUR,approved,captured,ev_6w0cvw
4203,2026-09-16T10:38:16.000Z,agent-27,kestrel-metrics,cloud,19100,EUR,approved,captured,ev_cfui0
4204,2026-09-16T11:03:27.000Z,agent-15,cobalt-cloud,travel,4197,EUR,approved,captured,ev_7ng6en
4205,2026-09-16T11:27:08.000Z,agent-38,cobblestone-dev,software,3093,EUR,approved,captured,ev_demg20
4206,2026-09-16T11:37:43.000Z,agent-24,pierstone-pay,domains,6486,EUR,approved,captured,ev_a4oqv2
4207,2026-09-16T12:20:59.000Z,agent-39,voltage-io,cloud,6781,EUR,approved,captured,ev_6fjoda
4208,2026-09-16T12:39:56.000Z,agent-36,cinderstack,advertising,9308,EUR,approved,captured,ev_darhue
4209,2026-09-16T12:48:50.000Z,agent-20,granite-crm,hosting,17117,EUR,approved,refunded,ev_6hpgua
4210,2026-09-16T12:59:35.000Z,agent-29,juniper-ai,groceries,12143,EUR,approved,captured,ev_10mqks
4211,2026-09-16T14:05:04.000Z,agent-27,granite-crm,office,15991,EUR,approved,captured,ev_ekwamc
4212,2026-09-16T14:09:21.000Z,agent-09,pinecrest-apps,cloud,22548,EUR,approved,captured,ev_4merro
4213,2026-09-16T14:16:33.000Z,agent-18,granite-crm,groceries,28557,EUR,approved,captured,ev_a3op86
4214,2026-09-16T14:28:06.000Z,agent-05,atlas-mail,domains,12329,EUR,approved,captured,ev_9j9l7
4215,2026-09-16T14:38:23.000Z,agent-28,mineral-storage,cloud,23913,EUR,approved,captured,ev_bmj3kz
4216,2026-09-16T15:02:48.000Z,agent-16,vellum-crm,groceries,9028,EUR,approved,captured,ev_56u2nv
4217,2026-09-16T16:44:13.000Z,agent-30,arkwright-domains,cloud,7784,EUR,approved,captured,ev_c86ucz
4218,2026-09-16T17:57:10.000Z,agent-11,cobblestone-dev,hosting,10580,EUR,approved,captured,ev_dpjyjk
4219,2026-09-16T18:08:35.000Z,agent-32,arkwright-domains,travel,12889,EUR,approved,captured,ev_g4f73f
4220,2026-09-16T18:09:45.000Z,agent-35,northline-api,hosting,10582,EUR,approved,captured,ev_btb4m4
4221,2026-09-16T18:16:21.000Z,agent-33,ferrite-tools,cloud,6755,EUR,approved,captured,ev_32efol
4222,2026-09-16T19:02:02.000Z,agent-21,ferrite-tools,travel,4717,EUR,approved,captured,ev_dxhbnb
4223,2026-09-16T19:02:45.000Z,agent-27,quillpress,office,2919,EUR,approved,captured,ev_8fzf8
4224,2026-09-16T19:31:28.000Z,agent-40,cobblestone-dev,domains,15083,EUR,approved,captured,ev_egvmoj
4225,2026-09-16T19:42:37.000Z,agent-23,orchid-labs,software,10704,EUR,approved,captured,ev_1ibhbn
4226,2026-09-16T20:36:09.000Z,agent-20,orchid-labs,domains,6555,EUR,approved,captured,ev_4re0zg
4227,2026-09-16T20:48:13.000Z,agent-36,quillpress,domains,12852,EUR,approved,captured,ev_1hn53e
4228,2026-09-16T21:33:35.000Z,agent-13,ferrite-tools,travel,9465,EUR,approved,captured,ev_7jcwzg
4229,2026-09-16T21:38:33.000Z,agent-10,voltage-io,office,16783,EUR,approved,captured,ev_7qtit4
4230,2026-09-16T22:11:45.000Z,agent-06,cinderstack,domains,5320,EUR,approved,refunded,ev_392o7a
4231,2026-09-16T22:15:51.000Z,agent-33,cobblestone-dev,cloud,15954,EUR,approved,captured,ev_evliin
4232,2026-09-16T23:02:14.000Z,agent-17,lumen-post,advertising,19955,EUR,approved,captured,ev_coj7pc
4233,2026-09-16T23:02:57.000Z,agent-06,ferrodata,advertising,8343,EUR,approved,captured,ev_2h7hc5
4234,2026-09-16T23:05:07.000Z,agent-21,cinderstack,hosting,7369,EUR,approved,captured,ev_18i3gy
4235,2026-09-16T23:08:29.000Z,agent-05,ferrite-tools,advertising,9727,EUR,approved,captured,ev_7k40iv
4236,2026-09-16T23:12:58.000Z,agent-32,summit-infra,domains,3689,EUR,approved,captured,ev_b82v8e
4237,2026-09-16T23:21:56.000Z,agent-16,granite-crm,travel,12719,EUR,approved,captured,ev_8p410m
4238,2026-09-16T23:47:07.000Z,agent-31,granite-crm,travel,6963,EUR,approved,captured,ev_4q81x2
4239,2026-09-16T23:56:03.000Z,agent-07,granite-crm,groceries,6931,EUR,approved,captured,ev_4etxzq
4240,2026-09-17T00:12:06.000Z,agent-12,voltage-io,advertising,7483,EUR,approved,captured,ev_126set
4241,2026-09-17T00:28:39.000Z,agent-09,juniper-ai,domains,6240,EUR,approved,captured,ev_ej7dsr
4242,2026-09-17T01:05:33.000Z,agent-20,meridian-cdn,advertising,18620,EUR,approved,captured,ev_8va79k
4243,2026-09-17T01:16:46.000Z,agent-08,granite-crm,advertising,5018,EUR,approved,captured,ev_8znmdm
4244,2026-09-17T02:12:20.000Z,agent-06,ferrite-tools,domains,2692,EUR,approved,captured,ev_dfble3
4245,2026-09-17T03:33:52.000Z,agent-19,mineral-storage,travel,13088,EUR,declined,none,ev_ey9nz0
4246,2026-09-17T03:38:39.000Z,agent-08,meridian-cdn,office,14391,EUR,approved,captured,ev_cca6lm
4247,2026-09-17T04:30:30.000Z,agent-34,granite-crm,domains,11161,EUR,approved,failed,ev_e829hw
4248,2026-09-17T05:04:15.000Z,agent-36,pinecrest-apps,groceries,16840,EUR,approved,failed,ev_637wj0
4249,2026-09-17T05:09:25.000Z,agent-08,voltage-io,cloud,6493,EUR,approved,captured,ev_30wvow
4250,2026-09-17T05:20:34.000Z,agent-10,lumen-post,cloud,11396,EUR,approved,captured,ev_3d1cbj
4251,2026-09-17T05:41:19.000Z,agent-14,bytehost,groceries,9912,EUR,approved,captured,ev_baois
4252,2026-09-17T05:55:57.000Z,agent-26,juniper-ai,hosting,13436,EUR,approved,captured,ev_4jj385
4253,2026-09-17T06:09:26.000Z,agent-38,harbor-db,groceries,9602,EUR,approved,captured,ev_cd8nvh
4254,2026-09-17T06:15:19.000Z,agent-05,cobblestone-dev,office,8304,EUR,approved,captured,ev_86rjn9
4255,2026-09-17T06:34:09.000Z,agent-23,atlas-mail,software,7385,EUR,approved,captured,ev_edelan
4256,2026-09-17T07:11:39.000Z,agent-25,harbor-db,hosting,7394,EUR,approved,captured,ev_5lomiy
4257,2026-09-17T07:16:01.000Z,agent-39,meridian-cdn,hosting,8656,EUR,approved,captured,ev_43t77t
4258,2026-09-17T07:35:36.000Z,agent-37,voltage-io,office,5157,EUR,approved,captured,ev_4k3esp
4259,2026-09-17T08:39:15.000Z,agent-21,juniper-ai,groceries,9040,EUR,approved,failed,ev_3ecxnn
4260,2026-09-17T09:57:27.000Z,agent-08,mineral-storage,hosting,4105,EUR,approved,captured,ev_27308v
4261,2026-09-17T11:02:42.000Z,agent-35,bytehost,hosting,8881,EUR,approved,captured,ev_361o1q
4262,2026-09-17T11:40:37.000Z,agent-14,railsgate,travel,23564,EUR,approved,captured,ev_9s4zr0
4263,2026-09-17T12:09:53.000Z,agent-20,lumen-post,domains,17270,EUR,approved,failed,ev_fpe29d
4264,2026-09-17T12:40:03.000Z,agent-09,summit-infra,hosting,26815,EUR,approved,captured,ev_15jw13
4265,2026-09-17T13:07:40.000Z,agent-29,lumen-post,hosting,3728,EUR,approved,captured,ev_3wnnte
4266,2026-09-17T13:10:48.000Z,agent-26,mineral-storage,groceries,9219,EUR,approved,captured,ev_9qtf3
4267,2026-09-17T13:53:59.000Z,agent-18,kestrel-metrics,office,5090,EUR,approved,captured,ev_sqa41
4268,2026-09-17T14:37:29.000Z,agent-07,juniper-ai,cloud,4478,EUR,approved,captured,ev_e0ttwf
4269,2026-09-17T15:22:24.000Z,agent-35,cinderstack,groceries,6674,EUR,approved,captured,ev_7eky97
4270,2026-09-17T15:30:01.000Z,agent-15,harbor-db,domains,9662,EUR,approved,captured,ev_dcgi4p
4271,2026-09-17T15:36:43.000Z,agent-22,cobblestone-dev,domains,21560,EUR,approved,captured,ev_bpfu0n
4272,2026-09-17T16:02:29.000Z,agent-14,ferrite-tools,groceries,5593,EUR,approved,captured,ev_e1k1of
4273,2026-09-17T16:15:45.000Z,agent-24,mineral-storage,office,26843,EUR,approved,captured,ev_awxh08
4274,2026-09-17T16:52:12.000Z,agent-05,granite-crm,advertising,12899,EUR,approved,captured,ev_50p2qp
4275,2026-09-17T17:05:18.000Z,agent-09,pierstone-pay,software,5187,EUR,approved,captured,ev_4gsu6a
4276,2026-09-17T17:30:49.000Z,agent-21,mineral-storage,travel,43351,EUR,approved,captured,ev_enxbmb
4277,2026-09-17T18:03:43.000Z,agent-33,northline-api,software,11437,EUR,approved,captured,ev_dh8vqg
4278,2026-09-17T18:21:57.000Z,agent-31,granite-crm,office,8567,EUR,approved,refunded,ev_mz6m7
4279,2026-09-17T18:42:04.000Z,agent-13,granite-crm,office,4683,EUR,approved,captured,ev_71jzh
4280,2026-09-17T18:59:11.000Z,agent-17,cobalt-cloud,domains,14352,EUR,approved,captured,ev_9c7hhr
4281,2026-09-17T19:19:10.000Z,agent-27,railsgate,groceries,8040,EUR,declined,none,ev_bcqti0
4282,2026-09-17T19:34:32.000Z,agent-30,beacon-auth,travel,13117,EUR,approved,captured,ev_f270fv
4283,2026-09-17T19:35:05.000Z,agent-28,orchid-labs,domains,3851,EUR,approved,captured,ev_32m4g7
4284,2026-09-17T19:43:05.000Z,agent-06,atlas-mail,software,3891,EUR,approved,captured,ev_9v9yec
4285,2026-09-17T20:28:27.000Z,agent-28,orchid-labs,travel,10313,EUR,approved,captured,ev_8krgqn
4286,2026-09-17T20:30:06.000Z,agent-18,lumen-post,software,6819,EUR,declined,none,ev_f4x3vq
4287,2026-09-17T21:10:50.000Z,agent-34,cinderstack,office,11631,EUR,approved,captured,ev_3wqdmt
4288,2026-09-17T22:19:47.000Z,agent-16,cobalt-cloud,domains,4628,EUR,approved,captured,ev_ez85s
4289,2026-09-17T22:32:25.000Z,agent-11,cobblestone-dev,cloud,10286,EUR,approved,captured,ev_aykte3
4290,2026-09-17T22:59:38.000Z,agent-28,meridian-cdn,cloud,2699,EUR,approved,captured,ev_7cm8x9
4291,2026-09-17T23:27:28.000Z,agent-35,summit-infra,software,8343,EUR,approved,captured,ev_15ztd0
4292,2026-09-17T23:43:15.000Z,agent-14,lumen-post,travel,13352,EUR,approved,captured,ev_bulapt
4293,2026-09-17T23:55:39.000Z,agent-36,lumen-post,hosting,7687,EUR,approved,captured,ev_2bj3jw
4294,2026-09-18T00:21:20.000Z,agent-11,arkwright-domains,advertising,5366,EUR,approved,captured,ev_bgkprn
4295,2026-09-18T00:29:18.000Z,agent-32,summit-infra,travel,24585,EUR,declined,none,ev_3i2l69
4296,2026-09-18T01:00:57.000Z,agent-40,bytehost,domains,16966,EUR,approved,captured,ev_6u0190
4297,2026-09-18T01:30:57.000Z,agent-25,kestrel-metrics,hosting,11056,EUR,approved,captured,ev_aorgvh
4298,2026-09-18T01:39:41.000Z,agent-22,beacon-auth,travel,2990,EUR,approved,refunded,ev_fkto72
4299,2026-09-18T01:47:45.000Z,agent-05,bytehost,cloud,18311,EUR,approved,captured,ev_dhp41s
4300,2026-09-18T02:12:04.000Z,agent-12,railsgate,hosting,8876,EUR,approved,captured,ev_2h2rlr
4301,2026-09-18T02:13:36.000Z,agent-38,summit-infra,office,4322,EUR,declined,none,ev_7b8a12
4302,2026-09-18T03:50:28.000Z,agent-08,beacon-auth,advertising,24074,EUR,approved,captured,ev_1j29su
4303,2026-09-18T04:11:56.000Z,agent-17,voltage-io,cloud,10125,EUR,approved,captured,ev_ap49jr
4304,2026-09-18T04:51:00.000Z,agent-19,granite-crm,travel,10698,EUR,approved,captured,ev_xgcqx
4305,2026-09-18T05:50:37.000Z,agent-29,kestrel-metrics,groceries,5801,EUR,approved,captured,ev_ehdiw9
4306,2026-09-18T06:03:31.000Z,agent-23,beacon-auth,domains,4724,EUR,approved,captured,ev_1zdmzy
4307,2026-09-18T06:04:05.000Z,agent-20,railsgate,office,9256,EUR,approved,captured,ev_cngxyk
4308,2026-09-18T06:23:59.000Z,agent-09,railsgate,software,6695,EUR,approved,captured,ev_6n84hd
4309,2026-09-18T07:30:48.000Z,agent-09,mineral-storage,domains,7053,EUR,approved,captured,ev_atlcb0
4310,2026-09-18T08:10:00.000Z,agent-27,lumen-post,office,9535,EUR,approved,captured,ev_f3yunh
4311,2026-09-18T08:35:55.000Z,agent-36,cinderstack,travel,10586,EUR,declined,none,ev_5geqtk
4312,2026-09-18T09:23:21.000Z,agent-34,pinecrest-apps,travel,8592,EUR,approved,failed,ev_f6blvq
4313,2026-09-18T10:02:03.000Z,agent-22,atlas-mail,cloud,6859,EUR,approved,captured,ev_e8qhb7
4314,2026-09-18T11:18:16.000Z,agent-10,voltage-io,cloud,6656,EUR,approved,captured,ev_1fm42w
4315,2026-09-18T11:28:32.000Z,agent-15,harbor-db,domains,5908,EUR,approved,captured,ev_94cq4h
4316,2026-09-18T11:43:12.000Z,agent-39,kestrel-metrics,groceries,11034,EUR,approved,captured,ev_b9cx1s
4317,2026-09-18T11:43:29.000Z,agent-07,lumen-post,advertising,7389,EUR,declined,none,ev_c9bng5
4318,2026-09-18T13:52:17.000Z,agent-06,ferrodata,advertising,14874,EUR,approved,captured,ev_cm0obl
4319,2026-09-18T14:15:45.000Z,agent-24,pinecrest-apps,advertising,14430,EUR,approved,captured,ev_chqel
4320,2026-09-18T14:20:07.000Z,agent-37,northline-api,hosting,8336,EUR,declined,none,ev_9apdfy
4321,2026-09-18T14:46:09.000Z,agent-19,voltage-io,software,12158,EUR,approved,captured,ev_g7uqz8
4322,2026-09-18T15:37:20.000Z,agent-16,atlas-mail,domains,5123,EUR,approved,captured,ev_9b134i
4323,2026-09-18T15:40:22.000Z,agent-17,cobalt-cloud,cloud,9500,EUR,approved,captured,ev_gacs43
4324,2026-09-18T15:59:39.000Z,agent-33,pierstone-pay,cloud,9859,EUR,approved,captured,ev_3wr7wl
4325,2026-09-18T16:43:06.000Z,agent-36,summit-infra,travel,6063,EUR,approved,refunded,ev_d6gu9
4326,2026-09-18T17:18:38.000Z,agent-28,harbor-db,travel,10061,EUR,approved,captured,ev_d5eh6d
4327,2026-09-18T17:43:17.000Z,agent-31,quillpress,software,2690,EUR,approved,captured,ev_aspe2t
4328,2026-09-18T18:33:42.000Z,agent-25,ferrite-tools,advertising,6964,EUR,approved,captured,ev_ajlcpg
4329,2026-09-18T19:48:53.000Z,agent-15,harbor-db,hosting,4831,EUR,approved,captured,ev_469ysb
4330,2026-09-18T20:54:47.000Z,agent-13,cobblestone-dev,advertising,14545,EUR,approved,captured,ev_5k77xu
4331,2026-09-18T20:58:21.000Z,agent-32,kestrel-metrics,groceries,7884,EUR,approved,failed,ev_a87n4j
4332,2026-09-18T21:01:32.000Z,agent-26,juniper-ai,groceries,5894,EUR,approved,captured,ev_bj4fxl
4333,2026-09-18T21:43:34.000Z,agent-19,mineral-storage,hosting,5606,EUR,approved,captured,ev_73nh0j
4334,2026-09-18T22:02:13.000Z,agent-39,ferrodata,cloud,10151,EUR,approved,captured,ev_estmnv
4335,2026-09-18T22:07:39.000Z,agent-10,juniper-ai,hosting,11695,EUR,approved,captured,ev_23qi4e
4336,2026-09-18T22:27:02.000Z,agent-22,beacon-auth,groceries,13470,EUR,approved,captured,ev_4cedrv
4337,2026-09-18T22:33:57.000Z,agent-14,cobblestone-dev,advertising,6170,EUR,approved,failed,ev_6rgu4x
4338,2026-09-18T22:58:38.000Z,agent-18,quillpress,domains,8687,EUR,approved,captured,ev_7vmwyj
4339,2026-09-18T23:28:35.000Z,agent-37,harbor-db,travel,6072,EUR,approved,failed,ev_g7l3if
4340,2026-09-18T23:39:25.000Z,agent-05,pierstone-pay,groceries,17685,EUR,approved,captured,ev_8z9ddx
4341,2026-09-18T23:40:31.000Z,agent-16,harbor-db,domains,17967,EUR,approved,captured,ev_f0s6us
4342,2026-09-18T23:48:44.000Z,agent-10,cobalt-cloud,domains,8630,EUR,approved,captured,ev_452tha
4343,2026-09-19T00:05:53.000Z,agent-40,kestrel-metrics,office,11509,EUR,approved,captured,ev_c00nyg
4344,2026-09-19T00:59:41.000Z,agent-38,cinderstack,cloud,16152,EUR,approved,captured,ev_8e9w8o
4345,2026-09-19T01:31:01.000Z,agent-35,lumen-post,cloud,6781,EUR,approved,captured,ev_aoofo6
4346,2026-09-19T01:35:02.000Z,agent-21,quillpress,domains,9532,EUR,approved,captured,ev_e4h4ag
4347,2026-09-19T01:43:32.000Z,agent-07,cinderstack,travel,9962,EUR,approved,captured,ev_bpuqyi
4348,2026-09-19T02:00:49.000Z,agent-30,cinderstack,groceries,5542,EUR,approved,captured,ev_9kwqut
4349,2026-09-19T02:18:25.000Z,agent-23,ferrodata,domains,13771,EUR,approved,captured,ev_340s8x
4350,2026-09-19T02:56:57.000Z,agent-31,granite-crm,advertising,7497,EUR,approved,captured,ev_5312fm
4351,2026-09-19T03:31:26.000Z,agent-09,beacon-auth,groceries,14930,EUR,declined,none,ev_advkxs
4352,2026-09-19T03:39:16.000Z,agent-25,juniper-ai,hosting,19155,EUR,approved,refunded,ev_g264me
4353,2026-09-19T03:54:22.000Z,agent-29,granite-crm,cloud,12393,EUR,approved,captured,ev_8crb4o
4354,2026-09-19T03:56:06.000Z,agent-33,cobblestone-dev,groceries,4025,EUR,approved,captured,ev_anbxfh
4355,2026-09-19T04:01:19.000Z,agent-24,ferrite-tools,software,5114,EUR,approved,captured,ev_4qcvyp
4356,2026-09-19T04:13:31.000Z,agent-38,arkwright-domains,domains,8255,EUR,approved,captured,ev_4thr7x
4357,2026-09-19T04:21:54.000Z,agent-14,atlas-mail,cloud,6083,EUR,approved,captured,ev_ebw2vm
4358,2026-09-19T05:03:08.000Z,agent-20,bytehost,domains,8901,EUR,approved,captured,ev_8zx3x7
4359,2026-09-19T05:45:09.000Z,agent-12,cinderstack,domains,4165,EUR,approved,captured,ev_9eqcn3
4360,2026-09-19T05:56:25.000Z,agent-24,pinecrest-apps,office,9086,EUR,approved,captured,ev_am62h1
4361,2026-09-19T06:09:24.000Z,agent-37,bytehost,office,7152,EUR,approved,captured,ev_7drvg0
4362,2026-09-19T06:52:18.000Z,agent-06,juniper-ai,advertising,12684,EUR,approved,captured,ev_fowetp
4363,2026-09-19T06:58:50.000Z,agent-08,ferrite-tools,advertising,8026,EUR,approved,captured,ev_8ilgwo
4364,2026-09-19T06:59:30.000Z,agent-27,meridian-cdn,software,3334,EUR,approved,captured,ev_6x88d1
4365,2026-09-19T07:00:44.000Z,agent-11,quillpress,advertising,4244,EUR,approved,captured,ev_31w72x
4366,2026-09-19T08:26:37.000Z,agent-05,granite-crm,groceries,6907,EUR,approved,captured,ev_6kotcm
4367,2026-09-19T08:42:43.000Z,agent-26,granite-crm,hosting,11012,EUR,approved,captured,ev_2xqg97
4368,2026-09-19T09:08:04.000Z,agent-37,granite-crm,cloud,9488,EUR,declined,none,ev_kr37n
4369,2026-09-19T10:56:51.000Z,agent-15,ferrite-tools,hosting,19395,EUR,approved,captured,ev_3i4yhk
4370,2026-09-19T11:45:37.000Z,agent-36,beacon-auth,cloud,5054,EUR,approved,captured,ev_duggv7
4371,2026-09-19T12:06:10.000Z,agent-17,cobalt-cloud,cloud,3228,EUR,approved,captured,ev_g22fg1
4372,2026-09-19T13:17:50.000Z,agent-39,northline-api,advertising,8056,EUR,approved,captured,ev_uaztd
4373,2026-09-19T15:13:18.000Z,agent-21,quillpress,cloud,9195,EUR,approved,captured,ev_4b18yz
4374,2026-09-19T15:23:28.000Z,agent-15,railsgate,domains,4613,EUR,approved,captured,ev_6iy3h5
4375,2026-09-19T15:27:13.000Z,agent-28,voltage-io,travel,14892,EUR,approved,captured,ev_8i5rbb
4376,2026-09-19T15:32:34.000Z,agent-38,mineral-storage,office,8095,EUR,approved,failed,ev_61mxcs
4377,2026-09-19T16:10:49.000Z,agent-27,cinderstack,groceries,4504,EUR,approved,captured,ev_f5ewqd
4378,2026-09-19T16:15:52.000Z,agent-17,cobalt-cloud,software,11688,EUR,approved,captured,ev_3etbey
4379,2026-09-19T16:28:57.000Z,agent-29,quillpress,advertising,10636,EUR,approved,captured,ev_7lizdk
4380,2026-09-19T16:43:41.000Z,agent-24,summit-infra,software,6060,EUR,approved,captured,ev_gwnbv
4381,2026-09-19T17:06:35.000Z,agent-34,bytehost,software,11542,EUR,approved,captured,ev_fbfrkz
4382,2026-09-19T17:14:54.000Z,agent-11,northline-api,hosting,3554,EUR,approved,captured,ev_3stjjf
4383,2026-09-19T18:49:22.000Z,agent-16,mineral-storage,groceries,6628,EUR,approved,captured,ev_9it6qy
4384,2026-09-19T20:02:58.000Z,agent-40,voltage-io,cloud,6491,EUR,approved,captured,ev_921fr5
4385,2026-09-19T20:15:26.000Z,agent-20,cobalt-cloud,software,10665,EUR,approved,captured,ev_bha1qb
4386,2026-09-19T21:42:39.000Z,agent-13,bytehost,hosting,2798,EUR,approved,captured,ev_a7ehyc
4387,2026-09-19T21:47:11.000Z,agent-22,voltage-io,office,5242,EUR,approved,captured,ev_d2rov2
4388,2026-09-19T21:59:13.000Z,agent-08,northline-api,advertising,6925,EUR,approved,captured,ev_1b3357
4389,2026-09-19T22:11:04.000Z,agent-27,beacon-auth,hosting,6196,EUR,approved,captured,ev_vvr7d
4390,2026-09-19T22:43:04.000Z,agent-10,lumen-post,office,15269,EUR,approved,captured,ev_950m7t
4391,2026-09-19T23:42:32.000Z,agent-16,lumen-post,cloud,7713,EUR,approved,captured,ev_6a9579
4392,2026-09-20T00:21:46.000Z,agent-22,vellum-crm,hosting,17890,EUR,approved,captured,ev_dm3zqu
4393,2026-09-20T00:32:49.000Z,agent-40,orchid-labs,cloud,9929,EUR,approved,captured,ev_8ve8od
4394,2026-09-20T02:45:06.000Z,agent-12,orchid-labs,groceries,3142,EUR,approved,captured,ev_3vysvg
4395,2026-09-20T02:58:17.000Z,agent-19,ferrodata,office,5472,EUR,approved,captured,ev_811fv2
4396,2026-09-20T03:03:07.000Z,agent-23,pinecrest-apps,hosting,26135,EUR,approved,captured,ev_89btz2
4397,2026-09-20T03:23:16.000Z,agent-09,vellum-crm,travel,11646,EUR,approved,captured,ev_1vddrk
4398,2026-09-20T03:48:34.000Z,agent-12,cinderstack,advertising,18495,EUR,approved,captured,ev_eluua
4399,2026-09-20T03:56:21.000Z,agent-32,ferrodata,groceries,12673,EUR,approved,captured,ev_8sftd1
4400,2026-09-20T04:26:46.000Z,agent-22,quillpress,hosting,12146,EUR,approved,captured,ev_4er89p
4401,2026-09-20T04:26:52.000Z,agent-21,pinecrest-apps,cloud,13040,EUR,approved,captured,ev_7f2qzc
4402,2026-09-20T04:44:42.000Z,agent-06,meridian-cdn,domains,15814,EUR,approved,failed,ev_3otyex
4403,2026-09-20T04:56:08.000Z,agent-14,mineral-storage,advertising,8497,EUR,approved,captured,ev_ckgjem
4404,2026-09-20T05:54:10.000Z,agent-07,orchid-labs,advertising,11328,EUR,approved,failed,ev_2m2df2
4405,2026-09-20T06:32:36.000Z,agent-18,summit-infra,groceries,7699,EUR,approved,failed,ev_6np5y0
4406,2026-09-20T07:20:38.000Z,agent-35,ferrite-tools,cloud,4680,EUR,approved,captured,ev_61gq8y
4407,2026-09-20T07:53:42.000Z,agent-25,voltage-io,office,23535,EUR,approved,captured,ev_fjftd6
4408,2026-09-20T08:25:28.000Z,agent-32,northline-api,cloud,3421,EUR,approved,failed,ev_2xicpg
4409,2026-09-20T08:54:30.000Z,agent-33,quillpress,groceries,11636,EUR,approved,captured,ev_62w39i
4410,2026-09-20T09:14:40.000Z,agent-31,granite-crm,travel,10176,EUR,approved,captured,ev_4s43h1
4411,2026-09-20T09:22:55.000Z,agent-23,beacon-auth,travel,10044,EUR,approved,captured,ev_9cgxhy
4412,2026-09-20T09:45:53.000Z,agent-09,atlas-mail,domains,13407,EUR,approved,captured,ev_3na7mm
4413,2026-09-20T09:54:31.000Z,agent-30,mineral-storage,hosting,16744,EUR,approved,captured,ev_9z3umu
4414,2026-09-20T10:33:44.000Z,agent-35,juniper-ai,office,11895,EUR,approved,captured,ev_18bsne
4415,2026-09-20T10:45:04.000Z,agent-29,granite-crm,office,5913,EUR,approved,captured,ev_as0rp0
4416,2026-09-20T11:54:27.000Z,agent-20,pierstone-pay,domains,13700,EUR,approved,captured,ev_52qdj0
4417,2026-09-20T12:24:24.000Z,agent-28,harbor-db,advertising,8995,EUR,approved,captured,ev_6o3eyd
4418,2026-09-20T12:28:21.000Z,agent-15,mineral-storage,advertising,9602,EUR,approved,captured,ev_4izwja
4419,2026-09-20T12:41:51.000Z,agent-37,mineral-storage,cloud,15162,EUR,approved,failed,ev_a041xx
4420,2026-09-20T12:44:58.000Z,agent-36,juniper-ai,advertising,8590,EUR,approved,captured,ev_6ed52r
4421,2026-09-20T12:46:59.000Z,agent-20,voltage-io,domains,5261,EUR,approved,captured,ev_c80qv2
4422,2026-09-20T13:38:35.000Z,agent-05,meridian-cdn,advertising,8331,EUR,approved,captured,ev_2qsy7b
4423,2026-09-20T13:42:39.000Z,agent-27,kestrel-metrics,travel,9735,EUR,approved,captured,ev_6c5izs
4424,2026-09-20T14:44:51.000Z,agent-37,lumen-post,domains,4577,EUR,approved,captured,ev_6w2lsz
4425,2026-09-20T15:16:31.000Z,agent-38,ferrodata,hosting,7332,EUR,approved,captured,ev_ez0hg2
4426,2026-09-20T15:58:49.000Z,agent-26,ferrodata,software,43898,EUR,declined,none,ev_9bed5i
4427,2026-09-20T16:14:20.000Z,agent-13,northline-api,cloud,5487,EUR,approved,captured,ev_3jrbvz
4428,2026-09-20T17:11:57.000Z,agent-20,juniper-ai,office,16630,EUR,approved,captured,ev_c68wj0
4429,2026-09-20T17:26:30.000Z,agent-15,kestrel-metrics,advertising,22091,EUR,approved,captured,ev_cdplf4
4430,2026-09-20T17:53:41.000Z,agent-18,bytehost,software,9693,EUR,approved,failed,ev_3035h7
4431,2026-09-20T18:07:58.000Z,agent-39,voltage-io,advertising,20445,EUR,approved,captured,ev_6s9876
4432,2026-09-20T18:11:09.000Z,agent-20,lumen-post,travel,25343,EUR,approved,captured,ev_53htvl
4433,2026-09-20T18:45:55.000Z,agent-11,cinderstack,cloud,16837,EUR,approved,captured,ev_8hn1sf
4434,2026-09-20T19:00:49.000Z,agent-34,arkwright-domains,domains,4664,EUR,approved,captured,ev_4o42bx
4435,2026-09-20T19:11:14.000Z,agent-22,ferrite-tools,domains,11544,EUR,approved,captured,ev_52rigg
4436,2026-09-20T19:23:07.000Z,agent-37,beacon-auth,domains,19367,EUR,approved,captured,ev_ctbh5z
4437,2026-09-20T19:33:43.000Z,agent-39,voltage-io,groceries,25462,EUR,approved,failed,ev_2mhhe1
4438,2026-09-20T19:37:58.000Z,agent-29,cinderstack,cloud,8461,EUR,approved,captured,ev_9xfsb0
4439,2026-09-20T19:56:14.000Z,agent-24,quillpress,domains,6545,EUR,approved,captured,ev_czpncm
4440,2026-09-20T20:52:33.000Z,agent-14,bytehost,software,9397,EUR,approved,captured,ev_8sop0j
4441,2026-09-20T20:55:09.000Z,agent-33,harbor-db,travel,17728,EUR,approved,captured,ev_6vkq1o
4442,2026-09-20T21:03:59.000Z,agent-40,arkwright-domains,cloud,23627,EUR,declined,none,ev_de12dt
4443,2026-09-20T21:05:46.000Z,agent-38,kestrel-metrics,cloud,11449,EUR,approved,captured,ev_a6t20n
4444,2026-09-20T21:24:56.000Z,agent-28,cobalt-cloud,office,21330,EUR,approved,captured,ev_57fqkh
4445,2026-09-20T22:18:17.000Z,agent-24,summit-infra,travel,7571,EUR,declined,none,ev_15druo
4446,2026-09-20T22:26:26.000Z,agent-11,ferrodata,travel,6550,EUR,approved,captured,ev_97d8uq
4447,2026-09-20T23:37:04.000Z,agent-17,bytehost,software,22961,EUR,approved,captured,ev_czy790
4448,2026-09-21T00:29:24.000Z,agent-36,quillpress,software,8220,EUR,approved,captured,ev_d0fqz4
4449,2026-09-21T01:08:46.000Z,agent-10,bytehost,hosting,7506,EUR,approved,captured,ev_8gsi9m
4450,2026-09-21T01:14:03.000Z,agent-08,vellum-crm,cloud,5586,EUR,approved,captured,ev_3mfx
4451,2026-09-21T01:47:37.000Z,agent-29,quillpress,hosting,10870,EUR,approved,captured,ev_2dhlbn
4452,2026-09-21T01:54:37.000Z,agent-07,mineral-storage,software,9398,EUR,approved,failed,ev_opa9t
4453,2026-09-21T02:26:43.000Z,agent-21,harbor-db,office,9518,EUR,approved,captured,ev_c6qszp
4454,2026-09-21T03:58:51.000Z,agent-15,atlas-mail,advertising,8599,EUR,approved,captured,ev_7zpwl0
4455,2026-09-21T04:54:49.000Z,agent-08,meridian-cdn,office,4926,EUR,approved,captured,ev_crlnb4
4456,2026-09-21T04:57:57.000Z,agent-12,harbor-db,advertising,5339,EUR,declined,none,ev_7v1kc
4457,2026-09-21T05:15:30.000Z,agent-10,meridian-cdn,software,5179,EUR,approved,captured,ev_b0krdn
4458,2026-09-21T05:34:18.000Z,agent-40,juniper-ai,software,8050,EUR,approved,captured,ev_andv4r
4459,2026-09-21T05:36:55.000Z,agent-32,beacon-auth,office,8793,EUR,approved,captured,ev_9oym6r
4460,2026-09-21T05:43:14.000Z,agent-16,bytehost,office,5892,EUR,approved,captured,ev_cl082x
4461,2026-09-21T05:46:05.000Z,agent-20,railsgate,office,19138,EUR,approved,captured,ev_epjccj
4462,2026-09-21T06:20:34.000Z,agent-17,railsgate,office,3826,EUR,approved,captured,ev_5rgtz3
4463,2026-09-21T06:41:18.000Z,agent-06,cobalt-cloud,office,16208,EUR,approved,captured,ev_dyd9gf
4464,2026-09-21T07:15:56.000Z,agent-34,ferrite-tools,domains,6866,EUR,approved,captured,ev_9v18ym
4465,2026-09-21T07:44:45.000Z,agent-33,juniper-ai,advertising,7588,EUR,approved,failed,ev_c1vyse
4466,2026-09-21T08:08:39.000Z,agent-19,pinecrest-apps,advertising,8279,EUR,approved,captured,ev_6zkioh
4467,2026-09-21T08:27:22.000Z,agent-31,meridian-cdn,software,7989,EUR,approved,captured,ev_bpbmwn
4468,2026-09-21T08:37:19.000Z,agent-20,railsgate,advertising,16393,EUR,approved,captured,ev_38vj8
4469,2026-09-21T08:42:04.000Z,agent-13,northline-api,domains,6674,EUR,approved,captured,ev_5kwq5p
4470,2026-09-21T08:53:40.000Z,agent-17,cobblestone-dev,groceries,9766,EUR,approved,captured,ev_75ei3g
4471,2026-09-21T08:57:53.000Z,agent-09,beacon-auth,domains,21782,EUR,approved,captured,ev_9na298
4472,2026-09-21T10:38:52.000Z,agent-10,voltage-io,domains,7029,EUR,declined,none,ev_57r52c
4473,2026-09-21T10:53:45.000Z,agent-07,atlas-mail,domains,14642,EUR,approved,captured,ev_1iuic7
4474,2026-09-21T11:01:33.000Z,agent-06,summit-infra,travel,12899,EUR,approved,captured,ev_xs32z
4475,2026-09-21T11:51:05.000Z,agent-32,cinderstack,hosting,18359,EUR,approved,captured,ev_2u2tt5
4476,2026-09-21T12:56:52.000Z,agent-13,voltage-io,groceries,5834,EUR,approved,captured,ev_3myesb
4477,2026-09-21T13:00:26.000Z,agent-31,arkwright-domains,domains,9613,EUR,approved,captured,ev_8v565o
4478,2026-09-21T13:25:08.000Z,agent-11,arkwright-domains,domains,20132,EUR,approved,captured,ev_9fgxo7
4479,2026-09-21T13:49:54.000Z,agent-26,mineral-storage,software,5715,EUR,approved,captured,ev_f7tcwz
4480,2026-09-21T13:55:48.000Z,agent-10,atlas-mail,domains,8970,EUR,approved,captured,ev_bckf5m
4481,2026-09-21T14:12:00.000Z,agent-35,harbor-db,travel,5863,EUR,approved,captured,ev_8oiz8b
4482,2026-09-21T14:17:16.000Z,agent-37,meridian-cdn,cloud,8281,EUR,approved,captured,ev_9urs33
4483,2026-09-21T15:28:06.000Z,agent-23,vellum-crm,advertising,5776,EUR,approved,captured,ev_1grtah
4484,2026-09-21T15:30:43.000Z,agent-20,ferrite-tools,travel,4930,EUR,declined,none,ev_cwyqu5
4485,2026-09-21T15:33:12.000Z,agent-25,cobblestone-dev,travel,5055,EUR,approved,captured,ev_e76715
4486,2026-09-21T15:41:46.000Z,agent-19,mineral-storage,hosting,12291,EUR,approved,captured,ev_3nm9pg
4487,2026-09-21T15:51:14.000Z,agent-18,ferrite-tools,cloud,6126,EUR,approved,captured,ev_ff3568
4488,2026-09-21T16:07:47.000Z,agent-16,northline-api,cloud,32396,EUR,approved,captured,ev_9hsik5
4489,2026-09-21T16:19:35.000Z,agent-33,pierstone-pay,travel,3974,EUR,approved,failed,ev_7g6j1s
4490,2026-09-21T16:25:36.000Z,agent-11,beacon-auth,office,6176,EUR,approved,captured,ev_klitj
4491,2026-09-21T16:27:55.000Z,agent-30,pierstone-pay,cloud,7352,EUR,approved,captured,ev_fpnnve
4492,2026-09-21T16:59:59.000Z,agent-28,juniper-ai,software,11935,EUR,approved,captured,ev_8mt069
4493,2026-09-21T17:05:24.000Z,agent-39,juniper-ai,travel,12372,EUR,approved,captured,ev_dfobpg
4494,2026-09-21T18:27:36.000Z,agent-20,ferrite-tools,hosting,6728,EUR,approved,captured,ev_b2kfpt
4495,2026-09-21T18:38:18.000Z,agent-32,cobalt-cloud,groceries,3799,EUR,approved,captured,ev_cen2i4
4496,2026-09-21T18:47:02.000Z,agent-36,juniper-ai,cloud,6824,EUR,approved,captured,ev_9814vl
4497,2026-09-21T19:36:36.000Z,agent-21,pierstone-pay,hosting,29865,EUR,approved,captured,ev_90qg9f
4498,2026-09-21T19:38:37.000Z,agent-12,ferrite-tools,office,9434,EUR,approved,refunded,ev_9g9x6f
4499,2026-09-21T19:38:49.000Z,agent-35,arkwright-domains,advertising,4943,EUR,approved,captured,ev_8g3bot
4500,2026-09-21T19:53:30.000Z,agent-27,vellum-crm,advertising,4512,EUR,approved,captured,ev_3vhq6s
4501,2026-09-21T20:09:18.000Z,agent-22,cinderstack,software,26880,EUR,approved,failed,ev_bd69z5
4502,2026-09-21T20:34:22.000Z,agent-37,northline-api,travel,28276,EUR,approved,refunded,ev_803lkw
4503,2026-09-21T20:53:44.000Z,agent-30,pierstone-pay,groceries,21926,EUR,approved,captured,ev_ex4b0
4504,2026-09-21T21:06:28.000Z,agent-38,quillpress,software,5910,EUR,approved,captured,ev_98i35t
4505,2026-09-21T21:40:15.000Z,agent-36,harbor-db,travel,3648,EUR,approved,captured,ev_ed3lhi
4506,2026-09-21T21:48:44.000Z,agent-32,cobblestone-dev,cloud,37367,EUR,declined,none,ev_9h0tre
4507,2026-09-21T21:57:39.000Z,agent-05,ferrite-tools,domains,8348,EUR,approved,captured,ev_edo4gs
4508,2026-09-21T22:36:27.000Z,agent-27,vellum-crm,domains,9338,EUR,approved,captured,ev_fzs5b8
4509,2026-09-21T22:37:30.000Z,agent-24,summit-infra,domains,19174,EUR,approved,captured,ev_2470eo
4510,2026-09-21T23:58:18.000Z,agent-23,quillpress,domains,49714,EUR,approved,captured,ev_buzc7t
4511,2026-09-21T23:59:59.000Z,agent-26,voltage-io,domains,8129,EUR,approved,captured,ev_g3ks5g
4512,2026-09-22T01:11:21.000Z,agent-26,atlas-mail,domains,9146,EUR,approved,captured,ev_7ayda0
4513,2026-09-22T01:19:10.000Z,agent-10,vellum-crm,travel,8629,EUR,approved,captured,ev_87n19q
4514,2026-09-22T01:33:30.000Z,agent-14,beacon-auth,domains,26326,EUR,approved,captured,ev_7b48ek
4515,2026-09-22T02:28:38.000Z,agent-28,arkwright-domains,cloud,7471,EUR,approved,captured,ev_f2j0z7
4516,2026-09-22T02:45:41.000Z,agent-40,quillpress,advertising,4631,EUR,approved,captured,ev_37ykay
4517,2026-09-22T02:51:32.000Z,agent-12,summit-infra,hosting,5938,EUR,approved,captured,ev_fp3la
4518,2026-09-22T03:20:37.000Z,agent-15,granite-crm,office,8767,EUR,approved,captured,ev_e8geak
4519,2026-09-22T03:31:32.000Z,agent-35,ferrite-tools,advertising,4422,EUR,approved,captured,ev_91qpfs
4520,2026-09-22T04:19:01.000Z,agent-15,mineral-storage,domains,10545,EUR,approved,captured,ev_ftym4g
4521,2026-09-22T05:33:51.000Z,agent-34,kestrel-metrics,advertising,10226,EUR,approved,captured,ev_bsdcdx
4522,2026-09-22T05:43:27.000Z,agent-11,pinecrest-apps,groceries,6539,EUR,declined,none,ev_e44meq
4523,2026-09-22T06:08:32.000Z,agent-18,juniper-ai,groceries,16719,EUR,approved,captured,ev_8dvofu
4524,2026-09-22T06:11:16.000Z,agent-17,pinecrest-apps,advertising,9052,EUR,approved,captured,ev_frdfyl
4525,2026-09-22T06:32:31.000Z,agent-06,pierstone-pay,office,17842,EUR,approved,captured,ev_5ju39f
4526,2026-09-22T06:34:20.000Z,agent-19,lumen-post,cloud,10663,EUR,approved,captured,ev_3aevfi
4527,2026-09-22T06:59:09.000Z,agent-21,orchid-labs,groceries,11775,EUR,approved,captured,ev_4wmch
4528,2026-09-22T06:59:38.000Z,agent-22,bytehost,groceries,8615,EUR,approved,captured,ev_ap7snn
4529,2026-09-22T08:08:46.000Z,agent-29,railsgate,cloud,11795,EUR,approved,captured,ev_7no9ru
4530,2026-09-22T08:35:08.000Z,agent-08,quillpress,travel,8346,EUR,approved,captured,ev_9q00ye
4531,2026-09-22T08:55:01.000Z,agent-09,atlas-mail,advertising,13015,EUR,approved,captured,ev_6ilm1v
4532,2026-09-22T10:05:22.000Z,agent-07,beacon-auth,office,14269,EUR,approved,captured,ev_3hei2y
4533,2026-09-22T10:36:42.000Z,agent-25,cinderstack,travel,14041,EUR,approved,captured,ev_agp735
4534,2026-09-22T10:48:03.000Z,agent-40,voltage-io,groceries,11574,EUR,approved,captured,ev_84eb0z
4535,2026-09-22T11:38:14.000Z,agent-31,pierstone-pay,cloud,20603,EUR,approved,captured,ev_11whfc
4536,2026-09-22T12:13:50.000Z,agent-25,cinderstack,travel,10654,EUR,approved,captured,ev_2qhoc0
4537,2026-09-22T12:34:40.000Z,agent-18,quillpress,hosting,25988,EUR,approved,captured,ev_6lrwnn
4538,2026-09-22T13:23:18.000Z,agent-13,atlas-mail,software,3856,EUR,approved,captured,ev_ee3wjo
4539,2026-09-22T13:23:56.000Z,agent-16,ferrodata,software,6861,EUR,approved,captured,ev_ej8wjx
4540,2026-09-22T15:20:14.000Z,agent-33,quillpress,office,5423,EUR,declined,none,ev_4guwv1
4541,2026-09-22T15:50:32.000Z,agent-23,kestrel-metrics,groceries,11527,EUR,declined,none,ev_c6wp7
4542,2026-09-22T16:05:13.000Z,agent-26,lumen-post,advertising,7025,EUR,approved,captured,ev_mh3bb
4543,2026-09-22T16:32:13.000Z,agent-38,meridian-cdn,travel,9072,EUR,declined,none,ev_evzb1l
4544,2026-09-22T16:43:42.000Z,agent-30,cobalt-cloud,hosting,6369,EUR,approved,captured,ev_1689i
4545,2026-09-22T17:15:11.000Z,agent-39,mineral-storage,office,6132,EUR,approved,failed,ev_9adlsi
4546,2026-09-22T17:36:25.000Z,agent-17,railsgate,advertising,24828,EUR,approved,captured,ev_b9m5bo
4547,2026-09-22T17:47:59.000Z,agent-23,summit-infra,hosting,18868,EUR,approved,captured,ev_eg33dy
4548,2026-09-22T18:03:38.000Z,agent-05,pinecrest-apps,advertising,7036,EUR,approved,captured,ev_5ypjdt
4549,2026-09-22T18:30:11.000Z,agent-13,vellum-crm,groceries,10409,EUR,declined,none,ev_kvqqh
4550,2026-09-22T19:06:53.000Z,agent-36,beacon-auth,cloud,9995,EUR,approved,captured,ev_7hja3z
4551,2026-09-22T19:38:44.000Z,agent-08,railsgate,travel,6172,EUR,approved,captured,ev_78607b
4552,2026-09-22T19:55:00.000Z,agent-17,vellum-crm,domains,16305,EUR,approved,refunded,ev_dhnfl1
4553,2026-09-22T20:26:48.000Z,agent-39,beacon-auth,domains,4987,EUR,approved,captured,ev_g08zlr
4554,2026-09-22T21:01:55.000Z,agent-35,cobblestone-dev,hosting,20449,EUR,approved,captured,ev_9s7ata
4555,2026-09-22T21:07:01.000Z,agent-12,ferrodata,cloud,8471,EUR,approved,captured,ev_8d89uk
4556,2026-09-22T21:35:11.000Z,agent-20,voltage-io,domains,14809,EUR,approved,captured,ev_5j2y81
4557,2026-09-22T23:37:17.000Z,agent-15,juniper-ai,domains,10339,EUR,approved,captured,ev_6d66mx
4558,2026-09-22T23:50:38.000Z,agent-09,quillpress,domains,3046,EUR,approved,captured,ev_fwbvam
4559,2026-09-23T00:06:17.000Z,agent-32,harbor-db,advertising,8962,EUR,approved,captured,ev_bc94nd
4560,2026-09-23T00:43:46.000Z,agent-07,voltage-io,hosting,12793,EUR,approved,captured,ev_5piprm
4561,2026-09-23T01:09:21.000Z,agent-15,pinecrest-apps,office,9180,EUR,approved,captured,ev_2noz0m
4562,2026-09-23T01:17:10.000Z,agent-38,beacon-auth,hosting,6408,EUR,approved,captured,ev_966o6k
4563,2026-09-23T01:19:20.000Z,agent-18,lumen-post,advertising,17664,EUR,approved,captured,ev_4jvga0
4564,2026-09-23T01:19:57.000Z,agent-13,vellum-crm,domains,4372,EUR,approved,captured,ev_3d4axo
4565,2026-09-23T01:45:24.000Z,agent-07,atlas-mail,software,11829,EUR,approved,captured,ev_672vyi
4566,2026-09-23T01:58:08.000Z,agent-15,arkwright-domains,software,27075,EUR,declined,none,ev_ayo1oc
4567,2026-09-23T02:45:16.000Z,agent-35,railsgate,cloud,10760,EUR,approved,captured,ev_adnp6h
4568,2026-09-23T03:00:33.000Z,agent-12,harbor-db,advertising,11410,EUR,approved,failed,ev_8adzel
4569,2026-09-23T03:10:50.000Z,agent-09,mineral-storage,groceries,4036,EUR,approved,captured,ev_8noe0b
4570,2026-09-23T03:26:23.000Z,agent-37,pinecrest-apps,travel,5633,EUR,approved,captured,ev_fxl1x2
4571,2026-09-23T03:32:53.000Z,agent-29,cobblestone-dev,hosting,10556,EUR,approved,captured,ev_6ge2m2
4572,2026-09-23T03:34:45.000Z,agent-22,pinecrest-apps,software,10318,EUR,approved,captured,ev_696xmp
4573,2026-09-23T03:35:18.000Z,agent-21,ferrodata,software,18362,EUR,approved,captured,ev_dsdrkh
4574,2026-09-23T03:53:05.000Z,agent-31,pierstone-pay,groceries,7917,EUR,declined,none,ev_7240la
4575,2026-09-23T04:51:01.000Z,agent-10,meridian-cdn,cloud,8200,EUR,approved,captured,ev_7g9zeg
4576,2026-09-23T05:44:00.000Z,agent-32,atlas-mail,software,8114,EUR,approved,captured,ev_e3d9fq
4577,2026-09-23T06:17:19.000Z,agent-20,pinecrest-apps,domains,37073,EUR,approved,captured,ev_fqipy0
4578,2026-09-23T06:20:11.000Z,agent-40,granite-crm,domains,27875,EUR,approved,captured,ev_b38fxh
4579,2026-09-23T06:46:59.000Z,agent-24,juniper-ai,cloud,8099,EUR,approved,captured,ev_bsdhbp
4580,2026-09-23T06:51:06.000Z,agent-27,juniper-ai,travel,11450,EUR,approved,captured,ev_2geedo
4581,2026-09-23T07:07:21.000Z,agent-17,railsgate,office,7875,EUR,approved,captured,ev_aq8f2e
4582,2026-09-23T07:56:57.000Z,agent-06,meridian-cdn,advertising,12147,EUR,approved,captured,ev_b7jai7
4583,2026-09-23T08:14:33.000Z,agent-28,bytehost,hosting,4530,EUR,approved,captured,ev_b9vo16
4584,2026-09-23T08:44:06.000Z,agent-14,atlas-mail,office,10390,EUR,declined,none,ev_18tw4n
4585,2026-09-23T10:04:45.000Z,agent-09,pierstone-pay,office,8037,EUR,approved,captured,ev_1fogsm
4586,2026-09-23T11:23:51.000Z,agent-30,summit-infra,hosting,6924,EUR,declined,none,ev_6qwqx7
4587,2026-09-23T11:28:15.000Z,agent-05,harbor-db,software,20719,EUR,approved,captured,ev_7chzyh
4588,2026-09-23T12:01:58.000Z,agent-16,orchid-labs,groceries,22102,EUR,approved,captured,ev_adp4bj
4589,2026-09-23T12:50:17.000Z,agent-34,mineral-storage,travel,11080,EUR,declined,none,ev_vksg0
4590,2026-09-23T13:00:41.000Z,agent-18,meridian-cdn,travel,7174,EUR,approved,captured,ev_dt0yz3
4591,2026-09-23T13:32:12.000Z,agent-23,cobblestone-dev,software,5340,EUR,declined,none,ev_cyc72u
4592,2026-09-23T13:47:20.000Z,agent-11,summit-infra,groceries,6930,EUR,approved,captured,ev_djzj3y
4593,2026-09-23T13:51:13.000Z,agent-18,mineral-storage,software,11192,EUR,approved,captured,ev_as4vsp
4594,2026-09-23T14:00:48.000Z,agent-39,kestrel-metrics,software,4288,EUR,approved,captured,ev_71746w
4595,2026-09-23T14:30:10.000Z,agent-15,bytehost,office,5855,EUR,approved,captured,ev_cx2g6a
4596,2026-09-23T14:42:31.000Z,agent-19,lumen-post,software,6290,EUR,approved,captured,ev_5wsjj1
4597,2026-09-23T15:53:17.000Z,agent-15,bytehost,office,5226,EUR,approved,captured,ev_9e36c0
4598,2026-09-23T16:05:01.000Z,agent-05,voltage-io,advertising,5117,EUR,approved,captured,ev_5h7blx
4599,2026-09-23T17:22:56.000Z,agent-40,vellum-crm,hosting,9135,EUR,approved,captured,ev_17bxrn
4600,2026-09-23T18:03:26.000Z,agent-38,cinderstack,office,8989,EUR,declined,none,ev_bbb043
4601,2026-09-23T18:39:08.000Z,agent-18,vellum-crm,cloud,6759,EUR,approved,captured,ev_3tp603
4602,2026-09-23T18:47:37.000Z,agent-07,railsgate,office,8596,EUR,approved,captured,ev_2l8143
4603,2026-09-23T19:41:06.000Z,agent-33,cinderstack,domains,6247,EUR,declined,none,ev_2e2crv
4604,2026-09-23T20:04:00.000Z,agent-34,ferrodata,advertising,13099,EUR,approved,captured,ev_eaw9wv
4605,2026-09-23T20:21:54.000Z,agent-20,vellum-crm,cloud,12453,EUR,approved,captured,ev_5lv2wt
4606,2026-09-23T20:27:04.000Z,agent-28,railsgate,groceries,10138,EUR,approved,captured,ev_cdvrua
4607,2026-09-23T20:32:10.000Z,agent-25,meridian-cdn,advertising,14722,EUR,approved,captured,ev_crck3o
4608,2026-09-23T21:02:55.000Z,agent-09,vellum-crm,office,6489,EUR,approved,captured,ev_eg00z0
4609,2026-09-23T21:58:10.000Z,agent-08,orchid-labs,domains,16229,EUR,approved,captured,ev_6ovauu
4610,2026-09-23T22:30:31.000Z,agent-26,railsgate,hosting,17465,EUR,approved,captured,ev_cx72pb
4611,2026-09-23T23:47:23.000Z,agent-31,beacon-auth,advertising,9155,EUR,approved,captured,ev_85v1ku
4612,2026-09-24T00:06:53.000Z,agent-17,atlas-mail,cloud,5541,EUR,approved,captured,ev_e4ae91
4613,2026-09-24T00:28:19.000Z,agent-11,ferrodata,office,9422,EUR,approved,captured,ev_755ks7
4614,2026-09-24T00:52:17.000Z,agent-36,granite-crm,advertising,9731,EUR,approved,captured,ev_crydgc
4615,2026-09-24T01:32:01.000Z,agent-35,lumen-post,groceries,7123,EUR,approved,captured,ev_20etij
4616,2026-09-24T01:46:41.000Z,agent-24,mineral-storage,travel,2266,EUR,approved,captured,ev_fxzrzk
4617,2026-09-24T02:21:37.000Z,agent-13,pinecrest-apps,domains,19657,EUR,approved,captured,ev_8d66k2
4618,2026-09-24T02:48:10.000Z,agent-40,vellum-crm,travel,10773,EUR,approved,captured,ev_8gc28n
4619,2026-09-24T03:45:36.000Z,agent-31,bytehost,cloud,15287,EUR,approved,captured,ev_ewtcky
4620,2026-09-24T04:04:57.000Z,agent-32,pinecrest-apps,office,11165,EUR,approved,captured,ev_47huih
4621,2026-09-24T04:52:33.000Z,agent-27,summit-infra,office,14180,EUR,approved,captured,ev_b56fbh
4622,2026-09-24T05:07:49.000Z,agent-29,cobblestone-dev,hosting,11938,EUR,approved,captured,ev_btcgjj
4623,2026-09-24T05:53:04.000Z,agent-21,kestrel-metrics,cloud,5099,EUR,approved,captured,ev_bpjnr0
4624,2026-09-24T06:16:10.000Z,agent-12,vellum-crm,travel,7786,EUR,approved,captured,ev_esgo3l
4625,2026-09-24T06:30:20.000Z,agent-37,ferrodata,groceries,21672,EUR,approved,captured,ev_eganqb
4626,2026-09-24T06:59:53.000Z,agent-12,kestrel-metrics,office,6790,EUR,declined,none,ev_2r9g6h
4627,2026-09-24T07:10:53.000Z,agent-06,harbor-db,groceries,5385,EUR,approved,captured,ev_3m8ut7
4628,2026-09-24T08:46:14.000Z,agent-36,mineral-storage,hosting,8065,EUR,approved,captured,ev_2zx87w
4629,2026-09-24T08:53:52.000Z,agent-08,juniper-ai,advertising,7511,EUR,approved,captured,ev_4bcrv1
4630,2026-09-24T09:06:36.000Z,agent-32,mineral-storage,hosting,4264,EUR,approved,captured,ev_5viagp
4631,2026-09-24T09:21:15.000Z,agent-29,ferrodata,travel,4756,EUR,approved,captured,ev_8qvy4k
4632,2026-09-24T09:35:52.000Z,agent-22,harbor-db,groceries,18094,EUR,approved,captured,ev_fbv9ut
4633,2026-09-24T10:20:48.000Z,agent-10,mineral-storage,advertising,7763,EUR,approved,captured,ev_69cm6f
4634,2026-09-24T10:36:07.000Z,agent-22,summit-infra,travel,9880,EUR,approved,captured,ev_fpu3gi
4635,2026-09-24T10:53:39.000Z,agent-26,vellum-crm,advertising,11917,EUR,approved,captured,ev_7p56dw
4636,2026-09-24T11:17:33.000Z,agent-12,pinecrest-apps,office,17406,EUR,approved,failed,ev_7ffrql
4637,2026-09-24T11:26:24.000Z,agent-38,cobalt-cloud,cloud,11336,EUR,approved,captured,ev_9azinp
4638,2026-09-24T11:37:55.000Z,agent-30,arkwright-domains,travel,13788,EUR,declined,none,ev_e0kiqb
4639,2026-09-24T12:19:44.000Z,agent-40,juniper-ai,software,14974,EUR,approved,captured,ev_7frswf
4640,2026-09-24T12:45:31.000Z,agent-31,granite-crm,advertising,7599,EUR,approved,captured,ev_4s1rn
4641,2026-09-24T13:03:11.000Z,agent-30,quillpress,cloud,5111,EUR,approved,captured,ev_73mx59
4642,2026-09-24T14:01:43.000Z,agent-39,quillpress,hosting,12949,EUR,declined,none,ev_5yg9fu
4643,2026-09-24T14:16:44.000Z,agent-29,orchid-labs,software,3601,EUR,approved,captured,ev_5z1vhd
4644,2026-09-24T14:31:18.000Z,agent-12,summit-infra,travel,9338,EUR,approved,captured,ev_437kf8
4645,2026-09-24T14:55:37.000Z,agent-22,atlas-mail,cloud,5205,EUR,approved,captured,ev_aalslq
4646,2026-09-24T14:59:58.000Z,agent-31,northline-api,cloud,4814,EUR,approved,captured,ev_p46bl
4647,2026-09-24T15:05:39.000Z,agent-07,northline-api,groceries,5345,EUR,approved,refunded,ev_89nn43
4648,2026-09-24T15:16:10.000Z,agent-25,cobalt-cloud,travel,13304,EUR,approved,captured,ev_4k06xp
4649,2026-09-24T15:47:34.000Z,agent-05,railsgate,office,13037,EUR,approved,captured,ev_a6w6f2
4650,2026-09-24T15:56:05.000Z,agent-28,lumen-post,hosting,5832,EUR,approved,refunded,ev_aohmm6
4651,2026-09-24T16:12:10.000Z,agent-19,vellum-crm,domains,12463,EUR,approved,captured,ev_2vx5f7
4652,2026-09-24T16:23:59.000Z,agent-11,arkwright-domains,domains,14948,EUR,approved,captured,ev_b6eyh5
4653,2026-09-24T16:42:41.000Z,agent-38,atlas-mail,office,14373,EUR,approved,captured,ev_aveliu
4654,2026-09-24T17:24:42.000Z,agent-06,lumen-post,software,5570,EUR,approved,captured,ev_1u81ts
4655,2026-09-24T17:35:55.000Z,agent-13,mineral-storage,hosting,3220,EUR,approved,captured,ev_9akys6
4656,2026-09-24T17:44:02.000Z,agent-32,kestrel-metrics,office,10167,EUR,approved,captured,ev_1e2kq2
4657,2026-09-24T18:54:55.000Z,agent-23,northline-api,office,11140,EUR,approved,captured,ev_8lu7of
4658,2026-09-24T18:58:44.000Z,agent-36,vellum-crm,advertising,25603,EUR,approved,captured,ev_bbirqg
4659,2026-09-24T19:13:03.000Z,agent-16,orchid-labs,domains,9057,EUR,approved,captured,ev_2pdjqg
4660,2026-09-24T20:31:32.000Z,agent-09,harbor-db,office,7637,EUR,approved,captured,ev_76ac38
4661,2026-09-24T21:17:00.000Z,agent-10,cinderstack,hosting,2410,EUR,approved,captured,ev_57hsuh
4662,2026-09-24T21:56:42.000Z,agent-26,juniper-ai,hosting,4795,EUR,approved,failed,ev_fmu0t9
4663,2026-09-24T23:06:00.000Z,agent-28,pinecrest-apps,groceries,13006,EUR,approved,captured,ev_g1ls6i
4664,2026-09-25T00:23:46.000Z,agent-36,vellum-crm,cloud,9087,EUR,approved,captured,ev_3vuk77
4665,2026-09-25T00:37:48.000Z,agent-09,ferrite-tools,travel,11312,EUR,approved,captured,ev_6tpa36
4666,2026-09-25T00:55:17.000Z,agent-13,voltage-io,cloud,14297,EUR,approved,captured,ev_8nuwuo
4667,2026-09-25T01:53:48.000Z,agent-34,lumen-post,cloud,8333,EUR,approved,captured,ev_5nlex7
4668,2026-09-25T02:31:50.000Z,agent-33,ferrite-tools,cloud,2813,EUR,approved,captured,ev_76ninm
4669,2026-09-25T02:51:45.000Z,agent-28,beacon-auth,domains,12748,EUR,approved,captured,ev_5vyxhm
4670,2026-09-25T02:58:42.000Z,agent-18,arkwright-domains,groceries,8983,EUR,approved,captured,ev_3a3ixr
4671,2026-09-25T04:19:28.000Z,agent-22,meridian-cdn,cloud,8396,EUR,approved,captured,ev_51f59d
4672,2026-09-25T06:05:55.000Z,agent-24,orchid-labs,domains,16724,EUR,approved,refunded,ev_fr15yx
4673,2026-09-25T06:09:48.000Z,agent-17,cobblestone-dev,office,18696,EUR,approved,captured,ev_e1fy0j
4674,2026-09-25T06:40:33.000Z,agent-30,voltage-io,office,4718,EUR,approved,captured,ev_chawos
4675,2026-09-25T07:17:00.000Z,agent-10,harbor-db,domains,10377,EUR,approved,captured,ev_ebqqju
4676,2026-09-25T08:01:11.000Z,agent-28,juniper-ai,software,14566,EUR,approved,captured,ev_8kc5ne
4677,2026-09-25T09:09:49.000Z,agent-35,atlas-mail,groceries,6538,EUR,approved,captured,ev_e8wrod
4678,2026-09-25T10:31:00.000Z,agent-26,cinderstack,travel,11006,EUR,approved,captured,ev_7xh2gi
4679,2026-09-25T10:38:36.000Z,agent-08,railsgate,advertising,8252,EUR,approved,captured,ev_bb57be
4680,2026-09-25T10:50:32.000Z,agent-32,arkwright-domains,cloud,11212,EUR,approved,refunded,ev_58jygf
4681,2026-09-25T11:11:49.000Z,agent-06,beacon-auth,office,12211,EUR,approved,captured,ev_40df89
4682,2026-09-25T11:33:14.000Z,agent-21,ferrodata,cloud,10085,EUR,declined,none,ev_bl7nab
4683,2026-09-25T11:46:47.000Z,agent-27,ferrodata,travel,8826,EUR,declined,none,ev_hbmuh
4684,2026-09-25T12:07:11.000Z,agent-40,ferrite-tools,travel,12902,EUR,approved,captured,ev_6kwc4p
4685,2026-09-25T12:22:23.000Z,agent-16,meridian-cdn,software,6364,EUR,approved,captured,ev_688pxt
4686,2026-09-25T12:25:54.000Z,agent-25,orchid-labs,groceries,13062,EUR,approved,captured,ev_5ab7ni
4687,2026-09-25T12:33:40.000Z,agent-37,quillpress,advertising,12770,EUR,approved,captured,ev_i9lo6
4688,2026-09-25T12:56:41.000Z,agent-30,lumen-post,software,4883,EUR,approved,captured,ev_cnjn8x
4689,2026-09-25T13:08:28.000Z,agent-05,bytehost,office,4341,EUR,approved,captured,ev_6fdlgy
4690,2026-09-25T13:15:13.000Z,agent-22,arkwright-domains,groceries,7955,EUR,approved,captured,ev_4s5t5m
4691,2026-09-25T13:50:23.000Z,agent-36,harbor-db,cloud,4156,EUR,approved,captured,ev_72zpdq
4692,2026-09-25T14:42:16.000Z,agent-19,ferrodata,travel,2882,EUR,approved,captured,ev_csu8wx
4693,2026-09-25T14:49:00.000Z,agent-35,pinecrest-apps,cloud,4062,EUR,declined,none,ev_asil70
4694,2026-09-25T15:29:39.000Z,agent-08,pinecrest-apps,hosting,6096,EUR,approved,captured,ev_6w3j0i
4695,2026-09-25T15:37:36.000Z,agent-11,arkwright-domains,software,7937,EUR,approved,captured,ev_2uoot3
4696,2026-09-25T16:11:12.000Z,agent-32,cobblestone-dev,travel,22948,EUR,approved,captured,ev_1wqea
4697,2026-09-25T17:01:33.000Z,agent-35,juniper-ai,hosting,11162,EUR,approved,captured,ev_6nkmpw
4698,2026-09-25T17:27:28.000Z,agent-39,cinderstack,hosting,8028,EUR,approved,captured,ev_anzzwq
4699,2026-09-25T19:07:24.000Z,agent-31,summit-infra,advertising,7254,EUR,approved,captured,ev_e2dv8l
4700,2026-09-25T19:12:15.000Z,agent-32,orchid-labs,advertising,9065,EUR,approved,captured,ev_7lq5pe
4701,2026-09-25T19:20:53.000Z,agent-23,juniper-ai,office,7872,EUR,approved,captured,ev_btgvfc
4702,2026-09-25T20:43:07.000Z,agent-12,juniper-ai,hosting,4829,EUR,approved,captured,ev_c2697b
4703,2026-09-25T21:27:45.000Z,agent-38,cobblestone-dev,travel,5639,EUR,approved,captured,ev_f9jvj2
4704,2026-09-25T21:34:01.000Z,agent-28,harbor-db,cloud,17982,EUR,approved,captured,ev_8xi41x
4705,2026-09-25T21:53:17.000Z,agent-10,meridian-cdn,software,12599,EUR,approved,captured,ev_5lj96u
4706,2026-09-25T21:56:32.000Z,agent-27,vellum-crm,hosting,11714,EUR,approved,refunded,ev_2ehkq2
4707,2026-09-25T21:57:10.000Z,agent-29,cobalt-cloud,office,2972,EUR,approved,captured,ev_edrciz
4708,2026-09-25T22:09:34.000Z,agent-21,vellum-crm,hosting,9316,EUR,approved,captured,ev_bkaljd
4709,2026-09-25T22:22:43.000Z,agent-11,mineral-storage,advertising,3231,EUR,approved,captured,ev_3ky3ka
4710,2026-09-25T22:28:38.000Z,agent-07,meridian-cdn,travel,9533,EUR,approved,captured,ev_f8wps4
4711,2026-09-26T00:46:43.000Z,agent-12,mineral-storage,groceries,14897,EUR,approved,captured,ev_bj5s1u
4712,2026-09-26T01:34:25.000Z,agent-16,cinderstack,groceries,3754,EUR,approved,captured,ev_gbzjjv
4713,2026-09-26T02:21:45.000Z,agent-25,railsgate,cloud,9971,EUR,approved,captured,ev_b8lhox
4714,2026-09-26T02:26:25.000Z,agent-26,voltage-io,cloud,15335,EUR,approved,captured,ev_69iscv
4715,2026-09-26T03:19:02.000Z,agent-36,pinecrest-apps,hosting,23118,EUR,approved,captured,ev_6qq6or
4716,2026-09-26T03:49:24.000Z,agent-32,pierstone-pay,domains,12305,EUR,approved,captured,ev_9w9gir
4717,2026-09-26T04:09:49.000Z,agent-34,summit-infra,office,8159,EUR,approved,captured,ev_913i1o
4718,2026-09-26T04:15:36.000Z,agent-17,meridian-cdn,hosting,8976,EUR,approved,failed,ev_q4d0e
4719,2026-09-26T04:20:49.000Z,agent-18,quillpress,advertising,7313,EUR,approved,captured,ev_blac38
4720,2026-09-26T05:05:08.000Z,agent-13,cobalt-cloud,hosting,7343,EUR,approved,captured,ev_6e1i8u
4721,2026-09-26T05:49:09.000Z,agent-25,kestrel-metrics,groceries,8091,EUR,approved,captured,ev_g0o2zc
4722,2026-09-26T06:19:57.000Z,agent-17,pinecrest-apps,domains,3764,EUR,approved,captured,ev_e6gliy
4723,2026-09-26T06:34:27.000Z,agent-33,voltage-io,cloud,17449,EUR,approved,captured,ev_c89t23
4724,2026-09-26T06:50:52.000Z,agent-10,pinecrest-apps,groceries,16599,EUR,approved,captured,ev_5ysgwk
4725,2026-09-26T07:33:05.000Z,agent-11,atlas-mail,office,16399,EUR,approved,captured,ev_cpqiox
4726,2026-09-26T07:35:25.000Z,agent-09,meridian-cdn,groceries,16015,EUR,approved,captured,ev_aeu56l
4727,2026-09-26T07:52:38.000Z,agent-40,kestrel-metrics,office,21109,EUR,approved,captured,ev_29u64o
4728,2026-09-26T08:01:48.000Z,agent-10,harbor-db,travel,5726,EUR,declined,none,ev_1v3prz
4729,2026-09-26T08:34:09.000Z,agent-24,bytehost,domains,8350,EUR,approved,captured,ev_5h961t
4730,2026-09-26T08:40:40.000Z,agent-30,cinderstack,advertising,9332,EUR,approved,captured,ev_eqaysq
4731,2026-09-26T08:51:21.000Z,agent-33,pierstone-pay,groceries,18999,EUR,approved,captured,ev_fsabu0
4732,2026-09-26T10:01:34.000Z,agent-35,harbor-db,groceries,4851,EUR,approved,captured,ev_7qm918
4733,2026-09-26T10:13:32.000Z,agent-25,railsgate,groceries,6517,EUR,approved,captured,ev_bu01m9
4734,2026-09-26T11:38:17.000Z,agent-30,juniper-ai,advertising,10597,EUR,declined,none,ev_bdm5x4
4735,2026-09-26T11:41:01.000Z,agent-18,quillpress,hosting,8827,EUR,approved,captured,ev_brhguq
4736,2026-09-26T12:48:02.000Z,agent-22,beacon-auth,hosting,8227,EUR,approved,captured,ev_brggpz
4737,2026-09-26T12:57:35.000Z,agent-39,harbor-db,office,7629,EUR,approved,captured,ev_i4cag
4738,2026-09-26T13:18:00.000Z,agent-08,northline-api,hosting,5187,EUR,approved,captured,ev_b57wie
4739,2026-09-26T13:39:19.000Z,agent-17,mineral-storage,advertising,11476,EUR,approved,captured,ev_1zqwd4
4740,2026-09-26T13:56:44.000Z,agent-06,harbor-db,office,5525,EUR,approved,captured,ev_69sr74
4741,2026-09-26T16:12:38.000Z,agent-16,lumen-post,travel,21442,EUR,approved,captured,ev_78v7d7
4742,2026-09-26T16:14:22.000Z,agent-29,granite-crm,cloud,4713,EUR,approved,captured,ev_706byy
4743,2026-09-26T16:31:26.000Z,agent-05,mineral-storage,cloud,15744,EUR,approved,captured,ev_cjpp1f
4744,2026-09-26T19:38:49.000Z,agent-40,bytehost,domains,4162,EUR,approved,captured,ev_1g5vgd
4745,2026-09-26T19:54:35.000Z,agent-07,cobalt-cloud,groceries,6977,EUR,approved,captured,ev_gfgd1a
4746,2026-09-26T20:07:37.000Z,agent-37,vellum-crm,hosting,23526,EUR,approved,captured,ev_e5i5ac
4747,2026-09-26T21:20:31.000Z,agent-34,granite-crm,travel,10536,EUR,approved,captured,ev_g0dfoo
4748,2026-09-26T21:50:54.000Z,agent-36,railsgate,advertising,4051,EUR,declined,none,ev_b88fph
4749,2026-09-26T22:27:07.000Z,agent-19,arkwright-domains,domains,8942,EUR,approved,captured,ev_ghpilz
4750,2026-09-26T22:57:17.000Z,agent-08,cobalt-cloud,hosting,7194,EUR,approved,captured,ev_8e2qsc
4751,2026-09-26T23:16:00.000Z,agent-31,lumen-post,cloud,14198,EUR,declined,none,ev_frti20
4752,2026-09-27T00:11:05.000Z,agent-38,juniper-ai,software,17322,EUR,approved,captured,ev_gbkyys
4753,2026-09-27T00:21:48.000Z,agent-33,northline-api,hosting,12394,EUR,approved,captured,ev_4xb7xs
4754,2026-09-27T00:26:14.000Z,agent-26,cobalt-cloud,domains,4136,EUR,approved,captured,ev_5wuvrb
4755,2026-09-27T00:58:06.000Z,agent-36,voltage-io,software,27553,EUR,approved,captured,ev_3f5mzx
4756,2026-09-27T01:10:34.000Z,agent-09,meridian-cdn,domains,22347,EUR,approved,captured,ev_20of5u
4757,2026-09-27T01:43:58.000Z,agent-27,beacon-auth,domains,24669,EUR,declined,none,ev_84byim
4758,2026-09-27T03:21:59.000Z,agent-23,harbor-db,hosting,13338,EUR,declined,none,ev_2thsn3
4759,2026-09-27T03:55:53.000Z,agent-21,cinderstack,domains,16929,EUR,approved,failed,ev_ddlewn
4760,2026-09-27T04:18:12.000Z,agent-12,cobblestone-dev,office,27679,EUR,approved,captured,ev_5e3oem
4761,2026-09-27T05:05:54.000Z,agent-39,quillpress,groceries,3805,EUR,approved,captured,ev_4vfx45
4762,2026-09-27T06:36:38.000Z,agent-27,juniper-ai,office,6720,EUR,approved,captured,ev_8y6wo2
4763,2026-09-27T06:43:51.000Z,agent-06,arkwright-domains,groceries,3041,EUR,approved,captured,ev_6bf4zu
4764,2026-09-27T07:16:45.000Z,agent-32,beacon-auth,advertising,5394,EUR,approved,refunded,ev_87qmjd
4765,2026-09-27T07:43:08.000Z,agent-22,harbor-db,cloud,8490,EUR,approved,captured,ev_4gvic1
4766,2026-09-27T08:20:04.000Z,agent-07,quillpress,domains,12542,EUR,approved,captured,ev_y7aij
4767,2026-09-27T08:29:21.000Z,agent-05,beacon-auth,travel,8164,EUR,approved,captured,ev_7ph232
4768,2026-09-27T08:32:31.000Z,agent-11,mineral-storage,groceries,9372,EUR,approved,captured,ev_8x5zk7
4769,2026-09-27T09:14:44.000Z,agent-06,kestrel-metrics,software,22639,EUR,approved,captured,ev_42yvfd
4770,2026-09-27T09:17:39.000Z,agent-12,lumen-post,domains,7060,EUR,approved,captured,ev_czt0xy
4771,2026-09-27T10:19:03.000Z,agent-13,granite-crm,groceries,13686,EUR,approved,captured,ev_fbox2l
4772,2026-09-27T11:39:21.000Z,agent-24,railsgate,travel,7273,EUR,approved,captured,ev_7xk9fp
4773,2026-09-27T12:05:55.000Z,agent-34,ferrite-tools,travel,9844,EUR,approved,captured,ev_bgbk17
4774,2026-09-27T12:56:47.000Z,agent-40,kestrel-metrics,hosting,14781,EUR,approved,captured,ev_g2l48y
4775,2026-09-27T13:07:52.000Z,agent-26,mineral-storage,advertising,21072,EUR,approved,captured,ev_2ufp1
4776,2026-09-27T13:10:51.000Z,agent-24,beacon-auth,domains,23747,EUR,approved,captured,ev_77e19u
4777,2026-09-27T15:20:09.000Z,agent-10,orchid-labs,cloud,6141,EUR,approved,captured,ev_777uno
4778,2026-09-27T15:20:47.000Z,agent-35,ferrodata,cloud,10495,EUR,approved,captured,ev_f4c3pa
4779,2026-09-27T15:32:47.000Z,agent-39,atlas-mail,office,7845,EUR,approved,captured,ev_ewmyu5
4780,2026-09-27T15:34:20.000Z,agent-32,beacon-auth,software,2701,EUR,approved,captured,ev_cuio3o
4781,2026-09-27T16:22:39.000Z,agent-30,kestrel-metrics,hosting,6068,EUR,declined,none,ev_1chpe0
4782,2026-09-27T16:29:21.000Z,agent-38,cobalt-cloud,hosting,10773,EUR,approved,captured,ev_4x1362
4783,2026-09-27T16:30:41.000Z,agent-35,granite-crm,office,6223,EUR,approved,captured,ev_aox00a
4784,2026-09-27T17:05:43.000Z,agent-36,cinderstack,advertising,5101,EUR,approved,captured,ev_ac7x0u
4785,2026-09-27T17:31:51.000Z,agent-25,bytehost,domains,13536,EUR,approved,refunded,ev_etfmio
4786,2026-09-27T18:43:33.000Z,agent-18,meridian-cdn,software,12032,EUR,approved,captured,ev_c9acti
4787,2026-09-27T19:03:55.000Z,agent-16,pierstone-pay,hosting,11180,EUR,approved,captured,ev_4sy2by
4788,2026-09-27T19:46:14.000Z,agent-29,cinderstack,groceries,5134,EUR,approved,captured,ev_4omnua
4789,2026-09-27T19:50:42.000Z,agent-06,cobalt-cloud,travel,9681,EUR,approved,captured,ev_8ygm4y
4790,2026-09-27T20:02:50.000Z,agent-32,quillpress,software,5762,EUR,approved,failed,ev_ccfqn1
4791,2026-09-27T20:08:39.000Z,agent-36,granite-crm,advertising,5032,EUR,approved,captured,ev_ari4tz
4792,2026-09-27T20:13:52.000Z,agent-33,ferrite-tools,software,6603,EUR,approved,captured,ev_5h5m3r
4793,2026-09-27T20:25:08.000Z,agent-19,quillpress,cloud,5455,EUR,approved,captured,ev_2ux06a
4794,2026-09-27T21:24:24.000Z,agent-27,kestrel-metrics,travel,10248,EUR,declined,none,ev_5puo5b
4795,2026-09-27T22:14:52.000Z,agent-38,atlas-mail,cloud,8794,EUR,approved,captured,ev_f6rebj
4796,2026-09-27T22:38:28.000Z,agent-39,northline-api,domains,2735,EUR,approved,captured,ev_15ntbc
4797,2026-09-27T23:17:20.000Z,agent-08,vellum-crm,groceries,6718,EUR,approved,captured,ev_znm8o
4798,2026-09-27T23:43:57.000Z,agent-34,meridian-cdn,groceries,8360,EUR,approved,captured,ev_c6c49j
4799,2026-09-28T00:17:35.000Z,agent-37,northline-api,groceries,12789,EUR,approved,captured,ev_1ji4sn
4800,2026-09-28T01:01:35.000Z,agent-06,kestrel-metrics,cloud,5960,EUR,approved,captured,ev_4r2ksw
4801,2026-09-28T02:18:33.000Z,agent-13,quillpress,groceries,4872,EUR,approved,captured,ev_duyoix
4802,2026-09-28T02:27:11.000Z,agent-16,summit-infra,hosting,19186,EUR,approved,captured,ev_eifjyj
4803,2026-09-28T03:05:13.000Z,agent-35,cinderstack,cloud,6391,EUR,approved,captured,ev_eaj6il
4804,2026-09-28T03:08:22.000Z,agent-33,mineral-storage,travel,6992,EUR,approved,captured,ev_3k1mxd
4805,2026-09-28T03:32:10.000Z,agent-10,juniper-ai,travel,11110,EUR,approved,captured,ev_ekpzuc
4806,2026-09-28T04:20:10.000Z,agent-16,cobblestone-dev,cloud,10858,EUR,approved,captured,ev_feesvw
4807,2026-09-28T04:32:49.000Z,agent-21,harbor-db,domains,8021,EUR,approved,captured,ev_a00ic8
4808,2026-09-28T04:45:45.000Z,agent-09,harbor-db,advertising,8355,EUR,approved,captured,ev_f98py8
4809,2026-09-28T04:57:22.000Z,agent-22,arkwright-domains,advertising,9144,EUR,approved,captured,ev_2yfo0k
4810,2026-09-28T05:02:20.000Z,agent-31,bytehost,cloud,7947,EUR,approved,captured,ev_4q3kme
4811,2026-09-28T05:11:38.000Z,agent-23,ferrodata,cloud,4461,EUR,approved,captured,ev_3i9nz3
4812,2026-09-28T05:48:44.000Z,agent-12,orchid-labs,travel,6984,EUR,approved,captured,ev_61udf1
4813,2026-09-28T08:12:49.000Z,agent-39,northline-api,software,5185,EUR,approved,captured,ev_5qfilq
4814,2026-09-28T08:29:05.000Z,agent-35,mineral-storage,software,7674,EUR,approved,captured,ev_4ibzxx
4815,2026-09-28T09:10:16.000Z,agent-07,vellum-crm,cloud,12678,EUR,approved,captured,ev_5ex4i9
4816,2026-09-28T09:44:33.000Z,agent-25,orchid-labs,software,19301,EUR,approved,failed,ev_e2f6p2
4817,2026-09-28T10:31:30.000Z,agent-32,beacon-auth,cloud,11201,EUR,approved,captured,ev_5a5nux
4818,2026-09-28T11:07:50.000Z,agent-21,ferrodata,office,9798,EUR,approved,captured,ev_8o636h
4819,2026-09-28T11:17:06.000Z,agent-18,atlas-mail,groceries,21731,EUR,approved,captured,ev_47tsgt
4820,2026-09-28T12:46:55.000Z,agent-05,atlas-mail,domains,5024,EUR,declined,none,ev_gfkm4s
4821,2026-09-28T14:27:35.000Z,agent-11,atlas-mail,office,7786,EUR,approved,captured,ev_7my7j9
4822,2026-09-28T14:38:56.000Z,agent-38,ferrite-tools,advertising,4506,EUR,approved,captured,ev_ei2gep
4823,2026-09-28T14:39:53.000Z,agent-18,arkwright-domains,software,3033,EUR,approved,captured,ev_f0765y
4824,2026-09-28T15:49:34.000Z,agent-40,beacon-auth,office,19748,EUR,approved,captured,ev_3bi046
4825,2026-09-28T15:51:15.000Z,agent-30,orchid-labs,software,5710,EUR,declined,none,ev_au05zz
4826,2026-09-28T15:56:26.000Z,agent-36,northline-api,cloud,22127,EUR,approved,captured,ev_anfdbg
4827,2026-09-28T16:10:46.000Z,agent-11,cobblestone-dev,travel,7294,EUR,declined,none,ev_gik867
4828,2026-09-28T16:16:24.000Z,agent-24,summit-infra,advertising,8553,EUR,approved,captured,ev_664t5y
4829,2026-09-28T18:06:19.000Z,agent-07,voltage-io,software,2872,EUR,approved,refunded,ev_8etfjq
4830,2026-09-28T18:34:23.000Z,agent-27,meridian-cdn,travel,6676,EUR,declined,none,ev_bjb8v4
4831,2026-09-28T18:45:28.000Z,agent-06,cinderstack,cloud,6160,EUR,approved,captured,ev_fxokvv
4832,2026-09-28T19:00:09.000Z,agent-26,bytehost,travel,8312,EUR,approved,captured,ev_dqokzm
4833,2026-09-28T19:23:18.000Z,agent-08,bytehost,hosting,19222,EUR,approved,captured,ev_djxhxz
4834,2026-09-28T19:29:14.000Z,agent-40,ferrodata,domains,13873,EUR,approved,captured,ev_52a1yr
4835,2026-09-28T20:16:35.000Z,agent-26,atlas-mail,groceries,3195,EUR,approved,captured,ev_av0qgz
4836,2026-09-28T22:35:14.000Z,agent-37,voltage-io,office,5302,EUR,approved,captured,ev_ezsggx
4837,2026-09-28T23:00:54.000Z,agent-11,granite-crm,software,3266,EUR,approved,captured,ev_d20atk
4838,2026-09-29T00:30:52.000Z,agent-12,pinecrest-apps,hosting,10571,EUR,approved,captured,ev_2tnd04
4839,2026-09-29T01:33:56.000Z,agent-36,kestrel-metrics,hosting,8211,EUR,approved,captured,ev_56rfi6
4840,2026-09-29T01:50:57.000Z,agent-22,vellum-crm,groceries,15958,EUR,approved,captured,ev_bvwkuk
4841,2026-09-29T02:37:28.000Z,agent-38,voltage-io,advertising,13856,EUR,approved,captured,ev_bjb6yw
4842,2026-09-29T03:30:15.000Z,agent-19,vellum-crm,groceries,1782,EUR,approved,captured,ev_eeq0fu
4843,2026-09-29T03:33:05.000Z,agent-30,northline-api,hosting,2796,EUR,approved,captured,ev_cgwo29
4844,2026-09-29T04:34:20.000Z,agent-32,pierstone-pay,groceries,5304,EUR,approved,captured,ev_352na
4845,2026-09-29T04:44:03.000Z,agent-23,quillpress,hosting,3096,EUR,approved,captured,ev_a02day
4846,2026-09-29T05:21:09.000Z,agent-39,pierstone-pay,cloud,4689,EUR,approved,captured,ev_epq8mc
4847,2026-09-29T05:26:52.000Z,agent-05,summit-infra,domains,6004,EUR,approved,captured,ev_4dz4sl
4848,2026-09-29T06:45:40.000Z,agent-13,harbor-db,cloud,14039,EUR,approved,captured,ev_4jcunf
4849,2026-09-29T07:00:59.000Z,agent-10,summit-infra,advertising,14504,EUR,approved,captured,ev_4emf8k
4850,2026-09-29T07:30:34.000Z,agent-33,cinderstack,hosting,4275,EUR,approved,captured,ev_2owhi3
4851,2026-09-29T07:47:16.000Z,agent-24,atlas-mail,software,14820,EUR,approved,captured,ev_8linkq
4852,2026-09-29T09:51:21.000Z,agent-09,arkwright-domains,domains,6453,EUR,approved,captured,ev_afuzgt
4853,2026-09-29T10:07:03.000Z,agent-21,ferrodata,cloud,8287,EUR,declined,none,ev_eodgiw
4854,2026-09-29T10:57:13.000Z,agent-30,lumen-post,groceries,24693,EUR,approved,captured,ev_15fjcl
4855,2026-09-29T11:09:52.000Z,agent-31,lumen-post,hosting,10619,EUR,approved,failed,ev_frgaef
4856,2026-09-29T12:12:16.000Z,agent-10,arkwright-domains,software,18012,EUR,approved,captured,ev_6ih4ks
4857,2026-09-29T12:17:40.000Z,agent-16,atlas-mail,advertising,16351,EUR,approved,captured,ev_ajhhii
4858,2026-09-29T12:56:38.000Z,agent-33,lumen-post,office,10357,EUR,approved,captured,ev_8sbkcb
4859,2026-09-29T14:35:31.000Z,agent-25,lumen-post,travel,4833,EUR,approved,captured,ev_5tlrfz
4860,2026-09-29T14:42:39.000Z,agent-40,voltage-io,groceries,8415,EUR,approved,captured,ev_el1wcp
4861,2026-09-29T15:12:28.000Z,agent-32,atlas-mail,travel,11183,EUR,approved,captured,ev_8f5ssl
4862,2026-09-29T15:19:53.000Z,agent-35,voltage-io,travel,3679,EUR,approved,captured,ev_g13bf1
4863,2026-09-29T15:36:23.000Z,agent-11,beacon-auth,cloud,17237,EUR,approved,captured,ev_93dad3
4864,2026-09-29T16:02:15.000Z,agent-37,arkwright-domains,domains,3435,EUR,approved,captured,ev_ecf071
4865,2026-09-29T16:21:50.000Z,agent-30,atlas-mail,office,18248,EUR,approved,captured,ev_9s4gry
4866,2026-09-29T18:02:58.000Z,agent-18,cobblestone-dev,software,21386,EUR,approved,captured,ev_ajpasy
4867,2026-09-29T18:25:30.000Z,agent-13,arkwright-domains,advertising,15893,EUR,approved,captured,ev_fae3tt
4868,2026-09-29T19:29:22.000Z,agent-10,lumen-post,groceries,12920,EUR,approved,captured,ev_e3fyea
4869,2026-09-29T20:33:04.000Z,agent-36,cobblestone-dev,hosting,2992,EUR,approved,captured,ev_eib120
4870,2026-09-29T20:52:11.000Z,agent-06,granite-crm,office,6572,EUR,approved,captured,ev_bs8g4t
4871,2026-09-29T21:19:07.000Z,agent-05,juniper-ai,hosting,17903,EUR,approved,captured,ev_77fqa
4872,2026-09-29T21:42:10.000Z,agent-24,ferrite-tools,travel,10362,EUR,approved,captured,ev_4wuc24
4873,2026-09-29T22:15:28.000Z,agent-19,pierstone-pay,cloud,5040,EUR,approved,captured,ev_c00pcc
4874,2026-09-29T23:36:59.000Z,agent-22,vellum-crm,advertising,14201,EUR,declined,none,ev_1nz1sn
4875,2026-09-30T01:42:58.000Z,agent-27,harbor-db,software,31048,EUR,approved,captured,ev_9n82op
4876,2026-09-30T01:51:16.000Z,agent-12,arkwright-domains,office,8135,EUR,approved,captured,ev_50gsn6
4877,2026-09-30T02:45:49.000Z,agent-16,beacon-auth,office,4250,EUR,approved,captured,ev_yk5mc
4878,2026-09-30T04:52:21.000Z,agent-21,cinderstack,domains,19544,EUR,approved,captured,ev_7jpn5w
4879,2026-09-30T06:17:42.000Z,agent-37,pinecrest-apps,software,11890,EUR,approved,captured,ev_3jkep6
4880,2026-09-30T08:10:47.000Z,agent-23,pinecrest-apps,groceries,13034,EUR,approved,captured,ev_7muaq3
4881,2026-09-30T10:16:18.000Z,agent-35,kestrel-metrics,cloud,5593,EUR,approved,captured,ev_5svnh6
4882,2026-09-30T11:21:42.000Z,agent-30,orchid-labs,software,6370,EUR,approved,captured,ev_6eemjs
4883,2026-09-30T11:54:22.000Z,agent-13,cobalt-cloud,travel,3486,EUR,approved,captured,ev_5dvljk
4884,2026-09-30T12:21:34.000Z,agent-30,lumen-post,cloud,22752,EUR,approved,captured,ev_aroijf
4885,2026-09-30T12:35:49.000Z,agent-18,vellum-crm,cloud,24182,EUR,approved,captured,ev_2znuc
4886,2026-09-30T13:38:37.000Z,agent-33,cinderstack,groceries,6865,EUR,approved,captured,ev_am4adw
4887,2026-09-30T14:56:09.000Z,agent-32,beacon-auth,hosting,5771,EUR,approved,captured,ev_6n2fzs
4888,2026-09-30T15:25:01.000Z,agent-24,voltage-io,domains,4819,EUR,approved,captured,ev_bq4f1v
4889,2026-09-30T16:05:42.000Z,agent-31,cinderstack,domains,11194,EUR,declined,none,ev_biz324
4890,2026-09-30T16:09:32.000Z,agent-13,cinderstack,software,10039,EUR,approved,captured,ev_dho715
4891,2026-09-30T16:17:33.000Z,agent-19,bytehost,hosting,9360,EUR,approved,captured,ev_abte6r
4892,2026-09-30T16:56:32.000Z,agent-27,pinecrest-apps,cloud,9217,EUR,approved,captured,ev_2382ut
4893,2026-09-30T17:25:15.000Z,agent-23,arkwright-domains,cloud,5759,EUR,approved,captured,ev_aya2t8
4894,2026-09-30T18:20:29.000Z,agent-27,summit-infra,travel,5447,EUR,approved,captured,ev_chkl64
4895,2026-09-30T19:10:32.000Z,agent-05,granite-crm,software,15061,EUR,approved,captured,ev_mqra2
4896,2026-09-30T22:35:57.000Z,agent-16,mineral-storage,travel,5530,EUR,approved,captured,ev_491sl8
4897,2026-09-30T22:48:15.000Z,agent-11,beacon-auth,hosting,19911,EUR,approved,captured,ev_8l7koq
4898,2026-10-01T01:26:26.000Z,agent-24,cinderstack,hosting,7714,EUR,approved,captured,ev_cu9yjq
4899,2026-10-01T02:41:28.000Z,agent-21,lumen-post,office,14415,EUR,approved,captured,ev_d4c5e7
4900,2026-10-01T02:49:16.000Z,agent-22,cobalt-cloud,software,10096,EUR,approved,captured,ev_jcvrf
4901,2026-10-01T02:56:42.000Z,agent-13,meridian-cdn,office,6058,EUR,approved,captured,ev_c1ggbc
4902,2026-10-01T03:12:11.000Z,agent-06,railsgate,domains,15351,EUR,approved,captured,ev_6e8nui
4903,2026-10-01T03:19:22.000Z,agent-18,granite-crm,hosting,9716,EUR,approved,captured,ev_fw70h8
4904,2026-10-01T04:02:19.000Z,agent-32,pierstone-pay,hosting,6186,EUR,approved,captured,ev_au3f4g
4905,2026-10-01T06:29:16.000Z,agent-37,railsgate,advertising,5747,EUR,approved,captured,ev_2yjsdh
4906,2026-10-01T07:29:42.000Z,agent-27,arkwright-domains,advertising,3907,EUR,approved,captured,ev_ctrfdv
4907,2026-10-01T08:38:45.000Z,agent-18,granite-crm,travel,10529,EUR,approved,captured,ev_7llmkg
4908,2026-10-01T08:55:39.000Z,agent-33,pinecrest-apps,cloud,4585,EUR,approved,captured,ev_e3y35h
4909,2026-10-01T10:07:21.000Z,agent-22,ferrodata,domains,5883,EUR,approved,captured,ev_1kqkhx
4910,2026-10-01T14:15:49.000Z,agent-13,railsgate,groceries,18891,EUR,approved,captured,ev_7uw7o2
4911,2026-10-01T15:19:08.000Z,agent-31,orchid-labs,groceries,14894,EUR,approved,captured,ev_g2lbxl
4912,2026-10-01T17:17:23.000Z,agent-23,pierstone-pay,travel,6019,EUR,approved,captured,ev_522kwr
4913,2026-10-01T17:49:49.000Z,agent-19,summit-infra,domains,4569,EUR,approved,captured,ev_fdjpdf
4914,2026-10-01T18:22:11.000Z,agent-21,beacon-auth,advertising,8105,EUR,approved,captured,ev_e1uk2p
4915,2026-10-01T18:35:41.000Z,agent-33,pinecrest-apps,travel,5939,EUR,approved,captured,ev_9mzdm4
4916,2026-10-01T18:41:56.000Z,agent-30,orchid-labs,advertising,19854,EUR,approved,failed,ev_boebi8
4917,2026-10-02T01:04:37.000Z,agent-23,meridian-cdn,cloud,10250,EUR,approved,captured,ev_61ow3f
4918,2026-10-02T01:34:28.000Z,agent-16,kestrel-metrics,groceries,5390,EUR,approved,captured,ev_ffo2t4
4919,2026-10-02T02:06:21.000Z,agent-24,granite-crm,groceries,6449,EUR,approved,captured,ev_t8m5k
4920,2026-10-02T02:20:26.000Z,agent-22,harbor-db,groceries,20894,EUR,approved,captured,ev_9yqfzf
4921,2026-10-02T04:19:31.000Z,agent-31,ferrite-tools,travel,7889,EUR,approved,captured,ev_fn55co
4922,2026-10-02T05:41:54.000Z,agent-19,kestrel-metrics,hosting,3311,EUR,approved,captured,ev_1tz8k9
4923,2026-10-02T06:39:13.000Z,agent-16,beacon-auth,hosting,8121,EUR,approved,captured,ev_32n12m
4924,2026-10-02T07:55:28.000Z,agent-16,pierstone-pay,groceries,3842,EUR,approved,captured,ev_byj8o8
4925,2026-10-02T09:09:20.000Z,agent-32,orchid-labs,office,13044,EUR,approved,captured,ev_2gi2oy
4926,2026-10-02T09:24:59.000Z,agent-23,kestrel-metrics,advertising,10188,EUR,approved,captured,ev_aekmvv
4927,2026-10-02T10:29:58.000Z,agent-06,pierstone-pay,travel,14504,EUR,approved,captured,ev_as7md4
4928,2026-10-02T11:07:16.000Z,agent-21,granite-crm,cloud,4764,EUR,approved,captured,ev_6xao0e
4929,2026-10-02T11:36:03.000Z,agent-27,juniper-ai,office,4594,EUR,declined,none,ev_9ohnjl
4930,2026-10-02T12:24:46.000Z,agent-37,cobblestone-dev,software,3380,EUR,approved,captured,ev_ghendp
4931,2026-10-02T12:32:16.000Z,agent-24,vellum-crm,hosting,13145,EUR,approved,captured,ev_4byax3
4932,2026-10-02T13:01:11.000Z,agent-18,ferrodata,travel,11589,EUR,approved,captured,ev_cljhtu
4933,2026-10-02T13:47:19.000Z,agent-13,cobalt-cloud,software,11602,EUR,approved,captured,ev_e8xfmh
4934,2026-10-02T16:22:56.000Z,agent-24,railsgate,travel,5957,EUR,approved,failed,ev_97tgm9
4935,2026-10-02T19:23:01.000Z,agent-30,arkwright-domains,groceries,14416,EUR,approved,captured,ev_1bnony
4936,2026-10-02T21:58:50.000Z,agent-18,harbor-db,hosting,11353,EUR,approved,captured,ev_2m15f9
4937,2026-10-02T22:14:08.000Z,agent-24,atlas-mail,hosting,7698,EUR,approved,captured,ev_6u4f4r
4938,2026-10-03T00:40:38.000Z,agent-30,northline-api,groceries,15462,EUR,approved,captured,ev_cdyw8v
4939,2026-10-03T01:30:34.000Z,agent-31,bytehost,domains,14457,EUR,approved,captured,ev_7wpowp
4940,2026-10-03T03:31:41.000Z,agent-13,atlas-mail,groceries,15413,EUR,approved,failed,ev_elos16
4941,2026-10-03T06:20:01.000Z,agent-27,cobalt-cloud,domains,10481,EUR,approved,captured,ev_6uyvv3
4942,2026-10-03T06:30:03.000Z,agent-13,cobblestone-dev,cloud,4702,EUR,approved,captured,ev_2g8ebp
4943,2026-10-03T06:42:49.000Z,agent-19,atlas-mail,travel,4971,EUR,approved,captured,ev_vq3wh
4944,2026-10-03T07:06:52.000Z,agent-30,quillpress,hosting,9666,EUR,declined,none,ev_fji23v
4945,2026-10-03T07:32:06.000Z,agent-37,beacon-auth,domains,7812,EUR,approved,captured,ev_32ueoi
4946,2026-10-03T08:49:50.000Z,agent-16,bytehost,hosting,8240,EUR,approved,captured,ev_atxj21
4947,2026-10-03T11:14:58.000Z,agent-23,railsgate,advertising,8014,EUR,approved,captured,ev_c58imm
4948,2026-10-03T11:42:14.000Z,agent-06,orchid-labs,software,7443,EUR,approved,refunded,ev_2rcrqh
4949,2026-10-03T13:53:50.000Z,agent-31,pinecrest-apps,travel,15025,EUR,approved,captured,ev_4a40ux
4950,2026-10-03T14:03:58.000Z,agent-06,cobalt-cloud,groceries,11607,EUR,approved,captured,ev_5bd2iv
4951,2026-10-03T16:02:00.000Z,agent-37,voltage-io,travel,5009,EUR,approved,captured,ev_80wkv6
4952,2026-10-03T21:14:04.000Z,agent-27,lumen-post,groceries,7599,EUR,approved,captured,ev_7uh7dz
4953,2026-10-03T22:05:07.000Z,agent-13,ferrite-tools,cloud,8917,EUR,approved,captured,ev_5txoyv
4954,2026-10-03T22:55:58.000Z,agent-19,pierstone-pay,hosting,4669,EUR,approved,captured,ev_1en0n8
4955,2026-10-04T01:13:19.000Z,agent-37,cobblestone-dev,groceries,5602,EUR,approved,captured,ev_6qo6m6
4956,2026-10-04T01:20:50.000Z,agent-18,railsgate,advertising,10837,EUR,approved,captured,ev_2l1eo8
4957,2026-10-04T01:43:28.000Z,agent-24,orchid-labs,travel,16505,EUR,approved,captured,ev_5npzs7
4958,2026-10-04T03:54:21.000Z,agent-37,vellum-crm,cloud,6598,EUR,approved,captured,ev_b11afc
4959,2026-10-04T05:16:07.000Z,agent-23,orchid-labs,cloud,9939,EUR,approved,captured,ev_5sy4yg
4960,2026-10-04T06:05:16.000Z,agent-30,cobblestone-dev,software,10155,EUR,approved,captured,ev_35urrw
4961,2026-10-04T06:07:27.000Z,agent-19,granite-crm,advertising,6025,EUR,approved,captured,ev_9ofj0k
4962,2026-10-04T10:24:14.000Z,agent-24,beacon-auth,domains,5140,EUR,approved,captured,ev_88ay55
4963,2026-10-04T12:51:22.000Z,agent-13,juniper-ai,software,6102,EUR,approved,captured,ev_1x9l4l
4964,2026-10-04T14:30:10.000Z,agent-23,mineral-storage,hosting,4236,EUR,approved,captured,ev_fzf1am
4965,2026-10-04T18:24:16.000Z,agent-27,mineral-storage,domains,20650,EUR,approved,captured,ev_crja2j
4966,2026-10-04T20:52:28.000Z,agent-24,atlas-mail,advertising,9665,EUR,approved,captured,ev_bh5a9w
4967,2026-10-04T22:15:39.000Z,agent-06,railsgate,domains,2410,EUR,approved,captured,ev_gdebhr
4968,2026-10-04T22:37:01.000Z,agent-13,pinecrest-apps,hosting,37814,EUR,approved,refunded,ev_9rg47u
4969,2026-10-05T03:17:28.000Z,agent-18,pinecrest-apps,cloud,3570,EUR,approved,refunded,ev_ay4fas
4970,2026-10-05T04:04:18.000Z,agent-24,cobblestone-dev,hosting,6446,EUR,approved,captured,ev_2v3wtz
4971,2026-10-05T05:31:17.000Z,agent-19,ferrodata,advertising,6209,EUR,approved,captured,ev_atsl1a
4972,2026-10-05T07:53:22.000Z,agent-30,lumen-post,software,5358,EUR,approved,captured,ev_giqz4e
4973,2026-10-05T08:34:06.000Z,agent-18,kestrel-metrics,advertising,8782,EUR,approved,captured,ev_9rej48
4974,2026-10-05T10:14:00.000Z,agent-37,northline-api,groceries,9562,EUR,approved,refunded,ev_hv0rx
4975,2026-10-05T10:59:56.000Z,agent-30,cobalt-cloud,travel,13854,EUR,approved,refunded,ev_4stq5n
4976,2026-10-05T11:14:28.000Z,agent-06,pierstone-pay,travel,13066,EUR,approved,captured,ev_ii8r6
4977,2026-10-05T13:46:26.000Z,agent-27,cinderstack,domains,5268,EUR,approved,captured,ev_ctce0h
4978,2026-10-05T16:02:10.000Z,agent-13,arkwright-domains,advertising,15609,EUR,approved,captured,ev_7d5ndk
4979,2026-10-05T18:49:51.000Z,agent-19,cinderstack,office,19185,EUR,approved,captured,ev_90a52d
4980,2026-10-05T21:06:10.000Z,agent-13,arkwright-domains,hosting,14209,EUR,approved,captured,ev_642l60
4981,2026-10-05T21:25:43.000Z,agent-18,cinderstack,travel,7640,EUR,approved,captured,ev_607m02
4982,2026-10-05T21:48:26.000Z,agent-23,granite-crm,travel,11511,EUR,approved,captured,ev_9vb95h
4983,2026-10-05T23:50:50.000Z,agent-24,summit-infra,advertising,8325,EUR,approved,captured,ev_9vcqow
4984,2026-10-06T00:02:46.000Z,agent-06,cobblestone-dev,travel,5642,EUR,approved,captured,ev_7bhdgy
4985,2026-10-06T08:16:09.000Z,agent-27,cinderstack,software,13195,EUR,approved,captured,ev_6yvdrh
4986,2026-10-06T11:45:29.000Z,agent-37,juniper-ai,travel,13110,EUR,approved,captured,ev_bwfj9s
4987,2026-10-06T13:23:21.000Z,agent-13,atlas-mail,groceries,17204,EUR,approved,captured,ev_b76zua
4988,2026-10-06T19:14:33.000Z,agent-24,northline-api,software,14222,EUR,approved,captured,ev_cxa9fu
4989,2026-10-06T20:10:18.000Z,agent-18,summit-infra,advertising,4366,EUR,approved,captured,ev_6lss7v
4990,2026-10-06T20:48:18.000Z,agent-19,quillpress,office,10262,EUR,approved,captured,ev_gcixib
4991,2026-10-06T20:58:18.000Z,agent-37,arkwright-domains,office,7938,EUR,approved,captured,ev_4ygh3k
4992,2026-10-07T01:27:17.000Z,agent-24,bytehost,advertising,16375,EUR,approved,captured,ev_dxemn6
4993,2026-10-07T02:41:45.000Z,agent-23,cobblestone-dev,advertising,8542,EUR,approved,captured,ev_fxv0kw
4994,2026-10-07T06:00:28.000Z,agent-06,railsgate,travel,7464,EUR,approved,captured,ev_caxlg0
4995,2026-10-07T18:36:06.000Z,agent-24,railsgate,hosting,11626,EUR,approved,captured,ev_15z6ft
4996,2026-10-07T18:56:40.000Z,agent-19,arkwright-domains,office,5826,EUR,approved,captured,ev_ci9w0q
4997,2026-10-07T21:41:43.000Z,agent-24,pierstone-pay,cloud,8579,EUR,approved,captured,ev_5mhslf
4998,2026-10-08T04:54:05.000Z,agent-23,ferrodata,hosting,5569,EUR,approved,captured,ev_g49ljs
4999,2026-10-09T01:14:58.000Z,agent-19,cobalt-cloud,hosting,5464,EUR,approved,captured,ev_5xkilv
5000,2026-10-09T16:50:28.000Z,agent-19,juniper-ai,hosting,3142,EUR,approved,captured,ev_aeyym3
